row_index,mode,audio_abs_mass,text_abs_mass,total_abs_mass,audio_share
0,IAF_SM2T,0.5224013067781925,0.47759861312806606,0.9999999199062586,0.522401348619271
0,ITF_SM2T,0.46588958986103535,0.5341104357503355,1.0000000256113708,0.4658895779289646
0,SM2T,1.000000002910383,0.0,1.000000002910383,1.0
0,T2T,0.0,0.999999975960236,0.999999975960236,0.0
1,IAF_SM2T,0.4351301151327789,0.5648699216544628,1.0000000367872417,0.43513009912554274
1,ITF_SM2T,0.20566221699118614,0.7943378239870071,1.0000000409781933,0.2056622085635204
1,SM2T,1.0000000391155481,0.0,1.0000000391155481,1.0
1,T2T,0.0,0.9999998828861862,0.9999998828861862,0.0
2,IAF_SM2T,0.5713705492671579,0.428629407659173,0.9999999569263309,0.5713705738781849
2,ITF_SM2T,0.13527645356953144,0.8647234928794205,0.999999946448952,0.13527646081372768
2,SM2T,1.0000000349245965,0.0,1.0000000349245965,1.0
2,T2T,0.0,0.9999999888241291,0.9999999888241291,0.0
3,IAF_SM2T,0.650706603191793,0.34929339215159416,0.9999999953433871,0.6507066062218817
3,ITF_SM2T,0.29295230098068714,0.7070476887747645,0.9999999897554517,0.2929523039818512
3,SM2T,0.9999999790452421,0.0,0.9999999790452421,1.0
3,T2T,0.0,1.0000000391155481,1.0000000391155481,0.0
4,IAF_SM2T,0.4749434031546116,0.5250566080212593,1.000000011175871,0.4749433978467055
4,ITF_SM2T,0.3483054486569017,0.65169458091259,1.0000000295694917,0.34830543835768696
4,SM2T,0.9999999618157744,0.0,0.9999999618157744,1.0
4,T2T,0.0,1.000000020954758,1.000000020954758,0.0
5,IAF_SM2T,0.42226290330290794,0.5777371171861887,1.0000000204890966,0.4222628946511227
5,ITF_SM2T,0.4125899877399206,0.5874099787324667,0.9999999664723873,0.4125900015730784
5,SM2T,0.999999990221113,0.0,0.999999990221113,1.0
5,T2T,0.0,0.9999999818392098,0.9999999818392098,0.0
6,IAF_SM2T,0.7005370631814003,0.299462903290987,0.9999999664723873,0.7005370866687364
6,ITF_SM2T,0.2658269442617893,0.7341730035841465,0.9999999478459358,0.2658269581257456
6,SM2T,1.0000000596046448,0.0,1.0000000596046448,1.0
6,T2T,0.0,0.9999999552965164,0.9999999552965164,0.0
7,IAF_SM2T,0.7142699146643281,0.28573005460202694,0.999999969266355,0.7142699366164468
7,ITF_SM2T,0.20306898560374975,0.7969310116022825,0.9999999972060323,0.20306898617111793
7,SM2T,1.0000000051222742,0.0,1.0000000051222742,1.0
7,T2T,0.0,0.9999999888241291,0.9999999888241291,0.0
8,IAF_SM2T,0.6645001452416182,0.33549991250038147,1.0000000577419996,0.6645001068720532
8,ITF_SM2T,0.20223699510097504,0.7977630067616701,1.0000000018626451,0.20223699472427928
8,SM2T,1.0000000139698386,0.0,1.0000000139698386,1.0
8,T2T,0.0,0.9999999273568392,0.9999999273568392,0.0
9,IAF_SM2T,0.8774804919958115,0.12251950055360794,0.9999999925494194,0.8774804985335506
9,ITF_SM2T,0.014454487711191177,0.9855454708449543,0.9999999585561454,0.014454488310240888
9,SM2T,0.9999999674037099,0.0,0.9999999674037099,1.0
9,T2T,0.0,1.0000000181607902,1.0000000181607902,0.0
10,IAF_SM2T,0.3460343200713396,0.6539656221866608,0.9999999422580004,0.34603434005205436
10,ITF_SM2T,0.3359093777835369,0.664090609177947,0.999999986961484,0.3359093821632968
10,SM2T,0.9999999906867743,0.0,0.9999999906867743,1.0
10,T2T,0.0,1.0000000335276127,1.0000000335276127,0.0
11,IAF_SM2T,0.6822771681472659,0.3177228504791856,1.0000000186264515,0.6822771554388636
11,ITF_SM2T,0.17054368183016777,0.8294564262032509,1.0000001080334187,0.17054366340575278
11,SM2T,1.0000000027939677,0.0,1.0000000027939677,1.0
11,T2T,0.0,1.0000000481959432,1.0000000481959432,0.0
12,IAF_SM2T,0.6038326201960444,0.3961674254387617,1.0000000456348062,0.6038325926402611
12,ITF_SM2T,0.306703120470047,0.6932969251647592,1.0000000456348062,0.3067031064737102
12,SM2T,1.0000000013969839,0.0,1.0000000013969839,1.0
12,T2T,0.0,1.000000011175871,1.000000011175871,0.0
13,IAF_SM2T,0.6978409215807915,0.3021590784192085,1.0,0.6978409215807915
13,ITF_SM2T,0.14402764290571213,0.8559723580256104,1.0000000009313226,0.14402764277157593
13,SM2T,0.9999999911524355,0.0,0.9999999911524355,1.0
13,T2T,0.0,0.9999999850988388,0.9999999850988388,0.0
14,IAF_SM2T,0.6171497940085828,0.38285023253411055,1.0000000265426934,0.6171497776277655
14,ITF_SM2T,0.25309711415320635,0.7469028159976006,0.9999999301508069,0.2530971318318368
14,SM2T,1.0000000230502337,0.0,1.0000000230502337,1.0
14,T2T,0.0,1.000000011496013,1.000000011496013,0.0
15,IAF_SM2T,0.2968883812427521,0.7031115824356675,0.9999999636784196,0.2968883920262077
15,ITF_SM2T,0.3909216485917568,0.6090783290565014,0.9999999776482582,0.39092165732953676
15,SM2T,0.9999999459832907,0.0,0.9999999459832907,1.0
15,T2T,0.0,0.9999999888241291,0.9999999888241291,0.0
16,IAF_SM2T,0.2610795018263161,0.7389205102808774,1.0000000121071935,0.2610794986653761
16,ITF_SM2T,0.5688487024744973,0.43115132860839367,1.000000031082891,0.5688486847930356
16,SM2T,1.0000000013969839,0.0,1.0000000013969839,1.0
16,T2T,0.0,0.9999999355059117,0.9999999355059117,0.0
17,IAF_SM2T,0.477616747841239,0.5223832195624709,0.9999999674037099,0.47761676340977355
17,ITF_SM2T,0.45666560158133507,0.5433344058692455,1.0000000074505806,0.4566655981789112
17,SM2T,1.0000000400468707,0.0,1.0000000400468707,1.0
17,T2T,0.0,1.0000000037252903,1.0000000037252903,0.0
18,IAF_SM2T,0.5463353414088488,0.4536646641790867,1.0000000055879354,0.5463353383559622
18,ITF_SM2T,0.4854459334164858,0.5145540311932564,0.9999999646097422,0.48544595059654316
18,SM2T,1.0000000040163286,0.0,1.0000000040163286,1.0
18,T2T,0.0,1.0000000223517418,1.0000000223517418,0.0
19,IAF_SM2T,0.5248473919928074,0.4751526117324829,1.0000000037252903,0.5248473900375985
19,ITF_SM2T,0.05807359702885151,0.9419263899326324,0.999999986961484,0.058073597786045046
19,SM2T,1.0000000139698386,0.0,1.0000000139698386,1.0
19,T2T,0.0,0.9999999906867743,0.9999999906867743,0.0
20,IAF_SM2T,0.7623655376955867,0.23763440921902657,0.9999999469146132,0.7623655781660582
20,ITF_SM2T,0.3152497187256813,0.6847503462340683,1.0000000649597496,0.31524969824713983
20,SM2T,1.0000000279396772,0.0,1.0000000279396772,1.0
20,T2T,0.0,0.9999999469146132,0.9999999469146132,0.0
21,IAF_SM2T,0.6220408910885453,0.37795907258987427,0.9999999636784196,0.6220409136820544
21,ITF_SM2T,0.07657490950077772,0.9234251007437706,1.0000000102445483,0.07657490871630238
21,SM2T,0.9999999850988388,0.0,0.9999999850988388,1.0
21,T2T,0.0,0.9999999781139195,0.9999999781139195,0.0
22,IAF_SM2T,0.5813761688768864,0.41862380877137184,0.9999999776482582,0.5813761818716566
22,ITF_SM2T,0.14745981059968472,0.8525401735678315,0.9999999841675162,0.14745981293433982
22,SM2T,1.0000000447034836,0.0,1.0000000447034836,1.0
22,T2T,0.0,1.000000027474016,1.000000027474016,0.0
23,IAF_SM2T,0.08365396782755852,0.9163460927084088,1.0000000605359674,0.08365396276348495
23,ITF_SM2T,0.5845109950751066,0.41548896208405495,0.9999999571591616,0.5845110201160488
23,SM2T,0.9999998833518475,0.0,0.9999998833518475,1.0
23,T2T,0.0,1.0000000167638063,1.0000000167638063,0.0
24,IAF_SM2T,0.5115581844002008,0.4884417951107025,0.9999999795109034,0.5115581948815662
24,ITF_SM2T,0.34071674291044474,0.6592832934111357,1.0000000363215804,0.3407167305350746
24,SM2T,1.000000026775524,0.0,1.000000026775524,1.0
24,T2T,0.0,0.9999999389983714,0.9999999389983714,0.0
25,IAF_SM2T,0.5536815819796175,0.4463184326887131,1.0000000146683306,0.5536815738580332
25,ITF_SM2T,0.1410560728982091,0.858943946659565,1.000000019557774,0.14105607013946633
25,SM2T,0.9999999674037099,0.0,0.9999999674037099,1.0
25,T2T,0.0,1.0000000223517418,1.0000000223517418,0.0
26,IAF_SM2T,0.46626083087176085,0.5337391830980778,1.0000000139698386,0.4662608243581724
26,ITF_SM2T,0.18410329590551555,0.8158966973423958,0.9999999932479113,0.18410329714859733
26,SM2T,1.0000000795116648,0.0,1.0000000795116648,1.0
26,T2T,0.0,0.9999999654246494,0.9999999654246494,0.0
27,IAF_SM2T,0.47473238594830036,0.5252676019445062,0.9999999878928065,0.47473239169597725
27,ITF_SM2T,0.3221011208370328,0.6778988614678383,0.9999999823048711,0.32210112653665374
27,SM2T,1.0000000557629392,0.0,1.0000000557629392,1.0
27,T2T,0.0,1.0000000247964635,1.0000000247964635,0.0
28,IAF_SM2T,0.420632753521204,0.5793673023581505,1.0000000558793545,0.4206327300165186
28,ITF_SM2T,0.32971546053886414,0.670284491032362,0.9999999515712261,0.3297154765065804
28,SM2T,1.0000000465661287,0.0,1.0000000465661287,1.0
28,T2T,0.0,0.999999949708581,0.999999949708581,0.0
29,IAF_SM2T,0.906337074469775,0.09366283938288689,0.9999999138526618,0.9063371525483082
29,ITF_SM2T,0.05168568529188633,0.9483143391553313,1.0000000244472176,0.051685684028315165
29,SM2T,1.0000000642612576,0.0,1.0000000642612576,1.0
29,T2T,0.0,0.9999999650754035,0.9999999650754035,0.0
30,IAF_SM2T,0.5642035268247128,0.43579645827412605,0.9999999850988388,0.5642035352320006
30,ITF_SM2T,0.21276158839464188,0.7872384393122047,1.0000000277068466,0.21276158249968935
30,SM2T,0.9999999850988388,0.0,0.9999999850988388,1.0
30,T2T,0.0,0.9999999953433871,0.9999999953433871,0.0
31,IAF_SM2T,0.21979132760316133,0.7802085867151618,0.9999999143183231,0.21979134643525247
31,ITF_SM2T,0.45176921784877777,0.5482307896018028,1.0000000074505806,0.4517692144828348
31,SM2T,0.9999999664723873,0.0,0.9999999664723873,1.0
31,T2T,0.0,0.9999999478459358,0.9999999478459358,0.0
32,IAF_SM2T,0.6337354505230905,0.3662645872682333,1.0000000377913238,0.6337354265733898
32,ITF_SM2T,0.24128001177450642,0.7587199825793505,0.9999999943538569,0.2412800131368079
32,SM2T,0.9999999850988388,0.0,0.9999999850988388,1.0
32,T2T,0.0,1.0000000055879354,1.0000000055879354,0.0
33,IAF_SM2T,0.23188689723610878,0.7681130953133106,0.9999999925494194,0.2318868989638008
33,ITF_SM2T,0.5309732407331467,0.469026792794466,1.0000000335276127,0.5309732229308821
33,SM2T,0.9999999646097422,0.0,0.9999999646097422,1.0
33,T2T,0.0,0.9999999143183231,0.9999999143183231,0.0
34,IAF_SM2T,0.518486874178052,0.48151318565942347,1.0000000598374754,0.5184868431531082
34,ITF_SM2T,0.44826594507321715,0.5517340786755085,1.0000000237487257,0.4482659344274725
34,SM2T,1.0000000279396772,0.0,1.0000000279396772,1.0
34,T2T,0.0,0.9999999795109034,0.9999999795109034,0.0
35,IAF_SM2T,0.5984496772289276,0.4015502631664276,0.9999999403953552,0.5984497128993101
35,ITF_SM2T,0.2170584872364998,0.7829415276646614,1.0000000149011612,0.21705848400207634
35,SM2T,0.9999999303981895,0.0,0.9999999303981895,1.0
35,T2T,0.0,1.0000000055879354,1.0000000055879354,0.0
36,IAF_SM2T,0.7757359966635704,0.22426395490765572,0.9999999515712261,0.7757360342315154
36,ITF_SM2T,0.01635506039019674,0.9836449467111379,1.0000000071013346,0.016355060274053985
36,SM2T,0.9999999542451405,0.0,0.9999999542451405,1.0
36,T2T,0.0,1.0000000479631126,1.0000000479631126,0.0
37,IAF_SM2T,0.5679882415533939,0.4320117365568876,0.9999999781102815,0.5679882539864969
37,ITF_SM2T,0.29798382241278887,0.7020161991240457,1.0000000215368345,0.2979838159951607
37,SM2T,1.000000019557774,0.0,1.000000019557774,1.0
37,T2T,0.0,1.000000016298145,1.000000016298145,0.0
38,IAF_SM2T,0.4312632866203785,0.5687367022037506,0.9999999888241291,0.4312632914401214
38,ITF_SM2T,0.3439589235931635,0.6560410484671593,0.9999999720603228,0.3439589332032651
38,SM2T,1.0000000102445483,0.0,1.0000000102445483,1.0
38,T2T,0.0,1.000000037252903,1.000000037252903,0.0
39,IAF_SM2T,0.17025111988186836,0.8297488652169704,0.9999999850988388,0.17025112241880777
39,ITF_SM2T,0.5067418664693832,0.49325806461274624,0.9999999310821295,0.5067419013929559
39,SM2T,0.9999999729916453,0.0,0.9999999729916453,1.0
39,T2T,0.0,0.9999999748542905,0.9999999748542905,0.0
40,IAF_SM2T,0.662166035734117,0.3378339856863022,1.0000000214204192,0.6621660215502433
40,ITF_SM2T,0.1192784272134304,0.880721602588892,1.0000000298023224,0.11927842365865637
40,SM2T,1.000000074505806,0.0,1.000000074505806,1.0
40,T2T,0.0,0.999999925494194,0.999999925494194,0.0
41,IAF_SM2T,0.8838544301688671,0.11614549206569791,0.999999922234565,0.8838544989021967
41,ITF_SM2T,0.21974096819758415,0.7802590616047382,1.0000000298023224,0.21974096164879317
41,SM2T,1.0000000083819032,0.0,1.0000000083819032,1.0
41,T2T,0.0,0.9999999646097422,0.9999999646097422,0.0
42,IAF_SM2T,0.20432156696915627,0.795678436756134,1.0000000037252903,0.20432156620799913
42,ITF_SM2T,0.190826203674078,0.8091738112270832,1.0000000149011612,0.19082620083054602
42,SM2T,1.0000000400468707,0.0,1.0000000400468707,1.0
42,T2T,0.0,1.0000000186264515,1.0000000186264515,0.0
43,IAF_SM2T,0.6882797316648066,0.3117202343419194,0.999999966006726,0.6882797550616889
43,ITF_SM2T,0.1931192595511675,0.8068807162344456,0.9999999757856131,0.19311926422743209
43,SM2T,1.000000063329935,0.0,1.000000063329935,1.0
43,T2T,0.0,0.9999999986030161,0.9999999986030161,0.0
44,IAF_SM2T,0.4775176923722029,0.5224823020398617,0.9999999944120646,0.4775176950405409
44,ITF_SM2T,0.3596393968909979,0.6403606198728085,1.0000000167638063,0.3596393908620728
44,SM2T,1.0000000670552254,0.0,1.0000000670552254,1.0
44,T2T,0.0,0.9999999832361937,0.9999999832361937,0.0
45,IAF_SM2T,0.3795189671218395,0.6204809440532699,0.9999999111751094,0.37951900083257323
45,ITF_SM2T,0.4169269669800997,0.5830730311572552,0.9999999981373549,0.4169269677566867
45,SM2T,1.0000000009313226,0.0,1.0000000009313226,1.0
45,T2T,0.0,1.0000000335276127,1.0000000335276127,0.0
46,IAF_SM2T,0.3890485716983676,0.6109514087438583,0.9999999804422259,0.3890485793072918
46,ITF_SM2T,0.46582552790641785,0.5341744627803564,0.9999999906867743,0.4658255322447562
46,SM2T,0.9999999990686774,0.0,0.9999999990686774,1.0
46,T2T,0.0,1.0000000093132257,1.0000000093132257,0.0
47,IAF_SM2T,0.4891411823919043,0.5108588263392448,1.0000000087311491,0.4891411781211397
47,ITF_SM2T,0.03824332356452942,0.9617567164823413,1.0000000400468707,0.03824332203300405
47,SM2T,0.9999999664723873,0.0,0.9999999664723873,1.0
47,T2T,0.0,1.0000000298023224,1.0000000298023224,0.0
48,IAF_SM2T,0.5686083771288395,0.43139163311570883,1.0000000102445483,0.5686083713037036
48,ITF_SM2T,0.29365542344748974,0.7063445802778006,1.0000000037252903,0.29365542235353803
48,SM2T,0.9999999846331775,0.0,0.9999999846331775,1.0
48,T2T,0.0,0.999999966006726,0.999999966006726,0.0
49,IAF_SM2T,0.6002155188471079,0.39978446066379547,0.9999999795109034,0.6002155311449819
49,ITF_SM2T,0.264747966080904,0.735252033919096,1.0,0.264747966080904
49,SM2T,1.0000000484287739,0.0,1.0000000484287739,1.0
49,T2T,0.0,1.0000000027939677,1.0000000027939677,0.0
50,IAF_SM2T,0.24430258106440306,0.7556973733007908,0.9999999543651938,0.2443025922131045
50,ITF_SM2T,0.5579872224479914,0.4420127447228879,0.9999999671708792,0.5579872407662219
50,SM2T,1.0000000218860805,0.0,1.0000000218860805,1.0
50,T2T,0.0,0.9999999748542905,0.9999999748542905,0.0
51,IAF_SM2T,0.0006409765919670463,0.999359043315053,1.00000001990702,0.0006409765792071126
51,ITF_SM2T,0.9091656133532524,0.0908343568444252,0.9999999701976776,0.9091656404484999
51,SM2T,0.999999962747097,0.0,0.999999962747097,1.0
51,T2T,0.0,1.0000000004656613,1.0000000004656613,0.0
52,IAF_SM2T,0.5091011673212051,0.49089886248111725,1.0000000298023224,0.5091011521488085
52,ITF_SM2T,0.09265651064924896,0.9073435049504042,1.0000000155996531,0.09265650920383955
52,SM2T,1.0000000416766852,0.0,1.0000000416766852,1.0
52,T2T,0.0,0.9999999213032424,0.9999999213032424,0.0
53,IAF_SM2T,0.4135482907295227,0.5864517204463482,1.000000011175871,0.41354828610776045
53,ITF_SM2T,0.2524668974801898,0.7475331202149391,1.000000017695129,0.2524668930127556
53,SM2T,0.9999999655410647,0.0,0.9999999655410647,1.0
53,T2T,0.0,1.0000000146683306,1.0000000146683306,0.0
54,IAF_SM2T,0.4808619040995836,0.51913807913661,0.9999999832361937,0.4808619121606596
54,ITF_SM2T,0.0834089620038867,0.9165910128504038,0.9999999748542905,0.08340896410126428
54,SM2T,1.0000000074505806,0.0,1.0000000074505806,1.0
54,T2T,0.0,1.0000000232830644,1.0000000232830644,0.0
55,IAF_SM2T,0.3802955448627472,0.6197044597938657,1.0000000046566129,0.3802955430918581
55,ITF_SM2T,0.5871252808719873,0.4128746759670321,0.9999999568390194,0.5871253062128913
55,SM2T,0.9999999767169356,0.0,0.9999999767169356,1.0
55,T2T,0.0,1.0000000243308023,1.0000000243308023,0.0
56,IAF_SM2T,0.2918073181062937,0.7081926390528679,0.9999999571591616,0.29180733060756436
56,ITF_SM2T,0.4639338403940201,0.5360661204904318,0.9999999608844519,0.46393385854104724
56,SM2T,1.0000000409781933,0.0,1.0000000409781933,1.0
56,T2T,0.0,0.9999999664723873,0.9999999664723873,0.0
57,IAF_SM2T,0.4851823429344222,0.514817695133388,1.0000000380678102,0.48518232446459353
57,ITF_SM2T,0.13249216135591269,0.8675077788066119,0.9999999401625246,0.1324921692839096
57,SM2T,0.9999999394640326,0.0,0.9999999394640326,1.0
57,T2T,0.0,0.9999999599531293,0.9999999599531293,0.0
58,IAF_SM2T,0.7183859450742602,0.28161412477493286,1.000000069849193,0.7183858948955851
58,ITF_SM2T,0.20043004071339965,0.7995699066668749,0.9999999473802745,0.20043005125997393
58,SM2T,1.000000003259629,0.0,1.000000003259629,1.0
58,T2T,0.0,0.9999999916180968,0.9999999916180968,0.0
59,IAF_SM2T,0.22930366173386574,0.7706963662058115,1.0000000279396772,0.22930365532719563
59,ITF_SM2T,0.8656763406470418,0.13432365283370018,0.999999993480742,0.8656763462906093
59,SM2T,1.0000000540167093,0.0,1.0000000540167093,1.0
59,T2T,0.0,1.0000000315485522,1.0000000315485522,0.0
60,IAF_SM2T,0.24992820993065834,0.7500717341899872,0.9999999441206455,0.24992822389648617
60,ITF_SM2T,0.13193310052156448,0.8680669516324997,1.0000000521540642,0.13193309364071745
60,SM2T,1.0000000223517418,0.0,1.0000000223517418,1.0
60,T2T,0.0,1.0000000102445483,1.0000000102445483,0.0
61,IAF_SM2T,0.5190344452857971,0.4809654951095581,0.9999999403953552,0.5190344762226627
61,ITF_SM2T,0.1674656830728054,0.8325343206524849,1.0000000037252903,0.16746568244894713
61,SM2T,0.9999999837018549,0.0,0.9999999837018549,1.0
61,T2T,0.0,1.0000000075087883,1.0000000075087883,0.0
62,IAF_SM2T,0.5096023557707667,0.4903976731002331,1.0000000288709998,0.5096023410580376
62,ITF_SM2T,0.39944292418658733,0.6005570362322032,0.9999999604187906,0.399442939997022
62,SM2T,0.9999999701976776,0.0,0.9999999701976776,1.0
62,T2T,0.0,1.0000000588479452,1.0000000588479452,0.0
63,IAF_SM2T,0.6173392552882433,0.3826607745140791,1.0000000298023224,0.6173392368901003
63,ITF_SM2T,0.25445171585306525,0.7455483619123697,1.000000077765435,0.25445169606551843
63,SM2T,1.0000000838190317,0.0,1.0000000838190317,1.0
63,T2T,0.0,0.9999999939464033,0.9999999939464033,0.0
64,IAF_SM2T,0.3752754181623459,0.624724586494267,1.0000000046566129,0.37527541641483353
64,ITF_SM2T,0.593790047802031,0.4062099866569042,1.0000000344589353,0.5937900273406589
64,SM2T,0.999999966705218,0.0,0.999999966705218,1.0
64,T2T,0.0,0.9999999534338713,0.9999999534338713,0.0
65,IAF_SM2T,0.3960286444053054,0.6039713397622108,0.9999999841675162,0.3960286506754226
65,ITF_SM2T,0.38514353707432747,0.6148564480245113,0.9999999850988388,0.3851435428134135
65,SM2T,0.9999999483115971,0.0,0.9999999483115971,1.0
65,T2T,0.0,1.00000006146729,1.00000006146729,0.0
66,IAF_SM2T,0.6016401974484324,0.3983597957412712,0.9999999931897037,0.6016402015457805
66,ITF_SM2T,0.32604843005537987,0.6739515094086528,0.9999999394640326,0.32604844979303815
66,SM2T,1.000000013038516,0.0,1.000000013038516,1.0
66,T2T,0.0,1.0000000186264515,1.0000000186264515,0.0
67,IAF_SM2T,0.8509121323004365,0.1490878900513053,1.0000000223517418,0.8509121132810686
67,ITF_SM2T,0.1571648921817541,0.8428351851180196,1.0000000772997737,0.15716488003294446
67,SM2T,0.9999999580904841,0.0,0.9999999580904841,1.0
67,T2T,0.0,1.0000000086147338,1.0000000086147338,0.0
68,IAF_SM2T,0.4191438127309084,0.580856179818511,0.9999999925494194,0.4191438158537732
68,ITF_SM2T,0.4228904629126191,0.5771095305681229,0.999999993480742,0.4228904656695512
68,SM2T,0.999999986961484,0.0,0.999999986961484,1.0
68,T2T,0.0,0.9999999697320163,0.9999999697320163,0.0
69,IAF_SM2T,0.11401313543319702,0.8859868384897709,0.9999999739229679,0.1140131384063213
69,ITF_SM2T,0.17542416998185217,0.8245757725089788,0.999999942490831,0.175424180070351
69,SM2T,0.9999999776482582,0.0,0.9999999776482582,1.0
69,T2T,0.0,0.9999999953433871,0.9999999953433871,0.0
70,IAF_SM2T,0.39126346353441477,0.608736515743658,0.9999999792780727,0.391263471642148
70,ITF_SM2T,0.1890371609479189,0.81096276268363,0.9999999236315489,0.18903717538439518
70,SM2T,0.9999999587889761,0.0,0.9999999587889761,1.0
70,T2T,0.0,0.9999999899882823,0.9999999899882823,0.0
71,IAF_SM2T,0.6061062728986144,0.3938937485218048,1.0000000214204192,0.6061062599155642
71,ITF_SM2T,0.22002562880516052,0.7799743488430977,0.9999999776482582,0.22002563372311668
71,SM2T,1.0000000316649675,0.0,1.0000000316649675,1.0
71,T2T,0.0,1.000000017695129,1.000000017695129,0.0
72,IAF_SM2T,0.14438156876713037,0.8556183818727732,0.9999999506399035,0.1443815758938189
72,ITF_SM2T,0.4504323157016188,0.5495676826685667,0.9999999983701855,0.4504323164357399
72,SM2T,1.0000000391155481,0.0,1.0000000391155481,1.0
72,T2T,0.0,1.000000029336661,1.000000029336661,0.0
73,IAF_SM2T,0.42720865458250046,0.5727913808077574,1.0000000353902578,0.42720863946347654
73,ITF_SM2T,0.28773655369877815,0.7122634318657219,0.9999999855645001,0.2877365578523992
73,SM2T,1.0000000093132257,0.0,1.0000000093132257,1.0
73,T2T,0.0,0.9999999469146132,0.9999999469146132,0.0
74,IAF_SM2T,0.5798539984971285,0.4201460098847747,1.0000000083819032,0.5798539936368484
74,ITF_SM2T,0.17322692042216659,0.8267731061205268,1.0000000265426934,0.17322691582425767
74,SM2T,1.0000000121071935,0.0,1.0000000121071935,1.0
74,T2T,0.0,0.9999999649007805,0.9999999649007805,0.0
75,IAF_SM2T,0.3980131815187633,0.6019868329167366,1.0000000144355,0.39801317577324413
75,ITF_SM2T,0.3045706944540143,0.6954292637528852,0.9999999582068995,0.30457070718296847
75,SM2T,0.9999999813735485,0.0,0.9999999813735485,1.0
75,T2T,0.0,0.9999999781139195,0.9999999781139195,0.0
76,IAF_SM2T,0.6674152947962284,0.3325846828520298,0.9999999776482582,0.6674153097141231
76,ITF_SM2T,0.1595271583646536,0.8404728937894106,1.0000000521540642,0.15952715004466436
76,SM2T,0.9999999795109034,0.0,0.9999999795109034,1.0
76,T2T,0.0,1.0000000051222742,1.0000000051222742,0.0
77,IAF_SM2T,0.6029905541799963,0.3970095030963421,1.0000000572763383,0.6029905196429073
77,ITF_SM2T,0.29926809668540955,0.7007318995893002,0.9999999962747097,0.2992680978002701
77,SM2T,1.0000000409781933,0.0,1.0000000409781933,1.0
77,T2T,0.0,0.9999999441788532,0.9999999441788532,0.0
78,IAF_SM2T,0.5578010166063905,0.44219894148409367,0.9999999580904841,0.557801039983562
78,ITF_SM2T,0.16329835774376988,0.8367016669362783,1.0000000246800482,0.16329835371355864
78,SM2T,1.000000058207661,0.0,1.000000058207661,1.0
78,T2T,0.0,0.9999999545980245,0.9999999545980245,0.0
79,IAF_SM2T,0.6036195605993271,0.39638046361505985,1.000000024214387,0.6036195459830498
79,ITF_SM2T,0.4174185786396265,0.5825813915580511,0.9999999701976776,0.41741859107966994
79,SM2T,0.999999969266355,0.0,0.999999969266355,1.0
79,T2T,0.0,1.0000000726431608,1.0000000726431608,0.0
80,IAF_SM2T,0.35221337899565697,0.6477866712957621,1.000000050291419,0.3522133612823472
80,ITF_SM2T,0.1947932429611683,0.8052067942917347,1.000000037252903,0.19479323570455478
80,SM2T,1.0000000977306627,0.0,1.0000000977306627,1.0
80,T2T,0.0,0.9999999534338713,0.9999999534338713,0.0
81,IAF_SM2T,0.49205118604004383,0.5079488242045045,1.0000000102445483,0.49205118099920175
81,ITF_SM2T,0.25803183554671705,0.7419682005420327,1.0000000360887498,0.258031826234671
81,SM2T,0.999999962747097,0.0,0.999999962747097,1.0
81,T2T,0.0,1.0000000270083547,1.0000000270083547,0.0
82,IAF_SM2T,0.3827199339866638,0.6172799877822399,0.9999999217689037,0.38271996392726615
82,ITF_SM2T,0.38892062846571207,0.6110793873667717,1.0000000158324838,0.3889206223081326
82,SM2T,0.9999999925494194,0.0,0.9999999925494194,1.0
82,T2T,0.0,1.000000020256266,1.000000020256266,0.0
83,IAF_SM2T,0.5225395634770393,0.47746046632528305,1.0000000298023224,0.5225395479041473
83,ITF_SM2T,0.07491923123598099,0.9250807426869869,0.9999999739229679,0.07491923318965224
83,SM2T,0.9999999925494194,0.0,0.9999999925494194,1.0
83,T2T,0.0,0.9999999767169356,0.9999999767169356,0.0
84,IAF_SM2T,0.3166465237736702,0.6833534985780716,1.0000000223517418,0.316646516696069
84,ITF_SM2T,0.10495289415121078,0.8950470089912415,0.9999999031424522,0.10495290431669173
84,SM2T,1.0,0.0,1.0,1.0
84,T2T,0.0,1.0000000037252903,1.0000000037252903,0.0
85,IAF_SM2T,0.6045311405323446,0.39546886303287465,1.0000000035652192,0.6045311383770585
85,ITF_SM2T,0.3336592372506857,0.6663407348096371,0.9999999720603228,0.3336592465730174
85,SM2T,1.0000000232830644,0.0,1.0000000232830644,1.0
85,T2T,0.0,1.0000000079162419,1.0000000079162419,0.0
86,IAF_SM2T,0.3913632221519947,0.6086367331445217,0.9999999552965164,0.39136323964729486
86,ITF_SM2T,0.43051212280988693,0.5694878995418549,1.0000000223517418,0.43051211318719135
86,SM2T,1.0000000237487257,0.0,1.0000000237487257,1.0
86,T2T,0.0,0.9999999515712261,0.9999999515712261,0.0
87,IAF_SM2T,0.4476614408195019,0.5523386057466269,1.0000000465661287,0.44766141997364256
87,ITF_SM2T,0.05517151008825749,0.9448284357786179,0.9999999458668754,0.055171513074863884
87,SM2T,0.9999999478459358,0.0,0.9999999478459358,1.0
87,T2T,0.0,1.0,1.0,0.0
88,IAF_SM2T,0.06436661200132221,0.9356333131436259,0.9999999251449481,0.06436661681948866
88,ITF_SM2T,0.4388357503339648,0.5611642375588417,0.9999999878928065,0.4388357556470342
88,SM2T,0.9999999618157744,0.0,0.9999999618157744,1.0
88,T2T,0.0,1.0000000782310963,1.0000000782310963,0.0
89,IAF_SM2T,0.1627849587239325,0.8372151246294379,1.0000000833533704,0.16278494515525868
89,ITF_SM2T,0.5625551119446754,0.4374448861926794,0.9999999981373549,0.562555112992516
89,SM2T,0.9999999748542905,0.0,0.9999999748542905,1.0
89,T2T,0.0,0.9999999701976776,0.9999999701976776,0.0
90,IAF_SM2T,0.7068789307959378,0.29312103579286486,0.9999999665888026,0.70687895441361
90,ITF_SM2T,0.28817424923181534,0.711825666949153,0.9999999161809683,0.2881742733863039
90,SM2T,1.0000000837026164,0.0,1.0000000837026164,1.0
90,T2T,0.0,1.0000000359723344,1.0000000359723344,0.0
91,IAF_SM2T,0.6705192811787128,0.3294806629419327,0.9999999441206455,0.6705193186468995
91,ITF_SM2T,0.06887136772274971,0.9311286425217986,1.0000000102445483,0.06887136701719367
91,SM2T,0.9999999704305083,0.0,0.9999999704305083,1.0
91,T2T,0.0,1.000000006519258,1.000000006519258,0.0
92,IAF_SM2T,0.6125375851988792,0.3874624988529831,1.0000000840518624,0.6125375337139588
92,ITF_SM2T,0.17615708895027637,0.8238428924232721,0.9999999813735485,0.1761570922314579
92,SM2T,1.0000000630971044,0.0,1.0000000630971044,1.0
92,T2T,0.0,0.9999999378342181,0.9999999378342181,0.0
93,IAF_SM2T,0.864657724276185,0.13534227572381496,1.0,0.864657724276185
93,ITF_SM2T,0.2005000151693821,0.7994999988004565,1.0000000139698386,0.2005000123684293
93,SM2T,1.0000000224099495,0.0,1.0000000224099495,1.0
93,T2T,0.0,1.0000000508734956,1.0000000508734956,0.0
94,IAF_SM2T,0.43643202632665634,0.5635680062696338,1.0000000325962901,0.43643201210059185
94,ITF_SM2T,0.44352931156754494,0.5564706437289715,0.9999999552965164,0.4435293313948511
94,SM2T,0.9999999962747097,0.0,0.9999999962747097,1.0
94,T2T,0.0,0.9999999467981979,0.9999999467981979,0.0
95,IAF_SM2T,0.8320481376722455,0.16795188246760517,1.0000000201398507,0.8320481209149206
95,ITF_SM2T,0.14080289378762245,0.8591971257701516,1.000000019557774,0.1408028910338313
95,SM2T,0.9999999506399035,0.0,0.9999999506399035,1.0
95,T2T,0.0,0.9999999906867743,0.9999999906867743,0.0
96,IAF_SM2T,0.29471034929156303,0.7052896348759532,0.9999999841675162,0.29471035395755996
96,ITF_SM2T,0.5984890377148986,0.4015109296888113,0.9999999674037099,0.5984890572234215
96,SM2T,0.9999999613501132,0.0,0.9999999613501132,1.0
96,T2T,0.0,1.0000000421423465,1.0000000421423465,0.0
97,IAF_SM2T,0.22629263903945684,0.773707315325737,0.9999999543651938,0.22629264936627802
97,ITF_SM2T,0.4297522511333227,0.5702477023005486,0.9999999534338713,0.4297522711452223
97,SM2T,0.9999999621650204,0.0,0.9999999621650204,1.0
97,T2T,0.0,1.0000000149011612,1.0000000149011612,0.0
98,IAF_SM2T,0.8336690734140575,0.16633100807666779,1.0000000814907253,0.8336690054777656
98,ITF_SM2T,0.09482539677992463,0.905174549901858,0.9999999466817826,0.09482540183584602
98,SM2T,1.000000006519258,0.0,1.000000006519258,1.0
98,T2T,0.0,0.9999999445863068,0.9999999445863068,0.0
99,IAF_SM2T,0.7898019608110189,0.2101980485022068,1.0000000093132257,0.789801953455415
99,ITF_SM2T,0.09960725903511047,0.9003927288576961,0.9999999878928065,0.09960726024107484
99,SM2T,1.0000000102445483,0.0,1.0000000102445483,1.0
99,T2T,0.0,1.0000000093132257,1.0000000093132257,0.0
