row_index,mode,top_sentence_id,sent_abs_mass,total_abs_mass,top_sentence_share
0,IAF_SM2T,0,0.5788999460637569,0.9999999199062586,0.5788999924300232
0,ITF_SM2T,0,1.0000000256113708,1.0000000256113708,1.0
0,SM2T,0,1.000000002910383,1.000000002910383,1.0
0,T2T,0,0.999999975960236,0.999999975960236,1.0
1,IAF_SM2T,0,1.0000000367872417,1.0000000367872417,1.0
1,ITF_SM2T,0,1.0000000409781933,1.0000000409781933,1.0
1,SM2T,0,1.0000000391155481,1.0000000391155481,1.0
1,T2T,0,0.9999998828861862,0.9999998828861862,1.0
2,IAF_SM2T,0,0.9999999569263309,0.9999999569263309,1.0
2,ITF_SM2T,0,0.999999946448952,0.999999946448952,1.0
2,SM2T,0,1.0000000349245965,1.0000000349245965,1.0
2,T2T,0,0.9999999888241291,0.9999999888241291,1.0
3,IAF_SM2T,0,0.9999999953433871,0.9999999953433871,1.0
3,ITF_SM2T,0,0.9999999897554517,0.9999999897554517,1.0
3,SM2T,0,0.9999999790452421,0.9999999790452421,1.0
3,T2T,0,1.0000000391155481,1.0000000391155481,1.0
4,IAF_SM2T,0,1.000000011175871,1.000000011175871,1.0
4,ITF_SM2T,0,1.0000000295694917,1.0000000295694917,1.0
4,SM2T,0,0.9999999618157744,0.9999999618157744,1.0
4,T2T,0,1.000000020954758,1.000000020954758,1.0
5,IAF_SM2T,0,1.0000000204890966,1.0000000204890966,1.0
5,ITF_SM2T,0,0.9999999664723873,0.9999999664723873,1.0
5,SM2T,0,0.999999990221113,0.999999990221113,1.0
5,T2T,0,0.9999999818392098,0.9999999818392098,1.0
6,IAF_SM2T,0,0.9999999664723873,0.9999999664723873,1.0
6,ITF_SM2T,0,0.9999999478459358,0.9999999478459358,1.0
6,SM2T,0,1.0000000596046448,1.0000000596046448,1.0
6,T2T,0,0.9999999552965164,0.9999999552965164,1.0
7,IAF_SM2T,0,0.999999969266355,0.999999969266355,1.0
7,ITF_SM2T,0,0.9999999972060323,0.9999999972060323,1.0
7,SM2T,0,1.0000000051222742,1.0000000051222742,1.0
7,T2T,0,0.9999999888241291,0.9999999888241291,1.0
8,IAF_SM2T,0,1.0000000577419996,1.0000000577419996,1.0
8,ITF_SM2T,0,1.0000000018626451,1.0000000018626451,1.0
8,SM2T,0,1.0000000139698386,1.0000000139698386,1.0
8,T2T,0,0.9999999273568392,0.9999999273568392,1.0
9,IAF_SM2T,0,0.8774804919958115,0.9999999925494194,0.8774804985335506
9,ITF_SM2T,0,0.9999999585561454,0.9999999585561454,1.0
9,SM2T,0,0.9999999674037099,0.9999999674037099,1.0
9,T2T,0,1.0000000181607902,1.0000000181607902,1.0
10,IAF_SM2T,0,0.9999999422580004,0.9999999422580004,1.0
10,ITF_SM2T,0,0.999999986961484,0.999999986961484,1.0
10,SM2T,0,0.9999999906867743,0.9999999906867743,1.0
10,T2T,0,1.0000000335276127,1.0000000335276127,1.0
11,IAF_SM2T,0,1.0000000186264515,1.0000000186264515,1.0
11,ITF_SM2T,0,1.0000001080334187,1.0000001080334187,1.0
11,SM2T,0,1.0000000027939677,1.0000000027939677,1.0
11,T2T,0,1.0000000481959432,1.0000000481959432,1.0
12,IAF_SM2T,0,1.0000000456348062,1.0000000456348062,1.0
12,ITF_SM2T,0,1.0000000456348062,1.0000000456348062,1.0
12,SM2T,0,1.0000000013969839,1.0000000013969839,1.0
12,T2T,0,1.000000011175871,1.000000011175871,1.0
13,IAF_SM2T,0,1.0,1.0,1.0
13,ITF_SM2T,0,1.0000000009313226,1.0000000009313226,1.0
13,SM2T,0,0.9999999911524355,0.9999999911524355,1.0
13,T2T,0,0.9999999850988388,0.9999999850988388,1.0
14,IAF_SM2T,0,0.6171497940085828,1.0000000265426934,0.6171497776277655
14,ITF_SM2T,0,0.9999999301508069,0.9999999301508069,1.0
14,SM2T,0,1.0000000230502337,1.0000000230502337,1.0
14,T2T,0,1.000000011496013,1.000000011496013,1.0
15,IAF_SM2T,0,0.9999999636784196,0.9999999636784196,1.0
15,ITF_SM2T,0,0.9999999776482582,0.9999999776482582,1.0
15,SM2T,0,0.9999999459832907,0.9999999459832907,1.0
15,T2T,0,0.9999999888241291,0.9999999888241291,1.0
16,IAF_SM2T,2,0.45859348960220814,1.0000000121071935,0.4585934840499281
16,ITF_SM2T,0,1.000000031082891,1.000000031082891,1.0
16,SM2T,0,1.0000000013969839,1.0000000013969839,1.0
16,T2T,0,0.9999999355059117,0.9999999355059117,1.0
17,IAF_SM2T,1,0.5223832195624709,0.9999999674037099,0.5223832365902265
17,ITF_SM2T,0,0.5433344058692455,1.0000000074505806,0.5433344018210888
17,SM2T,0,1.0000000400468707,1.0000000400468707,1.0
17,T2T,0,0.5549615183845162,1.0000000037252903,0.5549615163171235
18,IAF_SM2T,0,0.5463353414088488,1.0000000055879354,0.5463353383559622
18,ITF_SM2T,0,0.9999999646097422,0.9999999646097422,1.0
18,SM2T,0,1.0000000040163286,1.0000000040163286,1.0
18,T2T,0,0.5619049854576588,1.0000000223517418,0.5619049728981039
19,IAF_SM2T,0,1.0000000037252903,1.0000000037252903,1.0
19,ITF_SM2T,0,0.999999986961484,0.999999986961484,1.0
19,SM2T,0,1.0000000139698386,1.0000000139698386,1.0
19,T2T,0,0.9999999906867743,0.9999999906867743,1.0
20,IAF_SM2T,0,0.9999999469146132,0.9999999469146132,1.0
20,ITF_SM2T,0,1.0000000649597496,1.0000000649597496,1.0
20,SM2T,0,1.0000000279396772,1.0000000279396772,1.0
20,T2T,0,0.9999999469146132,0.9999999469146132,1.0
21,IAF_SM2T,0,0.6220408910885453,0.9999999636784196,0.6220409136820544
21,ITF_SM2T,0,1.0000000102445483,1.0000000102445483,1.0
21,SM2T,0,0.9999999850988388,0.9999999850988388,1.0
21,T2T,0,0.9999999781139195,0.9999999781139195,1.0
22,IAF_SM2T,0,0.9999999776482582,0.9999999776482582,1.0
22,ITF_SM2T,0,0.9999999841675162,0.9999999841675162,1.0
22,SM2T,0,1.0000000447034836,1.0000000447034836,1.0
22,T2T,0,1.000000027474016,1.000000027474016,1.0
23,IAF_SM2T,1,0.9163460927084088,1.0000000605359674,0.9163460372365151
23,ITF_SM2T,0,0.9999999571591616,0.9999999571591616,1.0
23,SM2T,0,0.9999998833518475,0.9999998833518475,1.0
23,T2T,0,1.0000000167638063,1.0000000167638063,1.0
24,IAF_SM2T,0,0.9999999795109034,0.9999999795109034,1.0
24,ITF_SM2T,0,1.0000000363215804,1.0000000363215804,1.0
24,SM2T,0,1.000000026775524,1.000000026775524,1.0
24,T2T,0,0.9999999389983714,0.9999999389983714,1.0
25,IAF_SM2T,0,0.5536815819796175,1.0000000146683306,0.5536815738580332
25,ITF_SM2T,0,1.000000019557774,1.000000019557774,1.0
25,SM2T,0,0.9999999674037099,0.9999999674037099,1.0
25,T2T,0,0.8419786430895329,1.0000000223517418,0.841978624269844
26,IAF_SM2T,0,1.0000000139698386,1.0000000139698386,1.0
26,ITF_SM2T,0,0.8571940837427974,0.9999999932479113,0.8571940895306479
26,SM2T,0,1.0000000795116648,1.0000000795116648,1.0
26,T2T,0,0.9999999654246494,0.9999999654246494,1.0
27,IAF_SM2T,1,0.5252676019445062,0.9999999878928065,0.5252676083040227
27,ITF_SM2T,0,0.9999999823048711,0.9999999823048711,1.0
27,SM2T,0,1.0000000557629392,1.0000000557629392,1.0
27,T2T,0,1.0000000247964635,1.0000000247964635,1.0
28,IAF_SM2T,2,0.5793673023581505,1.0000000558793545,0.5793672699834814
28,ITF_SM2T,0,0.9999999515712261,0.9999999515712261,1.0
28,SM2T,0,1.0000000465661287,1.0000000465661287,1.0
28,T2T,0,0.999999949708581,0.999999949708581,1.0
29,IAF_SM2T,0,0.9999999138526618,0.9999999138526618,1.0
29,ITF_SM2T,0,1.0000000244472176,1.0000000244472176,1.0
29,SM2T,0,1.0000000642612576,1.0000000642612576,1.0
29,T2T,0,0.9999999650754035,0.9999999650754035,1.0
30,IAF_SM2T,0,0.8185205906629562,0.9999999850988388,0.8185206028598637
30,ITF_SM2T,0,1.0000000277068466,1.0000000277068466,1.0
30,SM2T,0,0.9999999850988388,0.9999999850988388,1.0
30,T2T,0,0.9999999953433871,0.9999999953433871,1.0
31,IAF_SM2T,1,0.6136217219755054,0.9999999143183231,0.6136217745516479
31,ITF_SM2T,0,1.0000000074505806,1.0000000074505806,1.0
31,SM2T,0,0.9999999664723873,0.9999999664723873,1.0
31,T2T,0,0.9999999478459358,0.9999999478459358,1.0
32,IAF_SM2T,0,1.0000000377913238,1.0000000377913238,1.0
32,ITF_SM2T,0,0.9999999943538569,0.9999999943538569,1.0
32,SM2T,0,0.9999999850988388,0.9999999850988388,1.0
32,T2T,0,1.0000000055879354,1.0000000055879354,1.0
33,IAF_SM2T,0,0.9999999925494194,0.9999999925494194,1.0
33,ITF_SM2T,0,1.0000000335276127,1.0000000335276127,1.0
33,SM2T,0,0.9999999646097422,0.9999999646097422,1.0
33,T2T,0,0.9999999143183231,0.9999999143183231,1.0
34,IAF_SM2T,0,1.0000000598374754,1.0000000598374754,1.0
34,ITF_SM2T,0,1.0000000237487257,1.0000000237487257,1.0
34,SM2T,0,1.0000000279396772,1.0000000279396772,1.0
34,T2T,0,0.9999999795109034,0.9999999795109034,1.0
35,IAF_SM2T,0,0.5984496772289276,0.9999999403953552,0.5984497128993101
35,ITF_SM2T,0,0.8444635048508644,1.0000000149011612,0.8444634922673778
35,SM2T,0,0.9999999303981895,0.9999999303981895,1.0
35,T2T,0,1.0000000055879354,1.0000000055879354,1.0
36,IAF_SM2T,0,0.9999999515712261,0.9999999515712261,1.0
36,ITF_SM2T,0,1.0000000071013346,1.0000000071013346,1.0
36,SM2T,0,0.9999999542451405,0.9999999542451405,1.0
36,T2T,0,1.0000000479631126,1.0000000479631126,1.0
37,IAF_SM2T,0,0.9999999781102815,0.9999999781102815,1.0
37,ITF_SM2T,0,1.0000000215368345,1.0000000215368345,1.0
37,SM2T,0,1.000000019557774,1.000000019557774,1.0
37,T2T,0,1.000000016298145,1.000000016298145,1.0
38,IAF_SM2T,1,0.5687367022037506,0.9999999888241291,0.5687367085598787
38,ITF_SM2T,0,0.9999999720603228,0.9999999720603228,1.0
38,SM2T,0,1.0000000102445483,1.0000000102445483,1.0
38,T2T,0,1.000000037252903,1.000000037252903,1.0
39,IAF_SM2T,1,0.7290193550288677,0.9999999850988388,0.7290193658921028
39,ITF_SM2T,0,0.9999999310821295,0.9999999310821295,1.0
39,SM2T,0,0.9999999729916453,0.9999999729916453,1.0
39,T2T,1,0.8291280120611191,0.9999999748542905,0.8291280329101317
40,IAF_SM2T,0,0.662166035734117,1.0000000214204192,0.6621660215502433
40,ITF_SM2T,0,1.0000000298023224,1.0000000298023224,1.0
40,SM2T,0,1.000000074505806,1.000000074505806,1.0
40,T2T,0,0.999999925494194,0.999999925494194,1.0
41,IAF_SM2T,0,0.999999922234565,0.999999922234565,1.0
41,ITF_SM2T,0,1.0000000298023224,1.0000000298023224,1.0
41,SM2T,0,1.0000000083819032,1.0000000083819032,1.0
41,T2T,0,0.9999999646097422,0.9999999646097422,1.0
42,IAF_SM2T,1,0.795678436756134,1.0000000037252903,0.7956784337920009
42,ITF_SM2T,0,1.0000000149011612,1.0000000149011612,1.0
42,SM2T,0,1.0000000400468707,1.0000000400468707,1.0
42,T2T,0,1.0000000186264515,1.0000000186264515,1.0
43,IAF_SM2T,0,0.999999966006726,0.999999966006726,1.0
43,ITF_SM2T,0,0.9999999757856131,0.9999999757856131,1.0
43,SM2T,0,1.000000063329935,1.000000063329935,1.0
43,T2T,0,0.9999999986030161,0.9999999986030161,1.0
44,IAF_SM2T,1,0.5224823020398617,0.9999999944120646,0.522482304959459
44,ITF_SM2T,0,1.0000000167638063,1.0000000167638063,1.0
44,SM2T,0,1.0000000670552254,1.0000000670552254,1.0
44,T2T,0,0.9999999832361937,0.9999999832361937,1.0
45,IAF_SM2T,0,0.9999999111751094,0.9999999111751094,1.0
45,ITF_SM2T,0,0.9999999981373549,0.9999999981373549,1.0
45,SM2T,0,1.0000000009313226,1.0000000009313226,1.0
45,T2T,0,1.0000000335276127,1.0000000335276127,1.0
46,IAF_SM2T,0,0.9999999804422259,0.9999999804422259,1.0
46,ITF_SM2T,0,0.9999999906867743,0.9999999906867743,1.0
46,SM2T,0,0.9999999990686774,0.9999999990686774,1.0
46,T2T,0,1.0000000093132257,1.0000000093132257,1.0
47,IAF_SM2T,0,1.0000000087311491,1.0000000087311491,1.0
47,ITF_SM2T,0,1.0000000400468707,1.0000000400468707,1.0
47,SM2T,0,0.9999999664723873,0.9999999664723873,1.0
47,T2T,0,1.0000000298023224,1.0000000298023224,1.0
48,IAF_SM2T,0,1.0000000102445483,1.0000000102445483,1.0
48,ITF_SM2T,0,1.0000000037252903,1.0000000037252903,1.0
48,SM2T,0,0.9999999846331775,0.9999999846331775,1.0
48,T2T,0,0.999999966006726,0.999999966006726,1.0
49,IAF_SM2T,0,0.9999999795109034,0.9999999795109034,1.0
49,ITF_SM2T,0,1.0,1.0,1.0
49,SM2T,0,1.0000000484287739,1.0000000484287739,1.0
49,T2T,0,1.0000000027939677,1.0000000027939677,1.0
50,IAF_SM2T,0,0.9999999543651938,0.9999999543651938,1.0
50,ITF_SM2T,0,0.9999999671708792,0.9999999671708792,1.0
50,SM2T,0,1.0000000218860805,1.0000000218860805,1.0
50,T2T,0,0.9999999748542905,0.9999999748542905,1.0
51,IAF_SM2T,0,1.00000001990702,1.00000001990702,1.0
51,ITF_SM2T,0,0.9999999701976776,0.9999999701976776,1.0
51,SM2T,0,0.999999962747097,0.999999962747097,1.0
51,T2T,0,1.0000000004656613,1.0000000004656613,1.0
52,IAF_SM2T,0,1.0000000298023224,1.0000000298023224,1.0
52,ITF_SM2T,0,1.0000000155996531,1.0000000155996531,1.0
52,SM2T,0,1.0000000416766852,1.0000000416766852,1.0
52,T2T,0,0.9999999213032424,0.9999999213032424,1.0
53,IAF_SM2T,0,1.000000011175871,1.000000011175871,1.0
53,ITF_SM2T,0,1.000000017695129,1.000000017695129,1.0
53,SM2T,0,0.9999999655410647,0.9999999655410647,1.0
53,T2T,0,1.0000000146683306,1.0000000146683306,1.0
54,IAF_SM2T,1,0.51913807913661,0.9999999832361937,0.5191380878393405
54,ITF_SM2T,0,0.9999999748542905,0.9999999748542905,1.0
54,SM2T,0,1.0000000074505806,1.0000000074505806,1.0
54,T2T,0,1.0000000232830644,1.0000000232830644,1.0
55,IAF_SM2T,0,1.0000000046566129,1.0000000046566129,1.0
55,ITF_SM2T,0,0.9999999568390194,0.9999999568390194,1.0
55,SM2T,0,0.9999999767169356,0.9999999767169356,1.0
55,T2T,0,1.0000000243308023,1.0000000243308023,1.0
56,IAF_SM2T,1,0.7081926390528679,0.9999999571591616,0.7081926693924356
56,ITF_SM2T,0,0.9999999608844519,0.9999999608844519,1.0
56,SM2T,0,1.0000000409781933,1.0000000409781933,1.0
56,T2T,0,0.9999999664723873,0.9999999664723873,1.0
57,IAF_SM2T,0,1.0000000380678102,1.0000000380678102,1.0
57,ITF_SM2T,0,0.9999999401625246,0.9999999401625246,1.0
57,SM2T,0,0.9999999394640326,0.9999999394640326,1.0
57,T2T,0,0.9999999599531293,0.9999999599531293,1.0
58,IAF_SM2T,0,1.000000069849193,1.000000069849193,1.0
58,ITF_SM2T,0,0.9294335749000311,0.9999999473802745,0.9294336238065732
58,SM2T,0,1.000000003259629,1.000000003259629,1.0
58,T2T,0,0.9999999916180968,0.9999999916180968,1.0
59,IAF_SM2T,0,1.0000000279396772,1.0000000279396772,1.0
59,ITF_SM2T,0,0.999999993480742,0.999999993480742,1.0
59,SM2T,0,1.0000000540167093,1.0000000540167093,1.0
59,T2T,0,1.0000000315485522,1.0000000315485522,1.0
60,IAF_SM2T,1,0.6267401352524757,0.9999999441206455,0.6267401702743118
60,ITF_SM2T,0,1.0000000521540642,1.0000000521540642,1.0
60,SM2T,0,1.0000000223517418,1.0000000223517418,1.0
60,T2T,0,1.0000000102445483,1.0000000102445483,1.0
61,IAF_SM2T,0,0.9999999403953552,0.9999999403953552,1.0
61,ITF_SM2T,0,1.0000000037252903,1.0000000037252903,1.0
61,SM2T,0,0.9999999837018549,0.9999999837018549,1.0
61,T2T,0,1.0000000075087883,1.0000000075087883,1.0
62,IAF_SM2T,0,1.0000000288709998,1.0000000288709998,1.0
62,ITF_SM2T,0,0.9999999604187906,0.9999999604187906,1.0
62,SM2T,0,0.9999999701976776,0.9999999701976776,1.0
62,T2T,0,1.0000000588479452,1.0000000588479452,1.0
63,IAF_SM2T,0,1.0000000298023224,1.0000000298023224,1.0
63,ITF_SM2T,0,1.000000077765435,1.000000077765435,1.0
63,SM2T,0,1.0000000838190317,1.0000000838190317,1.0
63,T2T,0,0.9999999939464033,0.9999999939464033,1.0
64,IAF_SM2T,0,1.0000000046566129,1.0000000046566129,1.0
64,ITF_SM2T,0,1.0000000344589353,1.0000000344589353,1.0
64,SM2T,0,0.999999966705218,0.999999966705218,1.0
64,T2T,0,0.9999999534338713,0.9999999534338713,1.0
65,IAF_SM2T,0,0.9999999841675162,0.9999999841675162,1.0
65,ITF_SM2T,0,0.9999999850988388,0.9999999850988388,1.0
65,SM2T,0,0.9999999483115971,0.9999999483115971,1.0
65,T2T,0,1.00000006146729,1.00000006146729,1.0
66,IAF_SM2T,0,0.9999999931897037,0.9999999931897037,1.0
66,ITF_SM2T,0,0.9999999394640326,0.9999999394640326,1.0
66,SM2T,0,1.000000013038516,1.000000013038516,1.0
66,T2T,0,1.0000000186264515,1.0000000186264515,1.0
67,IAF_SM2T,0,1.0000000223517418,1.0000000223517418,1.0
67,ITF_SM2T,0,0.6940476167947054,1.0000000772997737,0.6940475631449858
67,SM2T,0,0.9999999580904841,0.9999999580904841,1.0
67,T2T,0,1.0000000086147338,1.0000000086147338,1.0
68,IAF_SM2T,0,0.4191438127309084,0.9999999925494194,0.4191438158537732
68,ITF_SM2T,0,0.999999993480742,0.999999993480742,1.0
68,SM2T,0,0.999999986961484,0.999999986961484,1.0
68,T2T,0,0.8586284159682691,0.9999999697320163,0.8586284419572208
69,IAF_SM2T,0,0.9999999739229679,0.9999999739229679,1.0
69,ITF_SM2T,0,0.999999942490831,0.999999942490831,1.0
69,SM2T,0,0.9999999776482582,0.9999999776482582,1.0
69,T2T,0,0.9999999953433871,0.9999999953433871,1.0
70,IAF_SM2T,0,0.9999999792780727,0.9999999792780727,1.0
70,ITF_SM2T,0,0.8946112841367722,0.9999999236315489,0.8946113524568555
70,SM2T,0,0.9999999587889761,0.9999999587889761,1.0
70,T2T,0,0.9999999899882823,0.9999999899882823,1.0
71,IAF_SM2T,0,1.0000000214204192,1.0000000214204192,1.0
71,ITF_SM2T,0,0.9999999776482582,0.9999999776482582,1.0
71,SM2T,0,1.0000000316649675,1.0000000316649675,1.0
71,T2T,0,1.000000017695129,1.000000017695129,1.0
72,IAF_SM2T,1,0.8556183818727732,0.9999999506399035,0.8556184241061812
72,ITF_SM2T,0,0.9999999983701855,0.9999999983701855,1.0
72,SM2T,0,1.0000000391155481,1.0000000391155481,1.0
72,T2T,0,1.000000029336661,1.000000029336661,1.0
73,IAF_SM2T,0,1.0000000353902578,1.0000000353902578,1.0
73,ITF_SM2T,0,0.9999999855645001,0.9999999855645001,1.0
73,SM2T,0,1.0000000093132257,1.0000000093132257,1.0
73,T2T,0,0.9999999469146132,0.9999999469146132,1.0
74,IAF_SM2T,0,0.5798539984971285,1.0000000083819032,0.5798539936368484
74,ITF_SM2T,0,1.0000000265426934,1.0000000265426934,1.0
74,SM2T,0,1.0000000121071935,1.0000000121071935,1.0
74,T2T,0,0.9999999649007805,0.9999999649007805,1.0
75,IAF_SM2T,0,1.0000000144355,1.0000000144355,1.0
75,ITF_SM2T,0,0.9999999582068995,0.9999999582068995,1.0
75,SM2T,0,0.9999999813735485,0.9999999813735485,1.0
75,T2T,0,0.9999999781139195,0.9999999781139195,1.0
76,IAF_SM2T,0,0.6674152947962284,0.9999999776482582,0.6674153097141231
76,ITF_SM2T,0,1.0000000521540642,1.0000000521540642,1.0
76,SM2T,0,0.9999999795109034,0.9999999795109034,1.0
76,T2T,0,1.0000000051222742,1.0000000051222742,1.0
77,IAF_SM2T,0,1.0000000572763383,1.0000000572763383,1.0
77,ITF_SM2T,1,0.6117348298430443,0.9999999962747097,0.6117348321219341
77,SM2T,0,1.0000000409781933,1.0000000409781933,1.0
77,T2T,0,0.9999999441788532,0.9999999441788532,1.0
78,IAF_SM2T,0,0.9999999580904841,0.9999999580904841,1.0
78,ITF_SM2T,0,1.0000000246800482,1.0000000246800482,1.0
78,SM2T,0,1.000000058207661,1.000000058207661,1.0
78,T2T,0,0.9999999545980245,0.9999999545980245,1.0
79,IAF_SM2T,0,1.000000024214387,1.000000024214387,1.0
79,ITF_SM2T,0,0.617623820900917,0.9999999701976776,0.6176238393075418
79,SM2T,0,0.999999969266355,0.999999969266355,1.0
79,T2T,0,0.6267570070922375,1.0000000726431608,0.6267569615626307
80,IAF_SM2T,1,0.6477866712957621,1.000000050291419,0.6477866387176527
80,ITF_SM2T,0,1.000000037252903,1.000000037252903,1.0
80,SM2T,0,1.0000000977306627,1.0000000977306627,1.0
80,T2T,0,0.9999999534338713,0.9999999534338713,1.0
81,IAF_SM2T,0,1.0000000102445483,1.0000000102445483,1.0
81,ITF_SM2T,0,1.0000000360887498,1.0000000360887498,1.0
81,SM2T,0,0.999999962747097,0.999999962747097,1.0
81,T2T,0,1.0000000270083547,1.0000000270083547,1.0
82,IAF_SM2T,1,0.6172799877822399,0.9999999217689037,0.6172800360727339
82,ITF_SM2T,0,0.732365358620882,1.0000000158324838,0.7323653470257195
82,SM2T,0,0.9999999925494194,0.9999999925494194,1.0
82,T2T,0,1.000000020256266,1.000000020256266,1.0
83,IAF_SM2T,0,1.0000000298023224,1.0000000298023224,1.0
83,ITF_SM2T,0,0.9999999739229679,0.9999999739229679,1.0
83,SM2T,0,0.9999999925494194,0.9999999925494194,1.0
83,T2T,0,0.9999999767169356,0.9999999767169356,1.0
84,IAF_SM2T,0,1.0000000223517418,1.0000000223517418,1.0
84,ITF_SM2T,0,0.9999999031424522,0.9999999031424522,1.0
84,SM2T,0,1.0,1.0,1.0
84,T2T,0,1.0000000037252903,1.0000000037252903,1.0
85,IAF_SM2T,0,1.0000000035652192,1.0000000035652192,1.0
85,ITF_SM2T,1,0.5100475884974003,0.9999999720603228,0.5100476027479657
85,SM2T,0,1.0000000232830644,1.0000000232830644,1.0
85,T2T,0,1.0000000079162419,1.0000000079162419,1.0
86,IAF_SM2T,0,0.9999999552965164,0.9999999552965164,1.0
86,ITF_SM2T,0,1.0000000223517418,1.0000000223517418,1.0
86,SM2T,0,1.0000000237487257,1.0000000237487257,1.0
86,T2T,0,0.9999999515712261,0.9999999515712261,1.0
87,IAF_SM2T,0,1.0000000465661287,1.0000000465661287,1.0
87,ITF_SM2T,0,0.9999999458668754,0.9999999458668754,1.0
87,SM2T,0,0.9999999478459358,0.9999999478459358,1.0
87,T2T,0,1.0,1.0,1.0
88,IAF_SM2T,1,0.9356333131436259,0.9999999251449481,0.9356333831805114
88,ITF_SM2T,0,0.6139677036553621,0.9999999878928065,0.613967711088788
88,SM2T,0,0.9999999618157744,0.9999999618157744,1.0
88,T2T,0,1.0000000782310963,1.0000000782310963,1.0
89,IAF_SM2T,0,1.0000000833533704,1.0000000833533704,1.0
89,ITF_SM2T,0,0.9999999981373549,0.9999999981373549,1.0
89,SM2T,0,0.9999999748542905,0.9999999748542905,1.0
89,T2T,0,0.9999999701976776,0.9999999701976776,1.0
90,IAF_SM2T,0,0.9999999665888026,0.9999999665888026,1.0
90,ITF_SM2T,0,0.5607350580394268,0.9999999161809683,0.5607351050397004
90,SM2T,0,1.0000000837026164,1.0000000837026164,1.0
90,T2T,0,1.0000000359723344,1.0000000359723344,1.0
91,IAF_SM2T,0,0.9999999441206455,0.9999999441206455,1.0
91,ITF_SM2T,0,1.0000000102445483,1.0000000102445483,1.0
91,SM2T,0,0.9999999704305083,0.9999999704305083,1.0
91,T2T,0,1.000000006519258,1.000000006519258,1.0
92,IAF_SM2T,0,1.0000000840518624,1.0000000840518624,1.0
92,ITF_SM2T,0,0.80161939188838,0.9999999813735485,0.801619406819705
92,SM2T,0,1.0000000630971044,1.0000000630971044,1.0
92,T2T,0,0.7346332157030702,0.9999999378342181,0.7346332613721213
93,IAF_SM2T,0,0.864657724276185,1.0,0.864657724276185
93,ITF_SM2T,1,0.5781284971162677,1.0000000139698386,0.578128489039906
93,SM2T,0,1.0000000224099495,1.0000000224099495,1.0
93,T2T,0,1.0000000508734956,1.0000000508734956,1.0
94,IAF_SM2T,0,1.0000000325962901,1.0000000325962901,1.0
94,ITF_SM2T,0,0.9999999552965164,0.9999999552965164,1.0
94,SM2T,0,0.9999999962747097,0.9999999962747097,1.0
94,T2T,0,0.9999999467981979,0.9999999467981979,1.0
95,IAF_SM2T,0,0.8320481376722455,1.0000000201398507,0.8320481209149206
95,ITF_SM2T,1,0.593719469383359,1.000000019557774,0.5937194577715279
95,SM2T,0,0.9999999506399035,0.9999999506399035,1.0
95,T2T,0,0.9999999906867743,0.9999999906867743,1.0
96,IAF_SM2T,0,0.9999999841675162,0.9999999841675162,1.0
96,ITF_SM2T,0,0.9999999674037099,0.9999999674037099,1.0
96,SM2T,0,0.9999999613501132,0.9999999613501132,1.0
96,T2T,1,0.5743008696008474,1.0000000421423465,0.5743008453984622
97,IAF_SM2T,0,0.9999999543651938,0.9999999543651938,1.0
97,ITF_SM2T,0,0.9999999534338713,0.9999999534338713,1.0
97,SM2T,0,0.9999999621650204,0.9999999621650204,1.0
97,T2T,0,1.0000000149011612,1.0000000149011612,1.0
98,IAF_SM2T,0,1.0000000814907253,1.0000000814907253,1.0
98,ITF_SM2T,1,0.5978727019391954,0.9999999466817826,0.5978727338167038
98,SM2T,0,1.000000006519258,1.000000006519258,1.0
98,T2T,0,0.9999999445863068,0.9999999445863068,1.0
99,IAF_SM2T,0,1.0000000093132257,1.0000000093132257,1.0
99,ITF_SM2T,0,0.7998731574043632,0.9999999878928065,0.7998731670885824
99,SM2T,0,1.0000000102445483,1.0000000102445483,1.0
99,T2T,0,1.0000000093132257,1.0000000093132257,1.0
