sample_id,transcript,n_segments,segment_idx,segment_rank_abs_sv,segment_token,segment_sv,segment_abs_sv,segment_abs_sv_share,deletion_drop_emb,deletion_drop_tfidf,cumulative_drop_emb,cumulative_n_deleted,segment_dur_sec,util_empty_emb,base_text,n_coalitions,runtime_sec
1,A FRENCHMAN YOUR NAME,4,1,1,FRENCHMAN,0.0968688428401947,0.0968688428401947,0.7314261574636692,0.12292075157165527,0.2928932188134524,0.12292075157165527,1,0.5218978102189781,0.8842418193817139,"A Frenchman, your name.",16,1.327034456500769
1,A FRENCHMAN YOUR NAME,4,2,2,YOUR,0.02622910775244236,0.02622910775244236,0.19804774099261752,0.047938764095306396,0.13397459621556118,0.1640465259552002,2,0.7267468065693432,0.8842418193817139,"A Frenchman, your name.",16,1.327034456500769
1,A FRENCHMAN YOUR NAME,4,0,3,A,-0.008340125903487206,0.008340125903487206,0.06297366690355106,0.03852427005767822,0.13397459621556118,0.15546917915344238,3,0.12016833941605842,0.8842418193817139,"A Frenchman, your name.",16,1.327034456500769
1,A FRENCHMAN YOUR NAME,4,3,4,NAME,0.0010002306662499905,0.0010002306662499905,0.00755242708947679,0.03238248825073242,0.0,0.11575818061828613,4,0.23111222627737238,0.8842418193817139,"A Frenchman, your name.",16,1.327034456500769
6,AHEM A COMMON RUMOR,4,3,1,RUMOR,0.13055972754955292,0.13055972754955292,0.5602465105631811,0.10013610124588013,0.13397459621556118,0.10013610124588013,1,0.3510249999999999,0.7669602036476135,"Ahem, a common rumor.",16,1.1058716765001009
6,AHEM A COMMON RUMOR,4,2,2,COMMON,0.06588350236415863,0.06588350236415863,0.28271353652443615,0.07449698448181152,0.2928932188134524,0.19732654094696045,2,0.3915599999999999,0.7669602036476135,"Ahem, a common rumor.",16,1.1058716765001009
6,AHEM A COMMON RUMOR,4,0,3,AHEM,0.023866716772317886,0.023866716772317886,0.10241477246661604,0.0309332013130188,0.13397459621556118,0.23303979635238647,3,0.4213924999999999,0.7669602036476135,"Ahem, a common rumor.",16,1.1058716765001009
6,AHEM A COMMON RUMOR,4,1,4,A,0.01272983942180872,0.01272983942180872,0.054625176154653975,0.040919601917266846,0.42264973081037416,0.23303979635238647,4,0.5343899999999999,0.7669602036476135,"Ahem, a common rumor.",16,1.1058716765001009
11,ALTERED WORDS AND FIGURES,4,0,1,ALTERED,0.10711295157670975,0.10711295157670975,0.47268449811296914,0.09452211856842041,0.13397459621556118,0.09452211856842041,1,0.4828878546099292,0.7733944058418274,Altered Words and Figures,16,1.1728961525004706
11,ALTERED WORDS AND FIGURES,4,3,2,FIGURES,0.06608062237501144,0.06608062237501144,0.2916107283250013,0.08293163776397705,0.32917960675006297,0.17086350917816162,2,0.555375,0.7733944058418274,Altered Words and Figures,16,1.1728961525004706
11,ALTERED WORDS AND FIGURES,4,1,3,WORDS,0.04284760355949402,0.04284760355949402,0.1890844915178934,0.02176976203918457,0.0,0.22529321908950806,3,0.46326241134751767,0.7733944058418274,Altered Words and Figures,16,1.1728961525004706
11,ALTERED WORDS AND FIGURES,4,2,4,AND,0.010564415715634823,0.010564415715634823,0.04662027763118245,0.03409534692764282,0.13397459621556118,0.2266055941581726,4,0.2221458333333335,0.7733944058418274,Altered Words and Figures,16,1.1728961525004706
26,AND I BOUGHT THINGS,4,2,1,BOUGHT,0.09004182368516922,0.09004182368516922,0.48188649240576525,0.14302146434783936,0.25,0.14302146434783936,1,0.42767125984251975,0.813147246837616,And I bought things.,16,1.192040093250398
26,AND I BOUGHT THINGS,4,3,2,THINGS,0.06073850765824318,0.06073850765824318,0.3250607907690837,0.03796762228012085,0.13397459621556118,0.18767356872558594,2,0.44407381889763786,0.813147246837616,And I bought things.,16,1.192040093250398
26,AND I BOUGHT THINGS,4,1,3,I,0.022818932309746742,0.022818932309746742,0.12212252929967718,0.0,0.0,0.21896058320999146,3,0.17293749999999997,0.813147246837616,And I bought things.,16,1.192040093250398
26,AND I BOUGHT THINGS,4,0,4,AND,0.013253500685095787,0.013253500685095787,0.07093018217366655,0.012469589710235596,0.13397459621556118,0.18685275316238403,4,0.20112204724409444,0.813147246837616,And I bought things.,16,1.192040093250398
32,AND NOW I SAID,4,1,1,NOW,0.09613339602947235,0.09613339602947235,0.4084120697673886,0.09841340780258179,0.25,0.09841340780258179,1,0.2613829787234043,0.7819157242774963,"And now, I said,",16,1.1975009524994675
32,AND NOW I SAID,4,3,2,SAID,0.08629230409860611,0.08629230409860611,0.36660328228812356,0.05377727746963501,0.13397459621556118,0.14808166027069092,2,0.3619148936170211,0.7819157242774963,"And now, I said,",16,1.1975009524994675
32,AND NOW I SAID,4,2,3,I,0.04430810734629631,0.04430810734629631,0.18823807933747283,0.051813602447509766,0.25,0.22551631927490234,3,0.18095744680851045,0.7819157242774963,"And now, I said,",16,1.1975009524994675
32,AND NOW I SAID,4,0,4,AND,-0.008649528957903385,0.008649528957903385,0.03674656435862598,0.007876336574554443,0.13397459621556118,0.21808427572250366,4,0.18055452127659566,0.7819157242774963,"And now, I said,",16,1.1975009524994675
33,AND OH ANNE DEAR,4,3,1,DEAR,0.10620498657226562,0.10620498657226562,0.4656992152799097,0.15814924240112305,0.32917960675006297,0.15814924240112305,1,0.34550000000000014,0.771945059299469,"And oh, Anne dear,",16,1.1212410862499382
33,AND OH ANNE DEAR,4,0,2,AND,0.04784758388996124,0.04784758388996124,0.2098073074509806,0.10217183828353882,0.13397459621556118,0.1586672067642212,2,0.18875986842105263,0.771945059299469,"And oh, Anne dear,",16,1.1212410862499382
33,AND OH ANNE DEAR,4,2,3,ANNE,0.04549257084727287,0.04549257084727287,0.19948078925865756,0.10051608085632324,0.13397459621556118,0.17163342237472534,3,0.32194736842105254,0.771945059299469,"And oh, Anne dear,",16,1.1212410862499382
33,AND OH ANNE DEAR,4,1,4,OH,0.028509754687547684,0.028509754687547684,0.125012683625543,0.02058112621307373,0.13397459621556118,0.228054940700531,4,0.24167434210526317,0.771945059299469,"And oh, Anne dear,",16,1.1212410862499382
35,AND REFUSED TO APOLOGISE,4,1,1,REFUSED,0.10082128643989563,0.10082128643989563,0.3842122199050409,0.10391312837600708,0.25,0.10391312837600708,1,0.5046296296296298,0.7375895380973816,and refuse to apologize.,16,1.1673209979999228
35,AND REFUSED TO APOLOGISE,4,3,2,APOLOGISE,0.0977710634469986,0.0977710634469986,0.3725883556528721,0.08604753017425537,0.25,0.1784590482711792,2,0.846997685185185,0.7375895380973816,and refuse to apologize.,16,1.1673209979999228
35,AND REFUSED TO APOLOGISE,4,0,3,AND,0.053584642708301544,0.053584642708301544,0.20420166469556417,0.06874680519104004,0.25,0.21709519624710083,3,0.1468726851851852,0.7375895380973816,and refuse to apologize.,16,1.1673209979999228
35,AND REFUSED TO APOLOGISE,4,2,4,TO,0.01023341715335846,0.01023341715335846,0.03899775593569829,5.960464477539063e-08,0.0,0.2624104619026184,4,0.0403703703703705,0.7375895380973816,and refuse to apologize.,16,1.1673209979999228
38,AND SO IN MY VIEW,5,4,1,VIEW,0.12512816488742828,0.12512816488742828,0.4866615538052954,0.16581374406814575,0.26970325665977835,0.16581374406814575,1,0.3019017857142856,0.742884635925293,"And so, in my view,",32,2.116922360799799
38,AND SO IN MY VIEW,5,1,2,SO,0.039148978888988495,0.039148978888988495,0.15226230571787158,0.0,-2.220446049250313e-16,0.16174399852752686,2,0.4017857142857144,0.742884635925293,"And so, in my view,",32,2.116922360799799
38,AND SO IN MY VIEW,5,0,3,AND,0.0337502658367157,0.0337502658367157,0.13126506592831896,0.00518345832824707,0.10557280900008403,0.15749412775039673,3,0.23312499999999997,0.742884635925293,"And so, in my view,",32,2.116922360799799
38,AND SO IN MY VIEW,5,3,4,MY,0.030348025262355804,0.030348025262355804,0.11803271583490078,0.0,-2.220446049250313e-16,0.2484130859375,4,0.22196428571428584,0.742884635925293,"And so, in my view,",32,2.116922360799799
38,AND SO IN MY VIEW,5,2,5,IN,0.02873993292450905,0.02873993292450905,0.11177835482430852,0.0,-2.220446049250313e-16,0.25711536407470703,5,0.12594642857142846,0.742884635925293,"And so, in my view,",32,2.116922360799799
43,AND THERE WAS MY AUNT,5,4,1,AUNT,0.09077083319425583,0.09077083319425583,0.36907324648108275,0.15219014883041382,0.19999999999999984,0.15219014883041382,1,0.29139527027027023,0.7540572881698608,And there was my aunt.,32,1.9744769298005849
43,AND THERE WAS MY AUNT,5,1,2,THERE,0.0725780725479126,0.0725780725479126,0.29510167435912404,1.1920928955078125e-07,-2.220446049250313e-16,0.14319413900375366,2,0.1329476351351352,0.7540572881698608,And there was my aunt.,32,1.9744769298005849
43,AND THERE WAS MY AUNT,5,3,3,MY,0.06362462788820267,0.06362462788820267,0.25869706319205404,0.12968313694000244,0.19999999999999984,0.19511890411376953,3,0.10067567567567559,0.7540572881698608,And there was my aunt.,32,1.9744769298005849
43,AND THERE WAS MY AUNT,5,2,4,WAS,0.009721720591187477,0.009721720591187477,0.039528412968215555,1.1920928955078125e-07,-2.220446049250313e-16,0.2556595802307129,4,0.0805405405405405,0.7540572881698608,And there was my aunt.,32,1.9744769298005849
43,AND THERE WAS MY AUNT,5,0,5,AND,0.009247343055903912,0.009247343055903912,0.03759959893353421,0.0154188871383667,0.10557280900008403,0.24594271183013916,5,0.1605540540540541,0.7540572881698608,And there was my aunt.,32,1.9744769298005849
44,AND THIS AND HERE AGAIN,5,4,1,AGAIN,0.07810989022254944,0.07810989022254944,0.44349978335152,0.06452828645706177,0.14285714285714246,0.06452828645706177,1,0.6043125,0.8238784074783325,And this. And here again.,32,1.9637891284000943
44,AND THIS AND HERE AGAIN,5,1,2,THIS,0.03575718775391579,0.03575718775391579,0.20302557047434133,0.0261077880859375,0.12712843905603022,0.09921109676361084,2,0.32266666666666666,0.8238784074783325,And this. And here again.,32,1.9637891284000943
44,AND THIS AND HERE AGAIN,5,0,3,AND,0.025030840188264847,0.025030840188264847,0.14212249138966523,0.007918596267700195,0.05508881747693173,0.10114896297454834,3,0.19093750000000004,0.8238784074783325,And this. And here again.,32,1.9637891284000943
44,AND THIS AND HERE AGAIN,5,2,4,AND,0.024648429825901985,0.024648429825901985,0.1399512053671643,0.005622982978820801,0.05508881747693173,0.11621934175491333,4,0.21866666666666668,0.8238784074783325,And this. And here again.,32,1.9637891284000943
44,AND THIS AND HERE AGAIN,5,3,5,HERE,0.012575248256325722,0.012575248256325722,0.07140094373941376,0.0,-4.440892098500626e-16,0.17612159252166748,5,0.17141666666666677,0.8238784074783325,And this. And here again.,32,1.9637891284000943
60,AT YOUR SERVICE SIR,4,3,1,SIR,0.0792558491230011,0.0792558491230011,0.3542811907659726,0.04533028602600098,0.13397459621556118,0.04533028602600098,1,0.44169230769230805,0.7762911319732666,"At your service, sir.",16,1.196181612998771
60,AT YOUR SERVICE SIR,4,1,2,YOUR,0.07638290524482727,0.07638290524482727,0.3414388581252155,0.0,0.0,0.04533028602600098,2,0.16078365384615378,0.7762911319732666,"At your service, sir.",16,1.196181612998771
60,AT YOUR SERVICE SIR,4,2,3,SERVICE,0.04437316209077835,0.04437316209077835,0.19835225888722638,0.0,0.0,0.20338809490203857,3,0.4416923076923076,0.7762911319732666,"At your service, sir.",16,1.196181612998771
60,AT YOUR SERVICE SIR,4,0,4,AT,0.023696964606642723,0.023696964606642723,0.10592768775149035,0.0,0.0,0.2237088680267334,4,0.020408653846153868,0.7762911319732666,"At your service, sir.",16,1.196181612998771
65,BUT ALL THIS WAS IN VAIN,6,1,1,ALL,0.07871826738119125,0.07871826738119125,0.3211018711475661,0.004153251647949219,0.07417990022744825,0.004153251647949219,1,0.16121212121212125,0.7548494935035706,But all this was in vain.,64,3.598539209999823
65,BUT ALL THIS WAS IN VAIN,6,5,2,VAIN,0.07290297746658325,0.07290297746658325,0.2973805605170381,0.10269689559936523,0.1666666666666664,0.13527333736419678,2,0.39874999999999994,0.7548494935035706,But all this was in vain.,64,3.598539209999823
65,BUT ALL THIS WAS IN VAIN,6,3,3,WAS,0.044708773493766785,0.044708773493766785,0.18237279989970187,5.960464477539063e-08,-2.220446049250313e-16,0.22955083847045898,3,0.1813636363636364,0.7548494935035706,But all this was in vain.,64,3.598539209999823
65,BUT ALL THIS WAS IN VAIN,6,4,4,IN,0.026216361671686172,0.026216361671686172,0.10693988914536462,0.004153251647949219,0.07417990022744825,0.1803693175315857,4,0.09068181818181809,0.7548494935035706,But all this was in vain.,64,3.598539209999823
65,BUT ALL THIS WAS IN VAIN,6,2,5,THIS,0.01979692652821541,0.01979692652821541,0.080754192929553,0.004153251647949219,0.07417990022744825,0.24515050649642944,5,0.16121212121212114,0.7548494935035706,But all this was in vain.,64,3.598539209999823
65,BUT ALL THIS WAS IN VAIN,6,0,6,BUT,0.0028071398846805096,0.0028071398846805096,0.011450682281648486,5.960464477539063e-08,-2.220446049250313e-16,0.24515050649642944,6,0.012624999999999997,0.7548494935035706,But all this was in vain.,64,3.598539209999823
66,BUT BEFORE HE COULD ACT,5,1,1,BEFORE,0.1312847137451172,0.1312847137451172,0.5026465089740705,0.1118621826171875,0.32917960675006297,0.1118621826171875,1,0.32333333333333325,0.7388129234313965,"But before he could act,",32,1.9871251417993334
66,BUT BEFORE HE COULD ACT,5,3,2,COULD,0.0640282928943634,0.0640282928943634,0.24514352799217679,0.08066678047180176,0.3999999999999999,0.14536690711975098,2,0.16166666666666663,0.7388129234313965,"But before he could act,",32,1.9871251417993334
66,BUT BEFORE HE COULD ACT,5,4,3,ACT,0.03218481317162514,0.03218481317162514,0.12322519142714544,1.1920928955078125e-07,-2.220446049250313e-16,0.19135653972625732,3,0.1601666666666668,0.7388129234313965,"But before he could act,",32,1.9871251417993334
66,BUT BEFORE HE COULD ACT,5,0,4,BUT,0.020396720618009567,0.020396720618009567,0.07809241548918155,0.021441638469696045,0.10557280900008403,0.21293139457702637,4,0.16083333333333327,0.7388129234313965,"But before he could act,",32,1.9871251417993334
66,BUT BEFORE HE COULD ACT,5,2,5,HE,0.013292418792843819,0.013292418792843819,0.05089235228875054,1.1920928955078125e-07,-2.220446049250313e-16,0.2611870765686035,5,0.08083333333333331,0.7388129234313965,"But before he could act,",32,1.9871251417993334
76,BUT WHERE YOU GO I GO,6,1,1,WHERE,0.04322453960776329,0.04322453960776329,0.3508897617604055,0.03280484676361084,0.06458565330651456,0.03280484676361084,1,0.2204661016949152,0.8768143653869629,"But where you go, I go.",64,3.4257036914993173
76,BUT WHERE YOU GO I GO,6,5,2,GO,0.023306509479880333,0.023306509479880333,0.18919844220603427,0.022748708724975586,0.05131670194948601,0.051033079624176025,2,0.4607891949152545,0.8768143653869629,"But where you go, I go.",64,3.4257036914993173
76,BUT WHERE YOU GO I GO,6,4,3,I,0.02071239799261093,0.02071239799261093,0.16813986830315789,1.1920928955078125e-07,-2.220446049250313e-16,0.09296464920043945,3,0.38906355932203396,0.8768143653869629,"But where you go, I go.",64,3.4257036914993173
76,BUT WHERE YOU GO I GO,6,2,4,YOU,0.018987437710165977,0.018987437710165977,0.15413692210533272,1.1920928955078125e-07,-2.220446049250313e-16,0.0877847671508789,4,0.18038135593220328,0.8768143653869629,"But where you go, I go.",64,3.4257036914993173
76,BUT WHERE YOU GO I GO,6,0,5,BUT,0.009548244997859001,0.009548244997859001,0.0775110953854321,0.021787047386169434,0.06458565330651456,0.12737345695495605,5,0.17023728813559322,0.8768143653869629,"But where you go, I go.",64,3.4257036914993173
76,BUT WHERE YOU GO I GO,6,3,6,GO,0.007406394463032484,0.007406394463032484,0.06012390212180063,1.1920928955078125e-07,-2.220446049250313e-16,0.12318563461303711,6,0.34072033898305076,0.8768143653869629,"But where you go, I go.",64,3.4257036914993173
80,BY WE'LL GO TO WAR WITH EM,7,1,1,WE'LL,0.10602394491434097,0.10602394491434097,0.3838777496328036,0.06349223852157593,0.2783121635129677,0.06349223852157593,1,0.27483709016393465,0.7238080501556396,But we'll go to war with them.,128,6.2638598975713
80,BY WE'LL GO TO WAR WITH EM,7,4,2,WAR,0.08289231359958649,0.08289231359958649,0.30012573888072525,0.006060600280761719,0.12499999999999989,0.1724306344985962,2,0.22180327868852467,0.7238080501556396,But we'll go to war with them.,128,6.2638598975713
80,BY WE'LL GO TO WAR WITH EM,7,5,3,WITH,0.05013908073306084,0.05013908073306084,0.18153708104348637,0.03595578670501709,0.2783121635129677,0.25462961196899414,3,0.31254098360655735,0.7238080501556396,But we'll go to war with them.,128,6.2638598975713
80,BY WE'LL GO TO WAR WITH EM,7,0,4,BY,0.015524898655712605,0.015524898655712605,0.05621053964788079,0.018315911293029785,0.06458565330651433,0.24848216772079468,4,0.36233196721311484,0.7238080501556396,But we'll go to war with them.,128,6.2638598975713
80,BY WE'LL GO TO WAR WITH EM,7,2,5,GO,0.012312935665249825,0.012312935665249825,0.04458108060748316,0.0,-2.220446049250313e-16,0.27096760272979736,5,0.1008196721311474,0.7238080501556396,But we'll go to war with them.,128,6.2638598975713
80,BY WE'LL GO TO WAR WITH EM,7,6,6,EM,0.0067681120708584785,0.0067681120708584785,0.024505102438160075,0.0,-2.220446049250313e-16,0.27096760272979736,6,0.04828586065573748,0.7238080501556396,But we'll go to war with them.,128,6.2638598975713
80,BY WE'LL GO TO WAR WITH EM,7,3,7,TO,0.002530665136873722,0.002530665136873722,0.009162704128790375,0.005949199199676514,0.12499999999999989,0.27619194984436035,7,0.05040983606557381,0.7238080501556396,But we'll go to war with them.,128,6.2638598975713
89,CHAPTER ONE MY EDUCATION,4,3,1,EDUCATION,0.07955431193113327,0.07955431193113327,0.39141539140168763,0.07159256935119629,0.13397459621556118,0.07159256935119629,1,0.8812355769230771,0.7967522144317627,Chapter 1. My Education.,16,1.2427077557495068
89,CHAPTER ONE MY EDUCATION,4,0,2,CHAPTER,0.062876857817173,0.062876857817173,0.30936060302955903,0.04193472862243652,0.13397459621556118,0.11708283424377441,2,0.4005528846153846,0.7967522144317627,Chapter 1. My Education.,16,1.2427077557495068
89,CHAPTER ONE MY EDUCATION,4,2,3,MY,0.042736638337373734,0.042736638337373734,0.21026865314976292,0.0356595516204834,0.13397459621556118,0.16292059421539307,3,0.4814807692307692,0.7967522144317627,Chapter 1. My Education.,16,1.2427077557495068
89,CHAPTER ONE MY EDUCATION,4,1,4,ONE,0.018079977482557297,0.018079977482557297,0.08895534749888764,0.0,0.0,0.2032477855682373,4,0.18028846153846156,0.7967522144317627,Chapter 1. My Education.,16,1.2427077557495068
94,CLOTHO FROM TIME TO TIME,5,4,1,TIME,0.06547240912914276,0.06547240912914276,0.30676334074583894,0.08018255233764648,0.14285714285714257,0.08018255233764648,1,0.3816081989247313,0.7865703105926514,closer from time to time.,32,1.9293584951999947
94,CLOTHO FROM TIME TO TIME,5,2,2,TIME,0.055353179574012756,0.055353179574012756,0.259350870280872,0.061577796936035156,0.19821627426272692,0.08018255233764648,2,0.22118279569892485,0.7865703105926514,closer from time to time.,32,1.9293584951999947
94,CLOTHO FROM TIME TO TIME,5,1,3,FROM,0.04492920637130737,0.04492920637130737,0.21051055897966983,0.0,0.0,0.13740473985671997,3,0.140752688172043,0.7865703105926514,closer from time to time.,32,1.9293584951999947
94,CLOTHO FROM TIME TO TIME,5,0,4,CLOTHO,0.03908703476190567,0.03908703476190567,0.18313774493558052,0.0612218976020813,0.07417990022744836,0.1934911012649536,4,0.4214375,0.7865703105926514,closer from time to time.,32,1.9293584951999947
94,CLOTHO FROM TIME TO TIME,5,3,5,TO,0.008587873540818691,0.008587873540818691,0.04023748037265528,0.0,0.0,0.21342968940734863,5,0.0804301075268814,0.7865703105926514,closer from time to time.,32,1.9293584951999947
102,DEATH OF A FRIEND,4,3,1,FRIEND,0.10851576924324036,0.10851576924324036,0.5265262532482713,0.11571729183197021,0.25,0.11571729183197021,1,0.6782752293577983,0.7939024567604065,Death of a Friend.,16,1.193230866749218
102,DEATH OF A FRIEND,4,0,2,DEATH,0.09354253858327866,0.09354253858327866,0.4538750699834678,0.09604853391647339,0.13397459621556118,0.19133073091506958,2,0.3417912844036698,0.7939024567604065,Death of a Friend.,16,1.193230866749218
102,DEATH OF A FRIEND,4,1,3,OF,0.0034836484119296074,0.0034836484119296074,0.01690291059777788,0.0,0.0,0.1987120509147644,3,0.06041284403669722,0.7939024567604065,Death of a Friend.,16,1.193230866749218
102,DEATH OF A FRIEND,4,2,4,A,0.0005555897951126099,0.0005555897951126099,0.0026957613184116977,0.0,0.0,0.2060975432395935,4,0.020137614678899074,0.7939024567604065,Death of a Friend.,16,1.193230866749218
109,ELEVEN P M MAJOR,4,0,1,ELEVEN,0.12560947239398956,0.12560947239398956,0.5127568370208565,0.11055326461791992,0.18350341907227385,0.11055326461791992,1,0.4824166666666667,0.7550311088562012,11 PM Major,16,1.1111248377510492
109,ELEVEN P M MAJOR,4,3,2,MAJOR,0.07428517192602158,0.07428517192602158,0.3032432910382957,0.05583667755126953,0.18350341907227385,0.16380906105041504,2,0.72925,0.7550311088562012,11 PM Major,16,1.1111248377510492
109,ELEVEN P M MAJOR,4,2,3,M,0.026680389419198036,0.026680389419198036,0.10891337912925848,0.02146732807159424,-2.220446049250313e-16,0.15766745805740356,3,0.10059523809523818,0.7550311088562012,11 PM Major,16,1.1111248377510492
109,ELEVEN P M MAJOR,4,1,4,P,0.018393853679299355,0.018393853679299355,0.07508648872943824,0.0,-2.220446049250313e-16,0.24496889114379883,4,0.09256845238095235,0.7550311088562012,11 PM Major,16,1.1111248377510492
110,EMILY AT THIS TIME,4,0,1,EMILY,0.10322123020887375,0.10322123020887375,0.49355862569098913,0.09107017517089844,0.13397459621556118,0.09107017517089844,1,0.4618214285714285,0.7908632755279541,"Emily, at this time,",16,1.1215544652495737
110,EMILY AT THIS TIME,4,3,2,TIME,0.05767586827278137,0.05767586827278137,0.27578069184648496,0.05136597156524658,0.13397459621556118,0.09107017517089844,2,0.3210952380952381,0.7908632755279541,"Emily, at this time,",16,1.1215544652495737
110,EMILY AT THIS TIME,4,2,3,THIS,0.028169969096779823,0.028169969096779823,0.13469643023077457,0.0,0.0,0.22109496593475342,3,0.18085714285714283,0.7908632755279541,"Emily, at this time,",16,1.1215544652495737
110,EMILY AT THIS TIME,4,1,4,AT,0.020069647580385208,0.020069647580385208,0.0959642474501902,0.023796379566192627,0.13397459621556118,0.2091367244720459,4,0.2656994047619048,0.7908632755279541,"Emily, at this time,",16,1.1215544652495737
111,END IN I AND FIVE IN T,7,4,1,FIVE,0.06353060156106949,0.06353060156106949,0.2654879261188592,0.055254578590393066,0.11111111111111094,0.055254578590393066,1,0.4844249999999999,0.7607024908065796,end in I and five in T.,128,5.862077978285795
111,END IN I AND FIVE IN T,7,5,2,IN,0.06042882055044174,0.06042882055044174,0.2525258985675407,0.058859407901763916,0.2440710539815456,0.09281671047210693,2,0.48240000000000016,0.7607024908065796,end in I and five in T.,128,5.862077978285795
111,END IN I AND FIVE IN T,7,0,3,END,0.03152916952967644,0.03152916952967644,0.13175719456453405,0.033653438091278076,0.05719095841793653,0.14558446407318115,3,0.23078750000000003,0.7607024908065796,end in I and five in T.,128,5.862077978285795
111,END IN I AND FIVE IN T,7,1,4,IN,0.03076145425438881,0.03076145425438881,0.1285489904663884,0.03822612762451172,0.17504208861569448,0.14565026760101318,4,0.09045000000000003,0.7607024908065796,end in I and five in T.,128,5.862077978285795
111,END IN I AND FIVE IN T,7,2,5,I,0.02592417038977146,0.02592417038977146,0.10833447289990528,0.0,-2.220446049250313e-16,0.1625954508781433,5,0.4421999999999999,0.7607024908065796,end in I and five in T.,128,5.862077978285795
111,END IN I AND FIVE IN T,7,3,6,AND,0.02477925643324852,0.02477925643324852,0.10354999385464347,0.013414144515991211,0.05719095841793653,0.23059773445129395,6,0.48239999999999994,0.7607024908065796,end in I and five in T.,128,5.862077978285795
111,END IN I AND FIVE IN T,7,6,7,T,0.0023440434597432613,0.0023440434597432613,0.009795519349230569,0.0,-2.220446049250313e-16,0.2392975091934204,7,0.020099999999999785,0.7607024908065796,end in I and five in T.,128,5.862077978285795
113,EVER YOUR'S W H,4,1,1,YOUR'S,0.08470369130373001,0.08470369130373001,0.3584058553281603,0.07690733671188354,0.42264973081037416,0.07690733671188354,1,0.4622115384615386,0.7636654376983643,"Ever yours, W.H.",16,1.2354818762505602
113,EVER YOUR'S W H,4,2,2,W,0.07838845252990723,0.07838845252990723,0.33168425064369195,0.06580972671508789,0.2928932188134524,0.15466302633285522,2,0.9909903846153849,0.7636654376983643,"Ever yours, W.H.",16,1.2354818762505602
113,EVER YOUR'S W H,4,0,3,EVER,0.06934551149606705,0.06934551149606705,0.29342094752158954,0.07827472686767578,0.6464466094067263,0.2207469344139099,3,0.300875,0.7636654376983643,"Ever yours, W.H.",16,1.2354818762505602
113,EVER YOUR'S W H,4,3,4,H,0.0038969069719314575,0.0038969069719314575,0.016488942275268485,0.0,0.0,0.23633456230163574,4,0.020096153846154152,0.7636654376983643,"Ever yours, W.H.",16,1.2354818762505602
116,FACE AND FIGURE I,4,0,1,FACE,0.10355488955974579,0.10355488955974579,0.5848882927488872,0.10923278331756592,0.33333333333333315,0.10923278331756592,1,0.36049337748344373,0.8229492902755737,Face and figure.,16,1.1468212692507223
116,FACE AND FIGURE I,4,2,2,FIGURE,0.06392601877450943,0.06392601877450943,0.36106049788874806,0.04908877611160278,0.18350341907227385,0.16947221755981445,2,0.30452359271523155,0.8229492902755737,Face and figure.,16,1.1468212692507223
116,FACE AND FIGURE I,4,1,3,AND,0.00632659625262022,0.00632659625262022,0.035733243469605915,0.0,-2.220446049250313e-16,0.17705070972442627,3,0.2123613410596027,0.8229492902755737,Face and figure.,16,1.1468212692507223
116,FACE AND FIGURE I,4,3,4,I,0.0032432079315185547,0.0032432079315185547,0.018317960244659585,0.0,-2.220446049250313e-16,0.17705070972442627,4,1.2020902317880797,0.8229492902755737,Face and figure.,16,1.1468212692507223
117,FOR ASKED THE INCAS,4,3,1,INCAS,0.12867394089698792,0.12867394089698792,0.6203631077279763,0.17094755172729492,0.42264973081037416,0.17094755172729492,1,0.4231818181818181,0.7925828695297241,"4. Ask the Incas,",16,1.3840928347508452
117,FOR ASKED THE INCAS,4,0,2,FOR,0.03807273134589195,0.03807273134589195,0.1835563422770924,0.037754058837890625,0.13397459621556118,0.16986560821533203,2,0.30137499999999995,0.7925828695297241,"4. Ask the Incas,",16,1.3840928347508452
117,FOR ASKED THE INCAS,4,1,3,ASKED,0.03603610023856163,0.03603610023856163,0.17373733157273863,0.06001937389373779,0.13397459621556118,0.24478530883789062,3,0.22187500000000004,0.7925828695297241,"4. Ask the Incas,",16,1.3840928347508452
117,FOR ASKED THE INCAS,4,2,4,THE,0.004634365439414978,0.004634365439414978,0.022343213600990314,0.030467510223388672,0.25,0.20741713047027588,4,0.06051136363636345,0.7925828695297241,"4. Ask the Incas,",16,1.3840928347508452
127,HAM TO BE OR NOT TO BE,7,2,1,BE,0.0655069351196289,0.0655069351196289,0.36543987676364065,0.06437236070632935,0.25379749275536345,0.06437236070632935,1,0.24224299065420563,0.8207449913024902,"Ham, to be or not to be.",128,6.749410943714403
127,HAM TO BE OR NOT TO BE,7,0,2,HAM,0.032435543835163116,0.032435543835163116,0.18094635507274548,0.0555497407913208,0.04653741075440754,0.09152746200561523,2,0.26173773364485975,0.8207449913024902,"Ham, to be or not to be.",128,6.749410943714403
127,HAM TO BE OR NOT TO BE,7,3,3,OR,0.03015189617872238,0.03015189617872238,0.16820669755988446,0.0,0.0,0.11783987283706665,3,0.1433668224299065,0.8207449913024902,"Ham, to be or not to be.",128,6.749410943714403
127,HAM TO BE OR NOT TO BE,7,5,4,TO,0.028921227902173996,0.028921227902173996,0.16134123724644656,0.02836894989013672,0.09546596626670911,0.14072048664093018,4,0.04037383177570075,0.8207449913024902,"Ham, to be or not to be.",128,6.749410943714403
127,HAM TO BE OR NOT TO BE,7,4,5,NOT,0.012352092191576958,0.012352092191576958,0.06890792616109472,0.0,0.0,0.2176520824432373,5,0.1413084112149534,0.8207449913024902,"Ham, to be or not to be.",128,6.749410943714403
127,HAM TO BE OR NOT TO BE,7,6,6,BE,0.006870680022984743,0.006870680022984743,0.0383290785364433,0.0,0.0,0.19250202178955078,6,0.2424252336448598,0.8207449913024902,"Ham, to be or not to be.",128,6.749410943714403
127,HAM TO BE OR NOT TO BE,7,1,7,TO,0.0030166511423885822,0.0030166511423885822,0.016828823081100733,0.0058023929595947266,0.0,0.17925500869750977,7,0.1349760514018692,0.8207449913024902,"Ham, to be or not to be.",128,6.749410943714403
134,HE COULD WAIT NO LONGER,5,2,1,WAIT,0.07378566265106201,0.07378566265106201,0.2913945276796006,0.07997345924377441,0.19999999999999984,0.07997345924377441,1,0.18844711538461545,0.7467843294143677,He could wait no longer.,32,2.0139293319996794
134,HE COULD WAIT NO LONGER,5,1,2,COULD,0.06275170296430588,0.06275170296430588,0.24781918586064655,0.06256598234176636,0.26970325665977835,0.07997345924377441,2,0.14033653846153848,0.7467843294143677,He could wait no longer.,32,2.0139293319996794
134,HE COULD WAIT NO LONGER,5,4,3,LONGER,0.06211782619357109,0.06211782619357109,0.2453158780962529,0.03765511512756348,0.19999999999999984,0.17618131637573242,3,0.44081249999999983,0.7467843294143677,He could wait no longer.,32,2.0139293319996794
134,HE COULD WAIT NO LONGER,5,3,4,NO,0.03757942467927933,0.03757942467927933,0.14840876006867595,0.0,-2.220446049250313e-16,0.21884727478027344,4,0.09021634615384633,0.7467843294143677,He could wait no longer.,32,2.0139293319996794
134,HE COULD WAIT NO LONGER,5,0,5,HE,0.016981059685349464,0.016981059685349464,0.06706164434562131,0.0,-2.220446049250313e-16,0.2532156705856323,5,0.14014903846153848,0.7467843294143677,He could wait no longer.,32,2.0139293319996794
139,HE LOOKED ROUND THE ROOM,5,4,1,ROOM,0.0665367916226387,0.0665367916226387,0.2640316600441626,-1.1920928955078125e-07,-2.220446049250313e-16,-1.1920928955078125e-07,1,0.3816713483146068,0.7479970455169678,He looked round the room.,32,2.1336932414007608
139,HE LOOKED ROUND THE ROOM,5,2,2,ROUND,0.06215696781873703,0.06215696781873703,0.24665161929612578,0.06348645687103271,0.26970325665977835,0.12060296535491943,2,0.23129213483146072,0.7479970455169678,He looked round the room.,32,2.1336932414007608
139,HE LOOKED ROUND THE ROOM,5,1,3,LOOKED,0.05780751258134842,0.05780751258134842,0.22939208725964627,0.015227019786834717,0.19999999999999984,0.21964073181152344,3,0.19106741573033714,0.7479970455169678,He looked round the room.,32,2.1336932414007608
139,HE LOOKED ROUND THE ROOM,5,0,4,HE,0.04564284905791283,0.04564284905791283,0.18112020300367987,0.07689481973648071,0.3999999999999999,0.2472093105316162,4,0.12025842696629213,0.7479970455169678,He looked round the room.,32,2.1336932414007608
139,HE LOOKED ROUND THE ROOM,5,3,5,THE,0.019858958199620247,0.019858958199620247,0.0788044264281799,0.015227019786834717,0.19999999999999984,0.2520029544830322,5,0.0703932584269662,0.7479970455169678,He looked round the room.,32,2.1336932414007608
143,HE SAID THEY ARE NICE,5,4,1,NICE,0.10373008251190186,0.10373008251190186,0.5163114036564443,0.13524746894836426,0.19999999999999984,0.13524746894836426,1,0.4225149253731344,0.7990938425064087,"He said, ""They are nice.""",32,2.100204053599737
143,HE SAID THEY ARE NICE,5,1,2,SAID,0.059949781745672226,0.059949781745672226,0.29839710152022714,0.08049279451370239,0.3999999999999999,0.16335397958755493,2,0.20149253731343275,0.7990938425064087,"He said, ""They are nice.""",32,2.100204053599737
143,HE SAID THEY ARE NICE,5,2,3,THEY,0.018091831356287003,0.018091831356287003,0.09005120420306655,0.07378661632537842,0.32917960675006297,0.16778522729873657,3,0.6649253731343283,0.7990938425064087,"He said, ""They are nice.""",32,2.100204053599737
143,HE SAID THEY ARE NICE,5,3,4,ARE,0.012566138990223408,0.012566138990223408,0.06254734117115729,0.006482183933258057,-2.220446049250313e-16,0.1640101671218872,4,0.23811380597014908,0.7990938425064087,"He said, ""They are nice.""",32,2.100204053599737
143,HE SAID THEY ARE NICE,5,0,5,HE,0.006568210199475288,0.006568210199475288,0.03269294447165367,1.1920928955078125e-07,-2.220446049250313e-16,0.2009061574935913,5,0.1203292910447761,0.7990938425064087,"He said, ""They are nice.""",32,2.100204053599737
144,HE SAID WHY YOU,4,2,1,WHY,0.07924023270606995,0.07924023270606995,0.46479322858966404,0.08308064937591553,0.18350341907227385,0.08308064937591553,1,0.7787432432432435,0.8328595757484436,"He said, Why?",16,1.2269933155002946
144,HE SAID WHY YOU,4,0,2,HE,0.07351416349411011,0.07351416349411011,0.431206272755916,0.07346504926681519,0.33333333333333315,0.13785123825073242,2,0.2404375,0.8328595757484436,"He said, Why?",16,1.2269933155002946
144,HE SAID WHY YOU,4,1,3,SAID,0.016058271750807762,0.016058271750807762,0.09419174726952055,0.014960110187530518,-2.220446049250313e-16,0.1671404242515564,3,0.3624324324324324,0.8328595757484436,"He said, Why?",16,1.2269933155002946
144,HE SAID WHY YOU,4,3,4,YOU,-0.0016722431173548102,0.0016722431173548102,0.00980874551927771,0.0,-2.220446049250313e-16,0.1671404242515564,4,-0.00359628378378396,0.8328595757484436,"He said, Why?",16,1.2269933155002946
147,HE TECK DAT TIME TOO,5,3,1,TIME,0.11244744062423706,0.11244744062423706,0.3562924519613936,0.10832327604293823,0.18350341907227385,0.10832327604293823,1,0.4422680412371134,0.6843957901000977,"He'd take that time, too.",32,1.8787079551999342
147,HE TECK DAT TIME TOO,5,1,2,TECK,0.06628590822219849,0.06628590822219849,0.21002851323131425,0.05488777160644531,0.26970325665977835,0.13747167587280273,2,0.21684149484536075,0.6843957901000977,"He'd take that time, too.",32,1.8787079551999342
147,HE TECK DAT TIME TOO,5,0,3,HE,0.05623604357242584,0.05623604357242584,0.17818527253085992,0.07169967889785767,0.18350341907227385,0.26654762029647827,3,0.20068041237113404,0.6843957901000977,"He'd take that time, too.",32,1.8787079551999342
147,HE TECK DAT TIME TOO,5,2,4,DAT,0.05149535834789276,0.05149535834789276,0.16316429603509094,0.058446526527404785,0.3876275643042054,0.2433156967163086,4,0.16082474226804122,0.6843957901000977,"He'd take that time, too.",32,1.8787079551999342
147,HE TECK DAT TIME TOO,5,4,5,TOO,0.029139578342437744,0.029139578342437744,0.09232946307281688,0.011891365051269531,0.08712907082472299,0.31560420989990234,5,0.28097422680412354,0.6843957901000977,"He'd take that time, too.",32,1.8787079551999342
148,HE TOLD ME IN CONFIDENCE,5,4,1,CONFIDENCE,0.09773199260234833,0.09773199260234833,0.3605908346110266,0.09044086933135986,0.10557280900008403,0.09044086933135986,1,0.7861825221238938,0.7289670705795288,He told me in confidence.,32,2.258298405999085
148,HE TOLD ME IN CONFIDENCE,5,1,2,TOLD,0.08754593133926392,0.08754593133926392,0.3230084602579389,0.0778774619102478,0.26970325665977835,0.1713365912437439,2,0.2925663716814159,0.7289670705795288,He told me in confidence.,32,2.258298405999085
148,HE TOLD ME IN CONFIDENCE,5,0,3,HE,0.050025444477796555,0.050025444477796555,0.1845733039479929,0.02780783176422119,0.10557280900008403,0.21567142009735107,3,0.20108130530973456,0.7289670705795288,He told me in confidence.,32,2.258298405999085
148,HE TOLD ME IN CONFIDENCE,5,2,4,ME,0.02495681121945381,0.02495681121945381,0.09208036332041845,0.0,-2.220446049250313e-16,0.2505851984024048,4,0.1311504424778761,0.7289670705795288,He told me in confidence.,32,2.258298405999085
148,HE TOLD ME IN CONFIDENCE,5,3,5,IN,0.01077275536954403,0.01077275536954403,0.03974703417303456,0.0,-2.220446049250313e-16,0.2710329294204712,5,0.08070796460176988,0.7289670705795288,He told me in confidence.,32,2.258298405999085
156,HERE IS A NARROW CORNER AS,6,4,1,CORNER,0.08737321197986603,0.08737321197986603,0.4304225045946817,0.08753639459609985,0.1666666666666664,0.08753639459609985,1,0.4136936936936937,0.827189028263092,Here is a narrow corner as...,64,3.4609177113331193
156,HERE IS A NARROW CORNER AS,6,3,2,NARROW,0.08373362571001053,0.08373362571001053,0.4124929836069376,0.09938174486160278,0.1666666666666664,0.18602490425109863,2,0.3430630630630629,0.827189028263092,Here is a narrow corner as...,64,3.4609177113331193
156,HERE IS A NARROW CORNER AS,6,5,3,AS,-0.014659578911960125,0.014659578911960125,0.07221678737235007,0.008813977241516113,0.08712907082472299,0.16353976726531982,3,0.2717010135135134,0.827189028263092,Here is a narrow corner as...,64,3.4609177113331193
156,HERE IS A NARROW CORNER AS,6,1,4,IS,0.00839808490127325,0.00839808490127325,0.04137108680218574,0.0,-2.220446049250313e-16,0.16353976726531982,4,0.08072072072072067,0.827189028263092,Here is a narrow corner as...,64,3.4609177113331193
156,HERE IS A NARROW CORNER AS,6,0,5,HERE,0.008397596888244152,0.008397596888244152,0.0413686827267775,0.012644946575164795,0.1666666666666664,0.15387648344039917,5,0.34239808558558565,0.827189028263092,Here is a narrow corner as...,64,3.4609177113331193
156,HERE IS A NARROW CORNER AS,6,2,6,A,-0.00043196120532229543,0.00043196120532229543,0.0021279499708148995,0.0,-2.220446049250313e-16,0.17281097173690796,6,0.020180180180180196,0.827189028263092,Here is a narrow corner as...,64,3.4609177113331193
157,HERE SOME OF YOU GIRLS,5,4,1,GIRLS,0.07889693230390549,0.07889693230390549,0.36380152535729515,0.09238952398300171,0.19999999999999984,0.09238952398300171,1,0.44262132352941186,0.8058009147644043,"Here, some of you girls.",32,2.1209763477992967
157,HERE SOME OF YOU GIRLS,5,0,2,HERE,0.06431029736995697,0.06431029736995697,0.29654111504932945,0.021783053874969482,0.10557280900008403,0.09425830841064453,2,0.3217830882352941,0.8058009147644043,"Here, some of you girls.",32,2.1209763477992967
157,HERE SOME OF YOU GIRLS,5,1,3,SOME,0.06232631579041481,0.06232631579041481,0.2873927805850947,0.060198187828063965,0.26970325665977835,0.16978704929351807,3,0.16117647058823525,0.8058009147644043,"Here, some of you girls.",32,2.1209763477992967
157,HERE SOME OF YOU GIRLS,5,2,4,OF,-0.006867651361972094,0.006867651361972094,0.03166741682025927,5.960464477539063e-08,-2.220446049250313e-16,0.18169867992401123,4,0.040294117647058814,0.8058009147644043,"Here, some of you girls.",32,2.1209763477992967
157,HERE SOME OF YOU GIRLS,5,3,5,YOU,-0.004466865677386522,0.004466865677386522,0.020597157576922955,5.960464477539063e-08,-2.220446049250313e-16,0.1941990852355957,5,0.10073529411764692,0.8058009147644043,"Here, some of you girls.",32,2.1209763477992967
163,I AM VERY GLAD,4,3,1,GLAD,0.10929509252309799,0.10929509252309799,0.6330401711018029,0.1006234884262085,0.13397459621556118,0.1006234884262085,1,0.6548750000000001,0.8993765115737915,I am very glad.,16,1.1869350277502235
163,I AM VERY GLAD,4,0,2,I,-0.03259056806564331,0.03259056806564331,0.18876546337356995,5.960464477539063e-08,0.0,0.1006234884262085,2,0.07033333333333336,0.8993765115737915,I am very glad.,16,1.1869350277502235
163,I AM VERY GLAD,4,2,3,VERY,0.027342181652784348,0.027342181652784348,0.15836666543941327,0.0560116171836853,0.32917960675006297,0.1006234884262085,3,0.45053869047619044,0.8993765115737915,I am very glad.,16,1.1869350277502235
163,I AM VERY GLAD,4,1,4,AM,-0.0034232735633850098,0.0034232735633850098,0.01982769429318654,5.960464477539063e-08,0.0,0.1006234884262085,4,0.1507142857142857,0.8993765115737915,I am very glad.,16,1.1869350277502235
168,I DO THINK THIS IS,5,2,1,THINK,0.06391321867704391,0.06391321867704391,0.3774127893040232,0.0,-2.220446049250313e-16,0.0,1,0.14881250000000001,0.8389153480529785,I do think this is...,32,1.9771251109996228
168,I DO THINK THIS IS,5,3,2,THIS,0.037065017968416214,0.037065017968416214,0.21887196587218893,0.0,-2.220446049250313e-16,0.0,2,0.14072916666666657,0.8389153480529785,I do think this is...,32,1.9771251109996228
168,I DO THINK THIS IS,5,1,3,DO,0.0359756238758564,0.0359756238758564,0.21243900455941436,0.0,-2.220446049250313e-16,0.08675360679626465,3,0.13670833333333343,0.8389153480529785,I do think this is...,32,1.9771251109996228
168,I DO THINK THIS IS,5,4,4,IS,0.028261298313736916,0.028261298313736916,0.16688528049005252,0.0,-2.220446049250313e-16,0.18596118688583374,4,0.16041666666666665,0.8389153480529785,I do think this is...,32,1.9771251109996228
168,I DO THINK THIS IS,5,0,5,I,-0.0041305022314190865,0.0041305022314190865,0.024390953869239108,0.0,-2.220446049250313e-16,0.16108465194702148,5,0.1805416666666667,0.8389153480529785,I do think this is...,32,1.9771251109996228
170,I GIVE MY CONSENT,4,3,1,CONSENT,0.11678855866193771,0.11678855866193771,0.6517067354194498,0.08887434005737305,0.13397459621556118,0.08887434005737305,1,0.7655588842975207,0.8275112509727478,I give my consent.,16,1.1623990947500715
170,I GIVE MY CONSENT,4,1,2,GIVE,0.054403793066740036,0.054403793066740036,0.30358554622282197,0.039718568325042725,0.13397459621556118,0.1450391411781311,2,0.254161673553719,0.8275112509727478,I give my consent.,16,1.1623990947500715
170,I GIVE MY CONSENT,4,0,3,I,0.004654104821383953,0.004654104821383953,0.025970964058421694,0.0,0.0,0.18479156494140625,3,0.04101704545454543,0.8275112509727478,I give my consent.,16,1.1623990947500715
170,I GIVE MY CONSENT,4,2,4,MY,-0.0033577033318579197,0.0033577033318579197,0.01873674871907892,0.0,0.0,0.1724887490272522,4,0.3226446280991737,0.8275112509727478,I give my consent.,16,1.1623990947500715
171,I GRANT SAID THE SENATOR,5,4,1,SENATOR,0.11718276888132095,0.11718276888132095,0.4366327500151808,0.13231205940246582,0.19999999999999984,0.13231205940246582,1,0.6013090596330275,0.7316216230392456,"I grant, said the Senator,",32,2.082009505399037
171,I GRANT SAID THE SENATOR,5,1,2,GRANT,0.07421797513961792,0.07421797513961792,0.27654235255858717,0.08741343021392822,0.19999999999999984,0.19267559051513672,2,0.39774197247706444,0.7316216230392456,"I grant, said the Senator,",32,2.082009505399037
171,I GRANT SAID THE SENATOR,5,0,3,I,0.030976438894867897,0.030976438894867897,0.11542078950226384,0.03143268823623657,0.10557280900008403,0.1752377152442932,3,0.12474254587155975,0.7316216230392456,"I grant, said the Senator,",32,2.082009505399037
171,I GRANT SAID THE SENATOR,5,2,4,SAID,0.02767808735370636,0.02767808735370636,0.10313085713692836,0.035985469818115234,0.10557280900008403,0.21682560443878174,4,0.19367431192660556,0.7316216230392456,"I grant, said the Senator,",32,2.082009505399037
171,I GRANT SAID THE SENATOR,5,3,5,THE,0.018323060125112534,0.018323060125112534,0.06827324706095649,5.960464477539063e-08,-2.220446049250313e-16,0.2683783769607544,5,0.09082568807339464,0.7316216230392456,"I grant, said the Senator,",32,2.082009505399037
174,I KNEW YOU ALSO,4,1,1,KNEW,0.08199145644903183,0.08199145644903183,0.37897773300200005,0.028011083602905273,0.25,0.028011083602905273,1,0.22181318681318674,0.7836509943008423,I knew you also.,16,1.2048341404988605
174,I KNEW YOU ALSO,4,3,2,ALSO,0.07234788686037064,0.07234788686037064,0.3344035993173556,0.06594759225845337,0.25,0.09397304058074951,2,0.5360927197802199,0.7836509943008423,I knew you also.,16,1.2048341404988605
174,I KNEW YOU ALSO,4,0,3,I,0.04700132831931114,0.04700132831931114,0.21724771855477357,0.0,0.0,0.16129910945892334,3,0.13044230769230758,0.7836509943008423,I knew you also.,16,1.2048341404988605
174,I KNEW YOU ALSO,4,2,4,YOU,0.015008335001766682,0.015008335001766682,0.06937094450370955,0.0,0.0,0.21634900569915771,4,0.11090659340659359,0.7836509943008423,I knew you also.,16,1.2048341404988605
177,I NEVER HAD ANY FAMILY,5,4,1,FAMILY,0.1072416678071022,0.1072416678071022,0.3577351842105138,0.081473708152771,0.26970325665977835,0.081473708152771,1,0.5626149635036499,0.70022052526474,I never had any family.,32,2.1107349897996754
177,I NEVER HAD ANY FAMILY,5,1,2,NEVER,0.09560105204582214,0.09560105204582214,0.31890458870750776,0.0,-2.220446049250313e-16,0.081473708152771,2,0.3016423357664233,0.70022052526474,I never had any family.,32,2.1107349897996754
177,I NEVER HAD ANY FAMILY,5,3,3,ANY,0.058331578969955444,0.058331578969955444,0.1945816264778865,0.0,-2.220446049250313e-16,0.21980440616607666,3,0.20109489051094864,0.70022052526474,I never had any family.,32,2.1107349897996754
177,I NEVER HAD ANY FAMILY,5,2,4,HAD,0.03505722060799599,0.03505722060799599,0.11694336286030337,0.0,-2.220446049250313e-16,0.2712385654449463,4,0.24533713503649635,0.70022052526474,I never had any family.,32,2.1107349897996754
177,I NEVER HAD ANY FAMILY,5,0,5,I,0.003547960426658392,0.003547960426658392,0.011835234408003088,0.0,-2.220446049250313e-16,0.29977947473526,5,0.18056660583941597,0.70022052526474,I never had any family.,32,2.1107349897996754
187,I WILL PRACTICE IT,4,2,1,PRACTICE,0.14904791116714478,0.14904791116714478,0.5790449141438677,0.11136132478713989,0.25,0.11136132478713989,1,0.4040816326530612,0.7425968647003174,I will practice it.,16,1.1620712535004714
187,I WILL PRACTICE IT,4,0,2,I,0.046396657824516296,0.046396657824516296,0.18024907921340644,1.1920928955078125e-07,0.0,0.11136132478713989,2,0.14062627551020412,0.7425968647003174,I will practice it.,16,1.1620712535004714
187,I WILL PRACTICE IT,4,1,3,WILL,0.03644566237926483,0.03644566237926483,0.14158987722848249,1.1920928955078125e-07,0.0,0.24708008766174316,3,0.1536505102040816,0.7425968647003174,I will practice it.,16,1.1620712535004714
187,I WILL PRACTICE IT,4,3,4,IT,0.02551279030740261,0.02551279030740261,0.09911612552928502,1.1920928955078125e-07,0.0,0.2574031352996826,4,0.3022308673469387,0.7425968647003174,I will practice it.,16,1.1620712535004714
193,IF NOT A CHASTENED PERFORMER,5,4,1,PERFORMER,0.06690338253974915,0.06690338253974915,0.28811870496757963,0.06119352579116821,0.32917960675006297,0.06119352579116821,1,0.73925,0.778986394405365,"If not a Chasen performer,",32,1.9136378973998944
193,IF NOT A CHASTENED PERFORMER,5,3,2,CHASTENED,0.062502421438694,0.062502421438694,0.26916601281789126,0.057337164878845215,0.10557280900008403,0.11629921197891235,2,0.44220000000000015,0.778986394405365,"If not a Chasen performer,",32,1.9136378973998944
193,IF NOT A CHASTENED PERFORMER,5,0,3,IF,0.0559777095913887,0.0559777095913887,0.24106741067897353,0.08614814281463623,0.32917960675006297,0.1800527572631836,3,0.15653750000000005,0.778986394405365,"If not a Chasen performer,",32,1.9136378973998944
193,IF NOT A CHASTENED PERFORMER,5,1,4,NOT,0.04122711345553398,0.04122711345553398,0.17754412538562905,0.10612887144088745,0.6619382981085933,0.221013605594635,4,0.1809,0.778986394405365,"If not a Chasen performer,",32,1.9136378973998944
193,IF NOT A CHASTENED PERFORMER,5,2,5,A,-0.005597074516117573,0.005597074516117573,0.024103741843437203,5.960464477539063e-08,-2.220446049250313e-16,0.221013605594635,5,0.020100000000000007,0.778986394405365,"If not a Chasen performer,",32,1.9136378973998944
201,IN VAIN IF NONE REGARD,5,1,1,VAIN,0.1143907904624939,0.1143907904624939,0.4379658690259985,0.06831461191177368,0.26970325665977835,0.06831461191177368,1,0.28143637387387377,0.7388134002685547,in vain if none regard.,32,2.0647346754005413
201,IN VAIN IF NONE REGARD,5,4,2,REGARD,0.060316722840070724,0.060316722840070724,0.23093350285146672,0.044629812240600586,0.10557280900008403,0.11311501264572144,2,0.501838963963964,0.7388134002685547,in vain if none regard.,32,2.0647346754005413
201,IN VAIN IF NONE REGARD,5,3,3,NONE,0.03957872465252876,0.03957872465252876,0.1515343190417845,0.020850777626037598,0.209430584957905,0.14996445178985596,3,0.21094594594594596,0.7388134002685547,in vain if none regard.,32,2.0647346754005413
201,IN VAIN IF NONE REGARD,5,2,4,IF,0.03343268483877182,0.03343268483877182,0.12800309194546497,5.960464477539063e-08,-2.220446049250313e-16,0.2521859407424927,4,0.10039076576576567,0.7388134002685547,in vain if none regard.,32,2.0647346754005413
201,IN VAIN IF NONE REGARD,5,0,5,IN,0.013467617332935333,0.013467617332935333,0.051563213306604065,0.025605499744415283,0.26970325665977835,0.2611865997314453,5,0.1604746621621621,0.7388134002685547,in vain if none regard.,32,2.0647346754005413
206,IT HAS JUST BEEN STATED,5,4,1,STATED,0.11089950799942017,0.11089950799942017,0.4578179560571653,0.09131795167922974,0.10557280900008403,0.09131795167922974,1,0.4434622093023257,0.7577650547027588,"It has just been stated,",32,1.924074534799729
206,IT HAS JUST BEEN STATED,5,2,2,JUST,0.05325653403997421,0.05325653403997421,0.2198548758304439,0.038820624351501465,0.10557280900008403,0.14635562896728516,2,0.18156976744186049,0.7577650547027588,"It has just been stated,",32,1.924074534799729
206,IT HAS JUST BEEN STATED,5,3,3,BEEN,0.0333806537091732,0.0333806537091732,0.1378027993872219,0.0,-2.220446049250313e-16,0.13611197471618652,3,0.1613953488372093,0.7577650547027588,"It has just been stated,",32,1.924074534799729
206,IT HAS JUST BEEN STATED,5,0,4,IT,0.033045511692762375,0.033045511692762375,0.13641925823622886,0.0,-2.220446049250313e-16,0.19353795051574707,4,0.11658139534883716,0.7577650547027588,"It has just been stated,",32,1.924074534799729
206,IT HAS JUST BEEN STATED,5,1,5,HAS,0.011652737855911255,0.011652737855911255,0.04810510636071657,0.0,-2.220446049250313e-16,0.2422349452972412,5,0.1412209302325581,0.7577650547027588,"It has just been stated,",32,1.924074534799729
207,IT IS A DUTY SAID I,6,3,1,DUTY,0.11201827973127365,0.11201827973127365,0.5265089424552946,0.10432714223861694,0.1666666666666664,0.10432714223861694,1,0.3432075471698114,0.8020802736282349,"""It is a duty,"" said I.",64,3.6354023098332013
207,IT IS A DUTY SAID I,6,4,2,SAID,0.08979364484548569,0.08979364484548569,0.42204858974998155,0.0861629843711853,0.18350341907227385,0.20780670642852783,2,0.4643396226415095,0.8020802736282349,"""It is a duty,"" said I.",64,3.6354023098332013
207,IT IS A DUTY SAID I,6,2,3,A,-0.00526954373344779,0.00526954373344779,0.024767938812980513,1.1920928955078125e-07,-2.220446049250313e-16,0.20780670642852783,3,0.020188679245283003,0.8020802736282349,"""It is a duty,"" said I.",64,3.6354023098332013
207,IT IS A DUTY SAID I,6,0,4,IT,0.003063502488657832,0.003063502488657832,0.014399091464195072,1.1920928955078125e-07,-2.220446049250313e-16,0.20780670642852783,4,0.13050707547169815,0.8020802736282349,"""It is a duty,"" said I.",64,3.6354023098332013
207,IT IS A DUTY SAID I,6,5,5,I,-0.0021489800419658422,0.0021489800419658422,0.010100647965379227,1.1920928955078125e-07,-2.220446049250313e-16,0.18605566024780273,5,0.020188679245283003,0.8020802736282349,"""It is a duty,"" said I.",64,3.6354023098332013
207,IT IS A DUTY SAID I,6,1,6,IS,0.00046269994345493615,0.00046269994345493615,0.0021747848519634923,1.1920928955078125e-07,-2.220446049250313e-16,0.19791972637176514,6,0.12113207547169813,0.8020802736282349,"""It is a duty,"" said I.",64,3.6354023098332013
208,IT IS A VERY STUPID STORY,6,4,1,STUPID,0.12929970026016235,0.12929970026016235,0.6248981009956693,0.13084864616394043,0.08712907082472299,0.13084864616394043,1,0.4493633982035927,0.7930867671966553,It is a very stupid story.,64,3.604389497499748
208,IT IS A VERY STUPID STORY,6,5,2,STORY,0.05113082006573677,0.05113082006573677,0.2471123467196045,0.05760157108306885,0.08712907082472299,0.12004804611206055,2,0.6378821107784431,0.7930867671966553,It is a very stupid story.,64,3.604389497499748
208,IT IS A VERY STUPID STORY,6,0,3,IT,0.0101145189255476,0.0101145189255476,0.0488828949822928,0.0,-2.220446049250313e-16,0.12004804611206055,3,0.0764999999999999,0.7930867671966553,It is a very stupid story.,64,3.604389497499748
208,IT IS A VERY STUPID STORY,6,1,4,IS,0.00924769975244999,0.00924769975244999,0.04469360719519477,0.0,-2.220446049250313e-16,0.12004804611206055,4,0.16872305389221554,0.7930867671966553,It is a very stupid story.,64,3.604389497499748
208,IT IS A VERY STUPID STORY,6,3,5,VERY,0.005962064955383539,0.005962064955383539,0.02881432100102013,0.023506641387939453,0.1666666666666664,0.20691323280334473,5,0.34097005988023943,0.7930867671966553,It is a very stupid story.,64,3.604389497499748
208,IT IS A VERY STUPID STORY,6,2,6,A,0.0011584502644836903,0.0011584502644836903,0.005598724273275279,0.0,-2.220446049250313e-16,0.20691323280334473,6,0.020059880239520878,0.7930867671966553,It is a very stupid story.,64,3.604389497499748
209,IT IS IN FACT STATED,5,3,1,FACT,0.08895222097635269,0.08895222097635269,0.35977026215343866,0.002530813217163086,-2.220446049250313e-16,0.002530813217163086,1,0.36363636363636354,0.7527526021003723,"It is, in fact, stated,",32,1.9747613158004242
209,IT IS IN FACT STATED,5,4,2,STATED,0.06554625928401947,0.06554625928401947,0.2651040595384116,0.03220105171203613,0.10557280900008403,0.03958636522293091,2,0.5353535353535355,0.7527526021003723,"It is, in fact, stated,",32,1.9747613158004242
209,IT IS IN FACT STATED,5,1,3,IS,0.05410046502947807,0.05410046502947807,0.21881115808735752,1.1920928955078125e-07,-2.220446049250313e-16,0.14236009120941162,3,0.26262626262626254,0.7527526021003723,"It is, in fact, stated,",32,1.9747613158004242
209,IT IS IN FACT STATED,5,0,4,IT,0.03698471561074257,0.03698471561074257,0.1495859314685862,0.002530813217163086,-2.220446049250313e-16,0.24724739789962769,4,0.140655303030303,0.7527526021003723,"It is, in fact, stated,",32,1.9747613158004242
209,IT IS IN FACT STATED,5,2,5,IN,0.0016636243090033531,0.0016636243090033531,0.006728584707672252,0.002530813217163086,-2.220446049250313e-16,0.24724739789962769,5,0.12121212121212122,0.7527526021003723,"It is, in fact, stated,",32,1.9747613158004242
210,IT IS PERHAPS WELL,4,2,1,PERHAPS,0.09998705238103867,0.09998705238103867,0.5014273956381503,0.10560917854309082,0.25,0.10560917854309082,1,0.4653070652173913,0.8005951642990112,It is perhaps well.,16,1.1834586360000685
210,IT IS PERHAPS WELL,4,3,2,WELL,0.06942443549633026,0.06942443549633026,0.348158217045062,0.067624032497406,0.13397459621556118,0.15800178050994873,2,0.3567499999999999,0.8005951642990112,It is perhaps well.,16,1.1834586360000685
210,IT IS PERHAPS WELL,4,0,3,IT,0.022709043696522713,0.022709043696522713,0.11388411166263897,0.003912985324859619,0.0,0.15800178050994873,3,0.16021739130434787,0.8005951642990112,It is perhaps well.,16,1.1834586360000685
210,IT IS PERHAPS WELL,4,1,4,IS,0.007284312974661589,0.007284312974661589,0.03653027063922539,0.0,0.0,0.19940483570098877,4,0.14038043478260875,0.8005951642990112,It is perhaps well.,16,1.1834586360000685
211,IT IS REMARKED BY,4,2,1,REMARKED,0.1427145004272461,0.1427145004272461,0.6790818903897191,0.10727065801620483,0.25,0.10727065801620483,1,0.3411333333333332,0.7908123135566711,It is remarked by,16,1.1162400302509923
211,IT IS REMARKED BY,4,0,2,IT,0.04026014730334282,0.04026014730334282,0.19157084147913983,0.0,0.0,0.14236247539520264,2,0.14024999999999999,0.7908123135566711,It is remarked by,16,1.1162400302509923
211,IT IS REMARKED BY,4,1,3,IS,0.026698201894760132,0.026698201894760132,0.1270387056565612,0.0,0.0,0.20918768644332886,3,0.09029999999999994,0.7908123135566711,It is remarked by,16,1.1162400302509923
211,IT IS REMARKED BY,4,3,4,BY,-0.0004851619014516473,0.0004851619014516473,0.002308557716255412,0.0,0.0,0.20918768644332886,4,0.040133333333333576,0.7908123135566711,It is remarked by,16,1.1162400302509923
212,IT IS THE DELUGE,4,3,1,DELUGE,0.13187344372272491,0.13187344372272491,0.5709520086429181,0.12673664093017578,0.13397459621556118,0.12673664093017578,1,1.0643124999999998,0.7690288424491882,It is the deluge.,16,1.2368333924987382
212,IT IS THE DELUGE,4,0,2,IT,0.04868198558688164,0.04868198558688164,0.21077084719192715,0.024815797805786133,0.13397459621556118,0.16862761974334717,2,0.1803970588235294,0.7690288424491882,It is the deluge.,16,1.2368333924987382
212,IT IS THE DELUGE,4,1,3,IS,0.02791161648929119,0.02791161648929119,0.12084459955818547,0.025166034698486328,0.0,0.1661207675933838,3,0.3094522058823529,0.7690288424491882,It is the deluge.,16,1.2368333924987382
212,IT IS THE DELUGE,4,2,4,THE,0.022504106163978577,0.022504106163978577,0.0974325402774243,0.025166034698486328,0.0,0.23097115755081177,4,0.06022058823529408,0.7690288424491882,It is the deluge.,16,1.2368333924987382
214,IT SEEMS REAL STRANGE,4,3,1,STRANGE,0.14701780676841736,0.14701780676841736,0.49298059962979385,0.07995063066482544,0.25,0.07995063066482544,1,0.5812124999999999,0.7017776966094971,It seems real strange.,16,1.3007123529987439
214,IT SEEMS REAL STRANGE,4,1,2,SEEMS,0.06569724529981613,0.06569724529981613,0.22029622189199022,0.01757103204727173,0.25,0.20567119121551514,2,0.28069999999999995,0.7017776966094971,It seems real strange.,16,1.3007123529987439
214,IT SEEMS REAL STRANGE,4,2,3,REAL,0.06345169246196747,0.06345169246196747,0.21276642663224465,0.025630831718444824,0.13397459621556118,0.18206793069839478,3,0.18045,0.7017776966094971,It seems real strange.,16,1.3007123529987439
214,IT SEEMS REAL STRANGE,4,0,4,IT,0.022055551409721375,0.022055551409721375,0.07395674849276787,0.006741583347320557,0.13397459621556118,0.29822230339050293,4,0.1121875,0.7017776966094971,It seems real strange.,16,1.3007123529987439
219,IT WAS WHITE AND HARD,5,4,1,HARD,0.07401232421398163,0.07401232421398163,0.4205328151130093,0.0657508373260498,0.10557280900008403,0.0657508373260498,1,0.5704374999999999,0.8467111587524414,It was white and hard.,32,2.0089046460008833
219,IT WAS WHITE AND HARD,5,1,2,WAS,0.04533804953098297,0.04533804953098297,0.2576076052668475,0.0,-2.220446049250313e-16,0.08668756484985352,2,0.14064220183486242,0.8467111587524414,It was white and hard.,32,2.0089046460008833
219,IT WAS WHITE AND HARD,5,0,3,IT,0.04529232159256935,0.04529232159256935,0.25734778234040084,0.0,-2.220446049250313e-16,0.12180143594741821,3,0.1263807339449542,0.8467111587524414,It was white and hard.,32,2.0089046460008833
219,IT WAS WHITE AND HARD,5,3,4,AND,-0.006671873852610588,0.006671873852610588,0.037909117476237535,0.0,-2.220446049250313e-16,0.2427043914794922,4,0.12055045871559633,0.8467111587524414,It was white and hard.,32,2.0089046460008833
219,IT WAS WHITE AND HARD,5,2,5,WHITE,-0.004681978840380907,0.004681978840380907,0.02660267412157524,0.0,-2.220446049250313e-16,0.1532888412475586,5,0.24110091743119266,0.8467111587524414,It was white and hard.,32,2.0089046460008833
225,LED BACK TO THE STARTING POINT,6,4,1,STARTING,0.08835213631391525,0.08835213631391525,0.4065763076370442,0.07647830247879028,0.1666666666666664,0.07647830247879028,1,0.4235,0.8196509480476379,led back to the starting point.,64,3.743634351333943
225,LED BACK TO THE STARTING POINT,6,1,2,BACK,0.04491598159074783,0.04491598159074783,0.20669306607568153,0.0,-2.220446049250313e-16,0.07647830247879028,2,0.23854166666666676,0.8196509480476379,led back to the starting point.,64,3.743634351333943
225,LED BACK TO THE STARTING POINT,6,5,3,POINT,0.03476507216691971,0.03476507216691971,0.1599809044360981,0.025392591953277588,0.08712907082472299,0.1067933440208435,3,0.35129166666666656,0.8196509480476379,led back to the starting point.,64,3.743634351333943
225,LED BACK TO THE STARTING POINT,6,0,4,LED,0.023556411266326904,0.023556411266326904,0.1084012126182673,0.048313140869140625,0.2783121635129677,0.2372097373008728,4,0.28170833333333334,0.8196509480476379,led back to the starting point.,64,3.743634351333943
225,LED BACK TO THE STARTING POINT,6,3,5,THE,-0.01847928948700428,0.01847928948700428,0.08503746033585077,0.0,-2.220446049250313e-16,0.20898401737213135,5,0.08066666666666644,0.8196509480476379,led back to the starting point.,64,3.743634351333943
225,LED BACK TO THE STARTING POINT,6,2,6,TO,0.007238744292408228,0.007238744292408228,0.033311044295286994,0.0,-2.220446049250313e-16,0.18034905195236206,6,0.10083333333333322,0.8196509480476379,led back to the starting point.,64,3.743634351333943
228,LETTER FROM ADAM SMITH,4,3,1,SMITH,0.08032926917076111,0.08032926917076111,0.34454094234928634,0.06025916337966919,0.25,0.06025916337966919,1,0.48281249999999987,0.7668513059616089,Letter from Adam Smith.,16,1.1141400084998168
228,LETTER FROM ADAM SMITH,4,2,2,ADAM,0.07421855628490448,0.07421855628490448,0.3183314324427116,0.0567241907119751,0.13397459621556118,0.1372937560081482,2,0.3627232142857142,0.7668513059616089,Letter from Adam Smith.,16,1.1141400084998168
228,LETTER FROM ADAM SMITH,4,0,3,LETTER,0.06681440770626068,0.06681440770626068,0.2865742366544969,0.05605792999267578,0.13397459621556118,0.21524369716644287,3,0.3418839285714286,0.7668513059616089,Letter from Adam Smith.,16,1.1141400084998168
228,LETTER FROM ADAM SMITH,4,1,4,FROM,0.011786455288529396,0.011786455288529396,0.050553384264396775,0.0,0.0,0.2331486940383911,4,0.14100000000000001,0.7668513059616089,Letter from Adam Smith.,16,1.1141400084998168
229,LIKE A BEAUTIFUL FLOWER,4,3,1,FLOWER,0.14709027111530304,0.14709027111530304,0.6087742537627968,0.10497832298278809,0.25,0.10497832298278809,1,0.5259791666666669,0.7583828568458557,"Like a beautiful flower,",16,1.2066776007504814
229,LIKE A BEAUTIFUL FLOWER,4,2,2,BEAUTIFUL,0.046107374131679535,0.046107374131679535,0.19082827210218553,0.03077387809753418,0.13397459621556118,0.13922381401062012,2,0.4246388888888889,0.7583828568458557,"Like a beautiful flower,",16,1.2066776007504814
229,LIKE A BEAUTIFUL FLOWER,4,0,3,LIKE,0.04037615656852722,0.04037615656852722,0.16710802419792226,5.960464477539063e-08,0.0,0.22061222791671753,3,0.24182638888888897,0.7583828568458557,"Like a beautiful flower,",16,1.2066776007504814
229,LIKE A BEAUTIFUL FLOWER,4,1,4,A,0.008043299429118633,0.008043299429118633,0.03328944579831559,5.960464477539063e-08,0.0,0.2416171431541443,4,0.02022222222222214,0.7583828568458557,"Like a beautiful flower,",16,1.2066776007504814
230,LIMITATIONS OF THIS SYSTEM,4,0,1,LIMITATIONS,0.124819315969944,0.124819315969944,0.6754415819877743,0.11478358507156372,0.13397459621556118,0.11478358507156372,1,0.9047452290076334,0.8260678052902222,limitations of this system.,16,1.2021338305003155
230,LIMITATIONS OF THIS SYSTEM,4,3,2,SYSTEM,0.05439595505595207,0.05439595505595207,0.2943558026353493,0.05467784404754639,0.13397459621556118,0.19095849990844727,2,0.4018301526717558,0.8260678052902222,limitations of this system.,16,1.2021338305003155
230,LIMITATIONS OF THIS SYSTEM,4,2,3,THIS,-0.0054321493953466415,0.0054321493953466415,0.029395286720449356,0.015323162078857422,0.25,0.19095849990844727,3,0.1609160305343511,0.8260678052902222,limitations of this system.,16,1.2021338305003155
230,LIMITATIONS OF THIS SYSTEM,4,1,4,OF,0.00014919060049578547,0.00014919060049578547,0.0008073232450724556,-1.1920928955078125e-07,0.0,0.17393219470977783,4,0.21327528625954173,0.8260678052902222,limitations of this system.,16,1.2021338305003155
234,LOOK AT THAT MAN,4,3,1,MAN,0.07566452771425247,0.07566452771425247,0.5802681023733117,0.09568905830383301,0.25,0.09568905830383301,1,0.28086607142857134,0.8997746109962463,Look at that man.,16,1.2184041284999694
234,LOOK AT THAT MAN,4,2,2,THAT,0.029286354780197144,0.029286354780197144,0.22459583145637632,0.0,0.0,0.0,2,0.140625,0.8997746109962463,Look at that man.,16,1.2184041284999694
234,LOOK AT THAT MAN,4,1,3,AT,-0.015085210092365742,0.015085210092365742,0.11568784605723458,0.017804980278015137,0.13397459621556118,0.10022538900375366,3,0.1205357142857143,0.8997746109962463,Look at that man.,16,1.2184041284999694
234,LOOK AT THAT MAN,4,0,4,LOOK,0.010359713807702065,0.010359713807702065,0.07944821244411916,0.0,0.0,0.10022538900375366,4,0.19293749999999998,0.8997746109962463,Look at that man.,16,1.2184041284999694
239,MAN IS ALWAYS THE MASTER,5,4,1,MASTER,0.09194894134998322,0.09194894134998322,0.36286115397018853,0.04295229911804199,0.1548457452714832,0.04295229911804199,1,0.4617389018691589,0.7466002106666565,Man is always the master.,32,1.949037994000537
239,MAN IS ALWAYS THE MASTER,5,0,2,MAN,0.08338326215744019,0.08338326215744019,0.3290581303495673,0.033206820487976074,0.10557280900008403,0.14626944065093994,2,0.20070794392523372,0.7466002106666565,Man is always the master.,32,1.949037994000537
239,MAN IS ALWAYS THE MASTER,5,2,3,ALWAYS,0.06846772134304047,0.06846772134304047,0.2701964374084608,0.03887218236923218,0.10557280900008403,0.24252378940582275,3,0.2813084112149532,0.7466002106666565,Man is always the master.,32,1.949037994000537
239,MAN IS ALWAYS THE MASTER,5,1,4,IS,0.00523438211530447,0.00523438211530447,0.020656615582454917,0.0,-2.220446049250313e-16,0.24252378940582275,4,0.08037383177570101,0.7466002106666565,Man is always the master.,32,1.949037994000537
239,MAN IS ALWAYS THE MASTER,5,3,5,THE,0.0043654851615428925,0.0043654851615428925,0.017227658742995176,0.0,-2.220446049250313e-16,0.2533997893333435,5,0.06028037383177565,0.7466002106666565,Man is always the master.,32,1.949037994000537
243,MARY JANE IS A MAN,5,1,1,JANE,0.15800237655639648,0.15800237655639648,0.7017793287158212,0.1510218381881714,0.32917960675006297,0.1510218381881714,1,0.28067307692307675,0.7802691459655762,Mary Jane is... a man.,32,1.9856600599989178
243,MARY JANE IS A MAN,5,3,2,A,0.06177685782313347,0.06177685782313347,0.27438651720416934,0.05924469232559204,0.22540333075851637,0.21557098627090454,2,1.3247067307692308,0.7802691459655762,Mary Jane is... a man.,32,1.9856600599989178
243,MARY JANE IS A MAN,5,2,3,IS,0.0026588968466967344,0.0026588968466967344,0.011809688467144183,0.0,-2.220446049250313e-16,0.22607016563415527,3,0.28067307692307697,0.7802691459655762,Mary Jane is... a man.,32,1.9856600599989178
243,MARY JANE IS A MAN,5,4,4,MAN,-0.0020783215295523405,0.0020783215295523405,0.009231019935603836,0.0,-2.220446049250313e-16,0.22607016563415527,4,0.06014423076923103,0.7802691459655762,Mary Jane is... a man.,32,1.9856600599989178
243,MARY JANE IS A MAN,5,0,5,MARY,-0.0006289304001256824,0.0006289304001256824,0.002793441235686945,0.0,-2.220446049250313e-16,0.21973085403442383,5,0.25060096153846145,0.7802691459655762,Mary Jane is... a man.,32,1.9856600599989178
246,MINSTREL A D J,4,0,1,MINSTREL,0.16796019673347473,0.16796019673347473,0.6976848394504995,0.13433235883712769,0.2928932188134524,0.13433235883712769,1,0.6024204545454543,0.7592607736587524,Minstral Adjective,16,1.1607870754996839
246,MINSTREL A D J,4,1,2,A,0.05499468743801117,0.05499468743801117,0.22844078788919536,0.01518857479095459,-2.220446049250313e-16,0.20020562410354614,2,0.18581818181818188,0.7592607736587524,Minstral Adjective,16,1.1607870754996839
246,MINSTREL A D J,4,3,3,J,0.015676837414503098,0.015676837414503098,0.06511954622192533,-1.1920928955078125e-07,-2.220446049250313e-16,0.22703468799591064,3,0.10813068181818197,0.7592607736587524,Minstral Adjective,16,1.1607870754996839
246,MINSTREL A D J,4,2,4,D,0.0021076302509754896,0.0021076302509754896,0.008754822284509656,-1.1920928955078125e-07,-2.220446049250313e-16,0.24073922634124756,4,0.02009090909090916,0.7592607736587524,Minstral Adjective,16,1.1607870754996839
254,NO GOOD MY DEAR WATSON,5,4,1,WATSON,0.06780281662940979,0.06780281662940979,0.2994278225329454,0.0561833381652832,0.19999999999999984,0.0561833381652832,1,0.48484848484848464,0.7735588550567627,"No good, my dear Watson.",32,2.084072976000607
254,NO GOOD MY DEAR WATSON,5,0,2,NO,0.06716033071279526,0.06716033071279526,0.29659050443049173,0.0955895185470581,0.10557280900008403,0.1488121747970581,2,0.22143118686868685,0.7735588550567627,"No good, my dear Watson.",32,2.084072976000607
254,NO GOOD MY DEAR WATSON,5,3,3,DEAR,0.052518393844366074,0.052518393844366074,0.23192942555317358,0.04444301128387451,0.19999999999999984,0.17928588390350342,3,0.1515151515151516,0.7735588550567627,"No good, my dear Watson.",32,2.084072976000607
254,NO GOOD MY DEAR WATSON,5,1,4,GOOD,0.023958776146173477,0.023958776146173477,0.10580569552462035,0.05496835708618164,0.19999999999999984,0.20786142349243164,4,0.2541875,0.7735588550567627,"No good, my dear Watson.",32,2.084072976000607
254,NO GOOD MY DEAR WATSON,5,2,5,MY,0.015000952407717705,0.015000952407717705,0.06624654754261286,-1.1920928955078125e-07,-2.220446049250313e-16,0.2264411449432373,5,0.14141414141414121,0.7735588550567627,"No good, my dear Watson.",32,2.084072976000607
