sample_id,n_segments,present_mask,coalition_size,util_emb,util_tfidf
1,4,15,4,1.000000238418579,1.0000000000000002
1,4,0,0,0.8664889931678772,0.7035264706814485
1,4,1,1,0.8720007538795471,0.6784005252999683
1,4,2,1,0.9646406173706055,0.8528028654224418
1,4,4,1,0.8727402687072754,0.3223291856101522
1,4,8,1,0.8509499430656433,0.2611164839335468
1,4,3,2,0.9832311868667603,0.9090909090909093
1,4,5,2,0.9013428688049316,0.8703882797784891
1,4,9,2,0.9130816459655762,0.7627700713964741
1,4,6,2,0.995672881603241,0.9534625892455927
1,4,10,2,0.9811847805976868,0.9045340337332909
1,4,12,2,0.8663100004196167,0.30151134457776363
1,4,7,3,1.000000238418579,1.0000000000000002
1,4,11,3,0.9832311868667603,0.9090909090909093
1,4,13,3,0.9230285286903381,0.9090909090909093
1,4,14,3,0.995672881603241,0.9534625892455927
6,4,15,4,1.0000001192092896,1.0000000000000002
6,4,0,0,0.8020044565200806,0.18181818181818182
6,4,1,1,0.8000198006629944,0.18181818181818182
6,4,2,1,0.8128582239151001,0.3223291856101522
6,4,4,1,0.8399154543876648,0.2611164839335468
6,4,8,1,0.9074774384498596,0.7627700713964741
6,4,3,2,0.8632744550704956,0.2727272727272727
6,4,5,2,0.8906142711639404,0.3481553119113957
6,4,9,2,0.9378064870834351,0.8040302522073697
6,4,6,2,0.8969239592552185,0.8581163303210334
6,4,10,2,0.9693762063980103,0.8581163303210334
6,4,12,2,0.9785172939300537,0.9045340337332909
6,4,7,3,0.8632744550704956,0.2727272727272727
6,4,11,3,0.9108041524887085,0.8181818181818183
6,4,13,3,0.991277813911438,0.9534625892455927
6,4,14,3,0.9851697087287903,0.9534625892455927
11,4,15,4,1.0,1.0000000000000002
11,4,0,0,0.8783037662506104,0.10461753737613647
11,4,1,1,0.9457634091377258,0.8040302522073697
11,4,2,1,0.8470797538757324,0.36181361349331637
11,4,4,1,0.8163859844207764,0.3481553119113957
11,4,8,1,0.8804160356521606,0.37688918072220456
11,4,3,2,0.9626543521881104,0.9045340337332909
11,4,5,2,0.9396255016326904,0.8181818181818183
11,4,9,2,0.9426401853561401,0.8181818181818183
11,4,6,2,0.8543433547019958,0.38924947208076155
11,4,10,2,0.9524624347686768,0.9045340337332909
11,4,12,2,0.882142186164856,0.4351941398892446
11,4,7,3,0.9470930099487305,0.9090909090909093
11,4,11,3,0.9939363598823547,0.9534625892455927
11,4,13,3,0.9716075658798218,0.9090909090909093
11,4,14,3,0.9586893916130066,0.9534625892455927
26,4,15,4,1.0,1.0000000000000007
26,4,0,0,0.8411245346069336,0.7412493166611015
26,4,1,1,0.8749678134918213,0.848668424791506
26,4,2,1,0.8715449571609497,0.7130240959073808
26,4,4,1,0.845077395439148,0.7412493166611015
26,4,8,1,0.8778637647628784,0.7349684152591671
26,4,3,2,0.879902720451355,0.8571428571428578
26,4,5,2,0.9701972007751465,0.9285714285714293
26,4,9,2,0.9141797423362732,0.8894991799933217
26,4,6,2,0.9655435085296631,0.8894991799933217
26,4,10,2,0.8770334720611572,0.8280786712108253
26,4,12,2,0.9765477180480957,0.925820099772552
26,4,7,3,0.9196971654891968,0.4029114820126903
26,4,11,3,0.903732180595398,0.9285714285714293
26,4,13,3,0.985349714756012,0.9636241116594318
26,4,14,3,0.9954298734664917,0.9636241116594318
32,4,15,4,1.0,1.0000000000000002
32,4,0,0,0.832359790802002,0.1611645928050761
32,4,1,1,0.850632905960083,0.25087260300212727
32,4,2,1,0.9038374423980713,0.2611164839335468
32,4,4,1,0.8938351273536682,0.3344968040028364
32,4,8,1,0.8741525411605835,0.25087260300212727
32,4,3,2,0.9193471074104309,0.4181210050035455
32,4,5,2,0.9438562989234924,0.9090909090909093
32,4,9,2,0.8824973106384277,0.3223291856101522
32,4,6,2,0.9456757307052612,0.8581163303210334
32,4,10,2,0.9210082292556763,0.3481553119113957
32,4,12,2,0.8938351273536682,0.3344968040028364
32,4,7,3,0.9547748565673828,0.9090909090909093
32,4,11,3,0.9865120649337769,0.9534625892455927
32,4,13,3,0.9007214903831482,0.4029114820126903
32,4,14,3,0.9938877820968628,0.9534625892455927
33,4,15,4,1.0,1.0000000000000007
33,4,0,0,0.8029977083206177,0.08151391459392227
33,4,1,1,0.8951388597488403,0.848668424791506
33,4,2,1,0.8594993352890015,0.28347335475692054
33,4,4,1,0.8584070205688477,0.8058229640253805
33,4,8,1,0.9344462156295776,0.925820099772552
33,4,3,2,0.9235846996307373,0.925820099772552
33,4,5,2,0.9006526470184326,0.8280786712108253
33,4,9,2,0.9482812881469727,0.9636241116594318
33,4,6,2,0.8832409381866455,0.8280786712108253
33,4,10,2,0.9344462156295776,0.925820099772552
33,4,12,2,0.92154860496521,0.6236095644623237
33,4,7,3,0.9255236983299255,0.8970852271450608
33,4,11,3,0.9447174072265625,0.9636241116594318
33,4,13,3,1.0,1.0000000000000007
33,4,14,3,0.9372092485427856,0.42257712736425845
35,4,15,4,1.0,1.0000000000000002
35,4,0,0,0.8706486225128174,0.7627700713964741
35,4,1,1,0.829477071762085,0.3223291856101522
35,4,2,1,0.9377024173736572,0.7272727272727274
35,4,4,1,0.8004055619239807,0.24174688920761417
35,4,8,1,0.9516730308532715,0.8581163303210334
35,4,3,2,0.9526873826980591,0.9090909090909093
35,4,5,2,0.8756120800971985,0.7833494518006402
35,4,9,2,1.0,1.0000000000000002
35,4,6,2,0.9377024173736572,0.7272727272727274
35,4,10,2,0.9860665798187256,0.8581163303210334
35,4,12,2,0.9400891661643982,0.7833494518006402
35,4,7,3,0.9526873826980591,0.9090909090909093
35,4,11,3,1.0,1.0000000000000002
35,4,13,3,0.930509626865387,0.9090909090909093
35,4,14,3,0.9782359004020691,0.8581163303210334
38,5,31,5,0.9999998807907104,1.0000000000000002
38,5,0,0,0.8699979186058044,0.7144345083117604
38,5,1,1,0.8153101205825806,0.1601281538050872
38,5,2,1,0.817972719669342,0.23145502494313797
38,5,4,1,0.8240870237350464,0.2886751345948129
38,5,8,1,0.8339942693710327,0.22360679774997902
38,5,16,1,0.9198398590087891,0.3857583749052299
38,5,3,2,0.8906018733978271,0.6943650748294139
38,5,5,2,0.9902035593986511,1.0000000000000002
38,5,9,2,0.9135698080062866,0.8703882797784891
38,5,17,2,0.9902035593986511,1.0000000000000002
38,5,6,2,0.9868319630622864,0.916666666666667
38,5,10,2,0.8397499322891235,0.23145502494313797
38,5,18,2,0.9735117554664612,0.8703882797784891
38,5,12,2,0.8437663316726685,0.2886751345948129
38,5,20,2,0.9698918461799622,0.8703882797784891
38,5,24,2,0.9198398590087891,0.3857583749052299
38,5,7,3,0.9999998807907104,1.0000000000000002
38,5,11,3,0.9146275520324707,0.8333333333333336
38,5,19,3,0.9999998807907104,1.0000000000000002
38,5,13,3,0.9902035593986511,1.0000000000000002
38,5,21,3,0.9980870485305786,1.0000000000000002
38,5,25,3,0.9980870485305786,1.0000000000000002
38,5,14,3,0.9868319630622864,0.916666666666667
38,5,22,3,0.9735117554664612,0.8703882797784891
38,5,26,3,0.9735117554664612,0.8703882797784891
38,5,28,3,0.9698918461799622,0.8703882797784891
38,5,15,4,0.9999998807907104,1.0000000000000002
38,5,23,4,0.9999998807907104,1.0000000000000002
38,5,27,4,0.9999998807907104,1.0000000000000002
38,5,29,4,0.9999998807907104,1.0000000000000002
38,5,30,4,0.9735117554664612,0.8703882797784891
43,5,31,5,0.9999998807907104,1.0000000000000002
43,5,0,0,0.8199999332427979,0.15430334996209197
43,5,1,1,0.8114900588989258,0.149071198499986
43,5,2,1,0.8192347288131714,0.23145502494313797
43,5,4,1,0.8423535823822021,0.2401922307076308
43,5,8,1,0.7907527685165405,0.15430334996209197
43,5,16,1,0.7884368300437927,0.1601281538050872
43,5,3,2,0.8477404117584229,0.30860669992418394
43,5,5,2,0.9045142531394958,0.8703882797784891
43,5,9,2,0.8178993463516235,0.22360679774997902
43,5,17,2,0.7884368300437927,0.1601281538050872
43,5,6,2,0.8829051852226257,0.40032038451271795
43,5,10,2,0.8363373875617981,0.27216552697590873
43,5,18,2,0.7912781834602356,0.23145502494313797
43,5,12,2,0.8399606943130493,0.23145502494313797
43,5,20,2,0.9688358902931213,0.8703882797784891
43,5,24,2,0.9162017703056335,0.30860669992418394
43,5,7,3,0.8879894018173218,0.4629100498862759
43,5,11,3,0.9315640926361084,0.916666666666667
43,5,19,3,0.7912781834602356,0.23145502494313797
43,5,13,3,0.9999998807907104,1.0000000000000002
43,5,21,3,0.9999998807907104,1.0000000000000002
43,5,25,3,0.9792584776878357,0.9258200997725521
43,5,14,3,0.8745692372322083,0.3857583749052299
43,5,22,3,0.9501882195472717,0.4629100498862759
43,5,26,3,0.9253037571907043,0.3857583749052299
43,5,28,3,0.9623503684997559,0.7833494518006402
43,5,15,4,0.8416178226470947,0.447213595499958
43,5,23,4,0.8990753889083862,0.8703882797784891
43,5,27,4,0.9999998807907104,1.0000000000000002
43,5,29,4,0.9999998807907104,1.0000000000000002
43,5,30,4,0.9966503977775574,0.957427107756338
44,5,31,5,1.0,1.0
44,5,0,0,0.850121021270752,0.6931032800836722
44,5,1,1,0.9426407814025879,0.8744746321952065
44,5,2,1,0.916641116142273,0.7514691493021792
44,5,4,1,0.8460586071014404,0.6931032800836722
44,5,8,1,0.8463361859321594,0.24253562503633294
44,5,16,1,0.949657678604126,0.7778444682625972
44,5,3,2,0.867351770401001,0.7431605356175385
44,5,5,2,0.9511330127716064,0.9146591207600474
44,5,9,2,0.9426407814025879,0.8744746321952065
44,5,17,2,0.9839141368865967,0.9393364366277241
44,5,6,2,0.9578536748886108,0.8003267306650415
44,5,10,2,0.8824024200439453,0.280056016805602
44,5,18,2,0.9659527540206909,0.8140915784106941
44,5,12,2,0.8375489115715027,0.36563621206356534
44,5,20,2,0.9445684552192688,0.9074852129730302
44,5,24,2,0.974000096321106,0.8426648406178137
44,5,7,3,0.9511330127716064,0.9146591207600474
44,5,11,3,0.8791373372077942,0.4383570037596047
44,5,19,3,0.9839141368865967,0.9393364366277241
44,5,13,3,0.8952980637550354,0.5294117647058824
44,5,21,3,0.9936530590057373,0.9718253158075504
44,5,25,3,0.9839141368865967,0.9393364366277241
44,5,14,3,0.9056544899940491,0.4537426064865152
44,5,22,3,0.9977129697799683,0.9723055853282466
44,5,26,3,0.974000096321106,0.8426648406178137
44,5,28,3,0.9906530380249023,0.9417419115948378
44,5,15,4,0.9033197164535522,0.5294117647058824
44,5,23,4,1.0,1.0
44,5,27,4,0.9938645362854004,0.9723055853282466
44,5,29,4,0.9906530380249023,0.9417419115948378
44,5,30,4,0.9977129697799683,0.9723055853282466
60,4,15,4,1.0,1.0000000000000002
60,4,0,0,0.8110153675079346,0.17407765595569785
60,4,1,1,0.8177354335784912,0.17407765595569785
60,4,2,1,0.9170489311218262,0.4181210050035455
60,4,4,1,0.8598983287811279,0.2611164839335468
60,4,8,1,0.7929775714874268,0.10660035817780522
60,4,3,2,0.9170489311218262,0.4181210050035455
60,4,5,2,0.8598983287811279,0.2611164839335468
60,4,9,2,0.8977166414260864,0.6963106238227913
60,4,6,2,0.9170489311218262,0.4181210050035455
60,4,10,2,0.8592239618301392,0.3223291856101522
60,4,12,2,0.9526193141937256,0.8581163303210334
60,4,7,3,0.9170489311218262,0.4181210050035455
60,4,11,3,0.8632388114929199,0.3223291856101522
60,4,13,3,1.0,1.0000000000000002
60,4,14,3,1.0,1.0000000000000002
65,6,63,6,0.9999999403953552,1.0
65,6,0,0,0.8082364201545715,0.1252448582170299
65,6,1,1,0.814690113067627,0.12171612389003694
65,6,2,1,0.9341195821762085,0.7877263614433764
65,6,4,1,0.8417676091194153,0.6900655593423545
65,6,8,1,0.878111720085144,0.8140915784106941
65,6,16,1,0.8134939670562744,0.1825741858350554
65,6,32,1,0.8912826180458069,0.6694386813952033
65,6,3,2,0.9341195821762085,0.7877263614433764
65,6,5,2,0.9999999403953552,1.0
65,6,9,2,0.8747988939285278,0.7590721152765899
65,6,17,2,0.8134939670562744,0.1825741858350554
65,6,33,2,0.9179381728172302,0.7302967433402219
65,6,6,2,0.9321510791778564,0.8593378488473197
65,6,10,2,0.9999999403953552,1.0
65,6,18,2,0.9284789562225342,0.8280786712108253
65,6,34,2,0.9938927888870239,0.9660917830792962
65,6,12,2,0.9038591980934143,0.5809475019311126
65,6,20,2,0.797239363193512,0.2666666666666667
65,6,36,2,0.9161825180053711,0.8666666666666667
65,6,24,2,0.9045752882957458,0.7877263614433764
65,6,40,2,0.8822237849235535,0.74535599249993
65,6,48,2,0.9289616346359253,0.876714007519209
65,6,7,3,0.9321510791778564,0.8593378488473197
65,6,11,3,0.9999999403953552,1.0
65,6,19,3,0.9273664951324463,0.7877263614433764
65,6,35,3,0.960496723651886,0.8280786712108253
65,6,13,3,0.8826338648796082,0.8280786712108253
65,6,21,3,0.7964257597923279,0.40414518843273806
65,6,37,3,0.9451649188995361,0.8520128672302589
65,6,25,3,0.8896523714065552,0.8280786712108253
65,6,41,3,0.9451649188995361,0.8520128672302589
65,6,49,3,0.9289616346359253,0.876714007519209
65,6,14,3,0.9999999403953552,1.0
65,6,22,3,0.9999999403953552,1.0
65,6,38,3,0.9999999403953552,1.0
65,6,26,3,0.9453602433204651,0.9341987329938277
65,6,42,3,0.9999999403953552,1.0
65,6,50,3,0.9999999403953552,1.0
65,6,28,3,0.8013916015625,0.16903085094570333
65,6,44,3,0.9661182761192322,0.9333333333333333
65,6,52,3,0.9999999403953552,1.0
65,6,56,3,0.9430446624755859,0.894427190999916
65,6,15,4,0.9999999403953552,1.0
65,6,23,4,0.9502641558647156,0.9660917830792962
65,6,39,4,0.9999999403953552,1.0
65,6,27,4,0.9502641558647156,0.9660917830792962
65,6,43,4,0.9999999403953552,1.0
65,6,51,4,0.9999999403953552,1.0
65,6,29,4,0.8948695659637451,0.5333333333333333
65,6,45,4,0.9999999403953552,1.0
65,6,53,4,0.976965069770813,0.9333333333333333
65,6,57,4,0.9999999403953552,1.0
65,6,30,4,0.9502641558647156,0.9660917830792962
65,6,46,4,0.9999999403953552,1.0
65,6,54,4,0.9999999403953552,1.0
65,6,58,4,0.9999999403953552,1.0
65,6,60,4,0.9999999403953552,1.0
65,6,31,5,0.9502641558647156,0.9660917830792962
65,6,47,5,0.9999999403953552,1.0
65,6,55,5,0.9999999403953552,1.0
65,6,59,5,0.9999999403953552,1.0
65,6,61,5,0.9999999403953552,1.0
65,6,62,5,0.9999999403953552,1.0
66,5,31,5,1.0,1.0000000000000002
66,5,0,0,0.8199629783630371,0.14433756729740646
66,5,1,1,0.8786056041717529,0.6963106238227913
66,5,2,1,0.9257408380508423,0.8215838362577493
66,5,4,1,0.8251714110374451,0.2401922307076308
66,5,8,1,0.868557333946228,0.3481553119113957
66,5,16,1,0.7900068759918213,0.30860669992418394
66,5,3,2,0.9465580582618713,0.8703882797784891
66,5,5,2,0.8830016851425171,0.6963106238227913
66,5,9,2,0.9524500966072083,0.8807048459279795
66,5,17,2,0.8404937386512756,0.23145502494313797
66,5,6,2,0.9257408380508423,0.8215838362577493
66,5,10,2,0.9887124300003052,0.957427107756338
66,5,18,2,0.9614618420600891,0.8215838362577493
66,5,12,2,0.8760144710540771,0.36084391824351614
66,5,20,2,0.8382225036621094,0.3651483716701109
66,5,24,2,0.868557333946228,0.3481553119113957
66,5,7,3,0.9394990801811218,0.8703882797784891
66,5,11,3,1.0,1.0000000000000002
66,5,19,3,0.9823585748672485,0.8703882797784891
66,5,13,3,0.9415575265884399,0.916666666666667
66,5,21,3,0.9416322708129883,0.7500000000000002
66,5,25,3,0.9424269199371338,0.916666666666667
66,5,14,3,0.9887124300003052,0.957427107756338
66,5,22,3,0.9217917919158936,0.8215838362577493
66,5,26,3,0.9887124300003052,0.957427107756338
66,5,28,3,0.8759304285049438,0.36084391824351614
66,5,15,4,1.0,1.0000000000000002
66,5,23,4,1.0,1.0000000000000002
66,5,27,4,1.0,1.0000000000000002
66,5,29,4,0.947409987449646,0.916666666666667
66,5,30,4,0.9887124300003052,0.957427107756338
76,6,63,6,0.9999999403953552,1.0000000000000002
76,6,0,0,0.8666160106658936,0.7106690545187014
76,6,1,1,0.8772183656692505,0.6288281455225326
76,6,2,1,0.9575842022895813,0.9152086306448589
76,6,4,1,0.9633400440216064,0.9152086306448589
76,6,8,1,0.9497650861740112,0.881917103688197
76,6,16,1,0.8699074983596802,0.7537783614444094
76,6,32,1,0.8497512340545654,0.6537204504606136
76,6,3,2,0.9698408246040344,0.9128709291752773
76,6,5,2,0.9877606630325317,0.9449111825230682
76,6,9,2,0.9877606630325317,0.9449111825230682
76,6,17,2,0.9042397737503052,0.7302967433402219
76,6,33,2,0.9479315280914307,0.8229511997978236
76,6,6,2,0.8714922666549683,0.5443310539518175
76,6,10,2,0.8714922666549683,0.5443310539518175
76,6,18,2,0.9634238481521606,0.9449111825230682
76,6,34,2,0.9633400440216064,0.9152086306448589
76,6,12,2,0.9376404285430908,0.8845379626717035
76,6,20,2,0.8907660841941833,0.5892556509887896
76,6,36,2,0.9382052421569824,0.8498365855987976
76,6,24,2,0.8843109607696533,0.8111071056538132
76,6,40,2,0.8889560699462891,0.7570332986102256
76,6,48,2,0.8968608379364014,0.6694386813952033
76,6,7,3,0.9877606630325317,0.9449111825230682
76,6,11,3,0.9877606630325317,0.9449111825230682
76,6,19,3,0.9808844327926636,0.9428090415820632
76,6,35,3,0.9999999403953552,1.0000000000000002
76,6,13,3,0.9877606630325317,0.9449111825230682
76,6,21,3,0.9999999403953552,1.0000000000000002
76,6,37,3,0.9999999403953552,1.0000000000000002
76,6,25,3,0.9406391978263855,0.8249579113843054
76,6,41,3,0.976974606513977,0.881917103688197
76,6,49,3,0.9999999403953552,1.0000000000000002
76,6,14,3,0.8719798922538757,0.5443310539518175
76,6,22,3,0.9757088422775269,0.9718253158075504
76,6,38,3,0.9633400440216064,0.9152086306448589
76,6,26,3,0.9688703417778015,0.9718253158075504
76,6,42,3,0.964505136013031,0.9444444444444446
76,6,50,3,0.9688703417778015,0.9718253158075504
76,6,28,3,0.9453372955322266,0.9428090415820634
76,6,44,3,0.9165289402008057,0.8838834764831844
76,6,52,3,0.9769183993339539,0.9718253158075504
76,6,56,3,0.8826758861541748,0.6859943405700355
76,6,15,4,0.9877606630325317,0.9449111825230682
76,6,23,4,0.9999999403953552,1.0000000000000002
76,6,39,4,0.9999999403953552,1.0000000000000002
76,6,27,4,0.9906790256500244,0.9737289911202958
76,6,43,4,0.9999999403953552,1.0000000000000002
76,6,51,4,0.9999999403953552,1.0000000000000002
76,6,29,4,0.9906790256500244,0.9737289911202958
76,6,45,4,0.9893441200256348,0.9733285267845757
76,6,53,4,0.9999999403953552,1.0000000000000002
76,6,57,4,0.9566285610198975,0.9146591207600474
76,6,30,4,0.9634238481521606,0.9449111825230682
76,6,46,4,0.964505136013031,0.9444444444444446
76,6,54,4,0.9757088422775269,0.9718253158075504
76,6,58,4,0.9769183993339539,0.9718253158075504
76,6,60,4,0.9453372955322266,0.9428090415820634
76,6,31,5,0.9906790256500244,0.9737289911202958
76,6,47,5,0.9893441200256348,0.9733285267845757
76,6,55,5,0.9999999403953552,1.0000000000000002
76,6,59,5,0.9999999403953552,1.0000000000000002
76,6,61,5,0.9768968820571899,0.9444444444444446
76,6,62,5,0.9757088422775269,0.9718253158075504
80,7,127,7,1.0,1.0000000000000002
80,7,0,0,0.8448026180267334,0.7416198487095663
80,7,1,1,0.8068913221359253,0.7768985960673558
80,7,2,1,0.886870265007019,0.7267220926874318
80,7,4,1,0.8611262440681458,0.8062257748298552
80,7,8,1,0.8390009999275208,0.7302967433402215
80,7,16,1,0.8611262440681458,0.8062257748298552
80,7,32,1,0.9492750763893127,0.8677218312746249
80,7,64,1,0.8356138467788696,0.7302967433402215
80,7,3,2,0.9112972021102905,0.8677218312746249
80,7,5,2,0.8483656644821167,0.7768985960673558
80,7,9,2,0.8169564008712769,0.7505553499465136
80,7,17,2,0.8497549891471863,0.7505553499465136
80,7,33,2,0.7897568941116333,0.28284271247461906
80,7,65,2,0.8365195393562317,0.7505553499465136
80,7,6,2,0.8963655233383179,0.8660254037844388
80,7,10,2,0.9162842035293579,0.7768985960673558
80,7,18,2,0.9859319925308228,0.950328890437411
80,7,34,2,0.9215007424354553,0.8944271909999162
80,7,66,2,0.9068523645401001,0.8366600265340755
80,7,12,2,0.8549111485481262,0.8062257748298552
80,7,20,2,0.9449962973594666,0.8682431421244595
80,7,36,2,0.8783366084098816,0.8660254037844388
80,7,68,2,0.8549111485481262,0.8062257748298552
80,7,24,2,0.9541468024253845,0.8964214570007951
80,7,40,2,0.9004757404327393,0.7592566023652967
80,7,72,2,0.796501100063324,0.14142135623730953
80,7,48,2,0.9643040895462036,0.9237604307034014
80,7,80,2,0.9541468024253845,0.8964214570007951
80,7,96,2,0.8609498739242554,0.8134892168199608
80,7,7,3,0.9237099885940552,0.921954445729289
80,7,11,3,0.8956446051597595,0.7267220926874317
80,7,19,3,0.8345655202865601,0.7768985960673558
80,7,35,3,0.9255493879318237,0.9233805168766391
80,7,67,3,0.8408965468406677,0.7505553499465136
80,7,13,3,0.8529006242752075,0.8385254915624213
80,7,21,3,0.93672776222229,0.8944271909999161
80,7,37,3,0.9519088864326477,0.9233805168766391
80,7,69,3,0.8468809127807617,0.8134892168199608
80,7,25,3,0.9222060441970825,0.7778174593052023
80,7,41,3,0.8517191410064697,0.8385254915624213
80,7,73,3,0.8409684896469116,0.7505553499465136
80,7,49,3,0.9561634063720703,0.9233805168766391
80,7,81,3,0.8792206048965454,0.7115124735378854
80,7,97,3,0.8024275302886963,0.4045199174779453
80,7,14,3,0.8963655233383179,0.8660254037844388
80,7,22,3,0.9824981689453125,0.9237604307034014
80,7,38,3,0.9968491196632385,0.9761870601839531
80,7,70,3,0.8963655233383179,0.8660254037844388
80,7,26,3,0.9824981689453125,0.9237604307034014
80,7,42,3,0.9215007424354553,0.8944271909999162
80,7,74,3,0.9134240746498108,0.7826237921249266
80,7,50,3,0.9968491196632385,0.9761870601839531
80,7,82,3,0.9859319925308228,0.950328890437411
80,7,98,3,0.9291893839836121,0.8385254915624214
80,7,28,3,0.9541468024253845,0.8964214570007951
80,7,44,3,0.9643040895462036,0.9237604307034014
80,7,76,3,0.8549111485481262,0.8062257748298552
80,7,52,3,0.9643040895462036,0.9237604307034014
80,7,84,3,0.9449962973594666,0.8682431421244595
80,7,100,3,0.8901214003562927,0.7905694150420951
80,7,56,3,0.9643040895462036,0.9237604307034014
80,7,88,3,0.9541468024253845,0.8964214570007951
80,7,104,3,0.9492750763893127,0.8677218312746249
80,7,112,3,0.9643040895462036,0.9237604307034014
80,7,15,4,0.9007166624069214,0.8959786703810411
80,7,23,4,0.9860010743141174,0.9486832980505141
80,7,39,4,1.0,1.0000000000000002
80,7,71,4,0.9237099885940552,0.921954445729289
80,7,27,4,0.9860010743141174,0.9486832980505141
80,7,43,4,0.9127906560897827,0.8677218312746249
80,7,75,4,0.8956446051597595,0.7267220926874317
80,7,51,4,1.0,1.0000000000000002
80,7,83,4,0.8345655202865601,0.7768985960673558
80,7,99,4,0.9250689148902893,0.9233805168766391
80,7,29,4,0.93672776222229,0.8944271909999161
80,7,45,4,0.9696353077888489,0.9486832980505141
80,7,77,4,0.8529006242752075,0.8385254915624213
80,7,53,4,0.9696353077888489,0.9486832980505141
80,7,85,4,0.923913836479187,0.8198915917499228
80,7,101,4,0.877765417098999,0.8385254915624213
80,7,57,4,0.9622507095336914,0.9233805168766391
80,7,89,4,0.8461506366729736,0.7768985960673558
80,7,105,4,0.8024275302886963,0.4045199174779453
80,7,113,4,0.9483693838119507,0.8677218312746249
80,7,30,4,0.9859319925308228,0.950328890437411
80,7,46,4,0.9968491196632385,0.9761870601839531
80,7,78,4,0.8963655233383179,0.8660254037844388
80,7,54,4,0.9968491196632385,0.9761870601839531
80,7,86,4,0.9824981689453125,0.9237604307034014
80,7,102,4,0.9968491196632385,0.9761870601839531
80,7,58,4,0.9968491196632385,0.9761870601839531
80,7,90,4,0.9824981689453125,0.9237604307034014
80,7,106,4,0.9215007424354553,0.8944271909999162
80,7,114,4,0.9968491196632385,0.9761870601839531
80,7,60,4,0.9643040895462036,0.9237604307034014
80,7,92,4,0.9208787083625793,0.8366600265340755
80,7,108,4,0.8901214003562927,0.7905694150420951
80,7,116,4,0.9643040895462036,0.9237604307034014
80,7,120,4,0.9643040895462036,0.9237604307034014
80,7,31,5,0.9860010743141174,0.9486832980505141
80,7,47,5,1.0,1.0000000000000002
80,7,79,5,0.9007166624069214,0.8959786703810411
80,7,55,5,1.0,1.0000000000000002
80,7,87,5,0.9860010743141174,0.9486832980505141
80,7,103,5,1.0,1.0000000000000002
80,7,59,5,1.0,1.0000000000000002
80,7,91,5,0.9860010743141174,0.9486832980505141
80,7,107,5,0.9127906560897827,0.8677218312746249
80,7,115,5,1.0,1.0000000000000002
80,7,61,5,0.9696353077888489,0.9486832980505141
80,7,93,5,0.93672776222229,0.8944271909999161
80,7,109,5,0.9696353077888489,0.9486832980505141
80,7,117,5,0.9696353077888489,0.9486832980505141
80,7,121,5,0.9622507095336914,0.9233805168766391
80,7,62,5,0.9968491196632385,0.9761870601839531
80,7,94,5,0.9859319925308228,0.950328890437411
80,7,110,5,0.9968491196632385,0.9761870601839531
80,7,118,5,0.9968491196632385,0.9761870601839531
80,7,122,5,0.9934770464897156,0.9761870601839531
80,7,124,5,0.9643040895462036,0.9237604307034014
80,7,63,6,1.0,1.0000000000000002
80,7,95,6,0.9860010743141174,0.9486832980505141
80,7,111,6,1.0,1.0000000000000002
80,7,119,6,1.0,1.0000000000000002
80,7,123,6,1.0,1.0000000000000002
80,7,125,6,0.9696353077888489,0.9486832980505141
80,7,126,6,0.9934770464897156,0.9761870601839531
89,4,15,4,1.0,1.0000000000000002
89,4,0,0,0.8447363972663879,0.2727272727272727
89,4,1,1,0.9384374618530273,0.9045340337332909
89,4,2,1,0.8447363972663879,0.2727272727272727
89,4,4,1,0.8569331765174866,0.3344968040028364
89,4,8,1,0.9502944350242615,0.9090909090909093
89,4,3,2,0.9480385780334473,0.9045340337332909
89,4,5,2,0.9415785074234009,0.9090909090909093
89,4,9,2,1.0,1.0000000000000002
89,4,6,2,0.9252908229827881,0.9045340337332909
89,4,10,2,0.9709271192550659,0.9534625892455927
89,4,12,2,0.9585474729537964,0.9045340337332909
89,4,7,3,0.9600282311439514,0.9534625892455927
89,4,11,3,0.979344367980957,0.9534625892455927
89,4,13,3,1.0,1.0000000000000002
89,4,14,3,0.9709271192550659,0.9534625892455927
94,5,31,5,1.0,1.0
94,5,0,0,0.8497048020362854,0.5188745216627709
94,5,1,1,0.8465825319290161,0.6614378277661477
94,5,2,1,0.7860991954803467,0.2070196678027063
94,5,4,1,0.8186708688735962,0.3450327796711772
94,5,8,1,0.7859511375427246,0.1636634176769943
94,5,16,1,0.818392276763916,0.13801311186847087
94,5,3,2,0.8537862300872803,0.6761234037828134
94,5,5,2,0.8972736597061157,0.8970852271450607
94,5,9,2,0.8515126705169678,0.6761234037828134
94,5,17,2,0.8586719036102295,0.5640760748177661
94,5,6,2,0.8622426390647888,0.5345224838248488
94,5,10,2,0.8622426390647888,0.5345224838248488
94,5,18,2,0.8622426390647888,0.5345224838248488
94,5,12,2,0.8186708688735962,0.3450327796711772
94,5,20,2,0.9280661344528198,0.9636241116594317
94,5,24,2,0.8374478816986084,0.3706246583305507
94,5,7,3,0.890703558921814,0.9285714285714286
94,5,11,3,0.8470666408538818,0.6943650748294137
94,5,19,3,0.8908308744430542,0.9285714285714286
94,5,13,3,0.8972736597061157,0.8970852271450607
94,5,21,3,0.9054614901542664,0.9285714285714286
94,5,25,3,0.8657257556915283,0.8017837257372732
94,5,14,3,0.9280661344528198,0.9636241116594317
94,5,22,3,0.8622426390647888,0.5345224838248488
94,5,26,3,0.8622426390647888,0.5345224838248488
94,5,28,3,0.9280661344528198,0.9636241116594317
94,5,15,4,0.9029280543327332,0.9285714285714286
94,5,23,4,0.904040515422821,0.9285714285714286
94,5,27,4,0.8908308744430542,0.9285714285714286
94,5,29,4,0.9054614901542664,0.9285714285714286
94,5,30,4,0.9280661344528198,0.9636241116594317
102,4,15,4,1.0000001192092896,1.0000000000000004
102,4,0,0,0.8941877484321594,0.8498365855987977
102,4,1,1,0.9255385398864746,0.9230769230769236
102,4,2,1,0.8247925639152527,0.5012804118276032
102,4,4,1,0.8247925639152527,0.5012804118276032
102,4,8,1,0.9682402610778809,0.9607689228305231
102,4,3,2,0.9255385398864746,0.9230769230769236
102,4,5,2,0.9255385398864746,0.9230769230769236
102,4,9,2,1.0000001192092896,1.0000000000000004
102,4,6,2,0.8125202655792236,0.5012804118276032
102,4,10,2,0.9682402610778809,0.9607689228305231
102,4,12,2,0.9682402610778809,0.9607689228305231
102,4,7,3,0.9255385398864746,0.9230769230769236
102,4,11,3,1.0000001192092896,1.0000000000000004
102,4,13,3,1.0000001192092896,1.0000000000000004
102,4,14,3,0.8920959830284119,0.4615384615384618
109,4,15,4,1.0,1.0000000000000002
109,4,0,0,0.815853476524353,0.18181818181818182
109,4,1,1,0.9168868064880371,0.4181210050035455
109,4,2,1,0.8608399629592896,0.3344968040028364
109,4,4,1,0.8801845908164978,0.7462025072446365
109,4,8,1,0.9119928479194641,0.8040302522073697
109,4,3,2,0.9168868064880371,0.4181210050035455
109,4,5,2,0.9550312757492065,0.8040302522073697
109,4,9,2,0.9676488637924194,0.9534625892455927
109,4,6,2,0.8801845908164978,0.7462025072446365
109,4,10,2,0.9201564788818359,0.8040302522073697
109,4,12,2,0.9201564788818359,0.8040302522073697
109,4,7,3,0.9550312757492065,0.8040302522073697
109,4,11,3,1.0,1.0000000000000002
109,4,13,3,1.0,1.0000000000000002
109,4,14,3,0.9201564788818359,0.8040302522073697
110,4,15,4,0.9999999403953552,1.0000000000000004
110,4,0,0,0.8487107753753662,0.10998187166988979
110,4,1,1,0.9063801169395447,0.25087260300212727
110,4,2,1,0.885741114616394,0.7844645405527364
110,4,4,1,0.8837965130805969,0.7877263614433764
110,4,8,1,0.8447611927986145,0.22237479499833046
110,4,3,2,0.9659589529037476,0.8807048459279795
110,4,5,2,0.8972604274749756,0.3846153846153848
110,4,9,2,0.93708735704422,0.4615384615384618
110,4,6,2,0.8750191330909729,0.8894991799933217
110,4,10,2,0.8821600675582886,0.4615384615384618
110,4,12,2,0.8714166879653931,0.40032038451271795
110,4,7,3,0.9461413025856018,0.9230769230769236
110,4,11,3,0.9999999403953552,1.0000000000000004
110,4,13,3,0.93708735704422,0.4615384615384618
110,4,14,3,0.9424370527267456,0.9607689228305231
111,7,127,7,0.9999998807907104,1.0000000000000004
111,7,0,0,0.8242166638374329,0.12262786789699319
111,7,1,1,0.8566941022872925,0.3458572319330374
111,7,2,1,0.8841550350189209,0.7284927963857745
111,7,4,1,0.8549526929855347,0.6999132392733559
111,7,8,1,0.8618901968002319,0.6999132392733559
111,7,16,1,0.8826645612716675,0.25451390519031114
111,7,32,1,0.9294466972351074,0.8651809126974006
111,7,64,1,0.8242166638374329,0.12262786789699319
111,7,3,2,0.8343854546546936,0.33113308926626106
111,7,5,2,0.9369543194770813,0.8907986681660893
111,7,9,2,0.8586593866348267,0.6999132392733559
111,7,17,2,0.9445698261260986,0.7700535410868202
111,7,33,2,0.9512583017349243,0.9197090092274491
111,7,65,2,0.8784905076026917,0.3627381250550059
111,7,6,2,0.8831647634506226,0.8271701918685115
111,7,10,2,0.848179280757904,0.6515837655350017
111,7,18,2,0.8915902376174927,0.4150286783196449
111,7,34,2,0.9040881395339966,0.8292884288627295
111,7,66,2,0.8539674282073975,0.7694837640638656
111,7,12,2,0.8680197596549988,0.710818653310911
111,7,20,2,0.9057347774505615,0.7357672073819593
111,7,36,2,0.8841550350189209,0.7284927963857745
111,7,68,2,0.8549526929855347,0.6999132392733559
111,7,24,2,0.910887598991394,0.7357672073819593
111,7,40,2,0.9143624901771545,0.7825855808712296
111,7,72,2,0.8297344446182251,0.21764287503300356
111,7,48,2,0.9580163955688477,0.8603090020146069
111,7,80,2,0.8683651685714722,0.24525573579398638
111,7,96,2,0.8697556257247925,0.710818653310911
111,7,7,3,0.8799570202827454,0.6999132392733559
111,7,11,3,0.8893035650253296,0.6882472016116856
111,7,19,3,0.8758203983306885,0.2649064714130088
111,7,35,3,0.9512583017349243,0.9197090092274491
111,7,67,3,0.8591862916946411,0.2649064714130088
111,7,13,3,0.9324483871459961,0.8885233166386387
111,7,21,3,0.9471151828765869,0.7700535410868202
111,7,37,3,0.9435919523239136,0.8885233166386387
111,7,69,3,0.889415979385376,0.4352857500660071
111,7,25,3,0.8927252292633057,0.2766857855464299
111,7,41,3,0.8594887256622314,0.7700535410868202
111,7,73,3,0.8669188022613525,0.6999132392733559
111,7,49,3,0.9791743755340576,0.9176629354822474
111,7,81,3,0.8985437750816345,0.30656966974248295
111,7,97,3,0.9109492301940918,0.4352857500660071
111,7,14,3,0.8349843621253967,0.7233393492970546
111,7,22,3,0.9293010234832764,0.8583950752789525
111,7,38,3,0.8908684253692627,0.8207826816681234
111,7,70,3,0.8917992115020752,0.8271701918685115
111,7,26,3,0.8954744338989258,0.46358632497276553
111,7,42,3,0.8927019834518433,0.8947368421052635
111,7,74,3,0.8616416454315186,0.7357672073819593
111,7,50,3,0.9606840014457703,0.9459053029269174
111,7,82,3,0.881409764289856,0.2766857855464299
111,7,98,3,0.8990600109100342,0.8609460320922788
111,7,28,3,0.9234358668327332,0.7456011350793261
111,7,44,3,0.887975811958313,0.5161854012087641
111,7,76,3,0.8518692851066589,0.6515837655350017
111,7,52,3,0.8971951007843018,0.8292884288627295
111,7,84,3,0.9017511010169983,0.7357672073819593
111,7,100,3,0.8731247186660767,0.7970811413304559
111,7,56,3,0.9152416586875916,0.7894736842105264
111,7,88,3,0.910887598991394,0.7357672073819593
111,7,104,3,0.8875836133956909,0.8346223261119861
111,7,112,3,0.8940584063529968,0.38177085778546677
111,7,15,4,0.9375003576278687,0.8885233166386387
111,7,23,4,0.9527762532234192,0.7700535410868202
111,7,39,4,0.9515799880027771,0.9192547197409882
111,7,71,4,0.8799570202827454,0.6999132392733559
111,7,27,4,0.9252465963363647,0.38177085778546677
111,7,43,4,0.9525486826896667,0.8583950752789523
111,7,75,4,0.8573253154754639,0.2649064714130088
111,7,51,4,0.9856865406036377,0.9733285267845757
111,7,83,4,0.8787813782691956,0.2649064714130088
111,7,99,4,0.9515799880027771,0.9192547197409882
111,7,29,4,0.9509487748146057,0.7456011350793261
111,7,45,4,0.9629906415939331,0.947368421052632
111,7,77,4,0.9326626062393188,0.8346223261119861
111,7,53,4,0.9856865406036377,0.9733285267845757
111,7,85,4,0.9471151828765869,0.7700535410868202
111,7,101,4,0.9515799880027771,0.9192547197409882
111,7,57,4,0.995350182056427,0.9459053029269175
111,7,89,4,0.8992722034454346,0.4150286783196449
111,7,105,4,0.8594887256622314,0.7700535410868202
111,7,113,4,0.9676378965377808,0.8300573566392897
111,7,30,4,0.8930526971817017,0.710818653310911
111,7,46,4,0.887975811958313,0.5161854012087641
111,7,78,4,0.8805418610572815,0.8029550685469664
111,7,54,4,0.9606840014457703,0.9459053029269174
111,7,86,4,0.8527302145957947,0.6622661785325222
111,7,102,4,0.9191046357154846,0.8207826816681234
111,7,58,4,0.9736560583114624,0.9733285267845757
111,7,90,4,0.9367094039916992,0.8885233166386387
111,7,106,4,0.8927019834518433,0.8947368421052635
111,7,114,4,0.9606840014457703,0.9459053029269174
111,7,60,4,0.9698936343193054,0.947758204414548
111,7,92,4,0.9236482381820679,0.7456011350793261
111,7,108,4,0.887975811958313,0.5161854012087641
111,7,116,4,0.9018959999084473,0.8292884288627295
111,7,120,4,0.8996932506561279,0.7789808377045203
111,7,31,5,0.9481831192970276,0.7700535410868202
111,7,47,5,0.9629906415939331,0.947368421052632
111,7,79,5,0.9201700687408447,0.8885233166386387
111,7,55,5,0.9856865406036377,0.9733285267845757
111,7,87,5,0.9610633850097656,0.8885233166386387
111,7,103,5,0.9515799880027771,0.9192547197409882
111,7,59,5,0.985637366771698,0.951189731211342
111,7,91,5,0.8870434761047363,0.318142381487889
111,7,107,5,0.9629906415939331,0.947368421052632
111,7,115,5,0.9741166234016418,0.8907986681660891
111,7,61,5,0.9615325927734375,0.9176629354822474
111,7,93,5,0.9445017576217651,0.7233393492970546
111,7,109,5,0.9190847873687744,0.7970811413304557
111,7,117,5,0.9741166234016418,0.8907986681660891
111,7,121,5,0.9420117735862732,0.7980238751210131
111,7,62,5,0.9515405893325806,0.947368421052632
111,7,94,5,0.8930526971817017,0.710818653310911
111,7,110,5,0.887975811958313,0.5161854012087641
111,7,118,5,0.9606840014457703,0.9459053029269174
111,7,122,5,0.9681572914123535,0.947368421052632
111,7,124,5,0.9661219716072083,0.8902638145194518
111,7,63,6,0.9999998807907104,1.0000000000000004
111,7,95,6,0.924760103225708,0.5090278103806224
111,7,111,6,0.9629906415939331,0.947368421052632
111,7,119,6,0.9741166234016418,0.8907986681660891
111,7,123,6,0.9736398458480835,0.8603090020146067
111,7,125,6,0.8784379959106445,0.8292884288627295
111,7,126,6,0.9515405893325806,0.947368421052632
113,4,15,4,0.9999998807907104,1.0000000000000002
113,4,0,0,0.8555929660797119,0.6092717958449424
113,4,1,1,0.7643634080886841,0.13483997249264842
113,4,2,1,0.8783888816833496,0.2727272727272727
113,4,4,1,0.8259313106536865,0.18181818181818182
113,4,8,1,0.8916686177253723,0.7462025072446365
113,4,3,2,0.9713907241821289,0.9045340337332909
113,4,5,2,0.8650457262992859,0.30151134457776363
113,4,9,2,0.7643634080886841,0.13483997249264842
113,4,6,2,0.897453784942627,0.2611164839335468
113,4,10,2,0.8783888816833496,0.2727272727272727
113,4,12,2,0.8259313106536865,0.18181818181818182
113,4,7,3,0.9999998807907104,1.0000000000000002
113,4,11,3,0.9713907241821289,0.9045340337332909
113,4,13,3,0.8650457262992859,0.30151134457776363
113,4,14,3,0.897453784942627,0.2611164839335468
116,4,15,4,1.0,1.0000000000000007
116,4,0,0,0.811543345451355,0.1906925178491185
116,4,1,1,0.9142584204673767,0.7893522173763268
116,4,2,1,0.8043927550315857,0.26311740579210885
116,4,4,1,0.8735337257385254,0.3380617018914068
116,4,8,1,0.8085626363754272,0.18257418583505544
116,4,3,2,0.9408016800880432,0.8581163303210334
116,4,5,2,0.9564990997314453,0.8696263565463045
116,4,9,2,1.0,1.0000000000000007
116,4,6,2,0.8736841678619385,0.3380617018914068
116,4,10,2,0.9090815186500549,0.8000000000000005
116,4,12,2,0.8813162446022034,0.372677996249965
116,4,7,3,0.9807217121124268,0.9534625892455927
116,4,11,3,0.9528184533119202,0.9000000000000006
116,4,13,3,0.9668208360671997,0.8981462390204986
116,4,14,3,0.8859314322471619,0.35082320772281184
117,4,15,4,0.9999999403953552,1.0000000000000007
117,4,0,0,0.8290139436721802,0.3202563076101744
117,4,1,1,0.8618941307067871,0.4708709557974188
117,4,2,1,0.8241971135139465,0.40032038451271795
117,4,4,1,0.8334448933601379,0.40032038451271795
117,4,8,1,0.8697569370269775,0.3817708577854669
117,4,3,2,0.8914684057235718,0.5381382351970501
117,4,5,2,0.8380369544029236,0.5090278103806225
117,4,9,2,0.9945577383041382,1.0000000000000007
117,4,6,2,0.7954882979393005,0.3344968040028364
117,4,10,2,0.948672354221344,0.8153742483272116
117,4,12,2,0.8836729526519775,0.3922322702763682
117,4,7,3,0.8914684057235718,0.5381382351970501
117,4,11,3,0.9945577383041382,1.0000000000000007
117,4,13,3,0.966489851474762,0.8153742483272116
117,4,14,3,0.9514985084533691,0.9230769230769237
127,7,127,7,1.0,1.0
127,7,0,0,0.8616856336593628,0.674199862463242
127,7,1,1,0.8505440950393677,0.6454972243679028
127,7,2,1,0.8996375203132629,0.6507913734559685
127,7,4,1,0.9387190341949463,0.7171371656006361
127,7,8,1,0.9097171425819397,0.692820323027551
127,7,16,1,0.8931523561477661,0.6350852961085884
127,7,32,1,0.9048799276351929,0.6573757351339165
127,7,64,1,0.9231874346733093,0.7768985960673559
127,7,3,2,0.8380874395370483,0.5590169943749475
127,7,5,2,0.9466192126274109,0.9759000729485332
127,7,9,2,0.8729409575462341,0.632455532033676
127,7,17,2,0.888085663318634,0.8385254915624212
127,7,33,2,0.8498442769050598,0.75
127,7,65,2,0.9027513265609741,0.8134892168199606
127,7,6,2,0.9979386925697327,1.0
127,7,10,2,0.9097171425819397,0.692820323027551
127,7,18,2,0.8775354027748108,0.6821910402406467
127,7,34,2,0.9422407150268555,0.9237604307034014
127,7,66,2,0.810315728187561,0.12909944487358058
127,7,12,2,0.957777738571167,0.8366600265340756
127,7,20,2,0.9979386925697327,1.0
127,7,36,2,0.9979386925697327,1.0
127,7,68,2,0.9979386925697327,1.0
127,7,24,2,0.9979386925697327,1.0
127,7,40,2,0.9979386925697327,1.0
127,7,72,2,0.9979386925697327,1.0
127,7,48,2,0.939038097858429,0.8660254037844388
127,7,80,2,0.915958821773529,0.6350852961085884
127,7,96,2,0.9231874346733093,0.7768985960673559
127,7,7,3,0.924745500087738,0.7826237921249265
127,7,11,3,0.9113560914993286,0.670820393249937
127,7,19,3,0.9329812526702881,0.8134892168199606
127,7,35,3,0.9036812782287598,0.8134892168199606
127,7,67,3,0.9329812526702881,0.8134892168199606
127,7,13,3,0.9466192126274109,0.9759000729485332
127,7,21,3,0.9466192126274109,0.9759000729485332
127,7,37,3,0.9466192126274109,0.9759000729485332
127,7,69,3,0.9715500473976135,0.9759000729485332
127,7,25,3,0.9315263032913208,0.894427190999916
127,7,41,3,0.9462584257125854,0.9759000729485332
127,7,73,3,0.9718705415725708,0.948683298050514
127,7,49,3,0.9237911701202393,0.8385254915624212
127,7,81,3,0.9192330837249756,0.8660254037844388
127,7,97,3,0.8505440950393677,0.6454972243679028
127,7,14,3,0.9979386925697327,1.0
127,7,22,3,0.9979386925697327,1.0
127,7,38,3,0.9979386925697327,1.0
127,7,70,3,0.9979386925697327,1.0
127,7,26,3,0.8914680480957031,0.670820393249937
127,7,42,3,0.948261022567749,0.8677218312746247
127,7,74,3,0.9779465198516846,0.9233805168766389
127,7,50,3,0.9326678514480591,0.8964214570007952
127,7,82,3,0.8842231035232544,0.47193990372426947
127,7,98,3,0.8075556755065918,0.12909944487358058
127,7,28,3,0.9979386925697327,1.0
127,7,44,3,0.9979386925697327,1.0
127,7,76,3,0.9979386925697327,1.0
127,7,52,3,0.9979386925697327,1.0
127,7,84,3,0.9979386925697327,1.0
127,7,100,3,0.9979386925697327,1.0
127,7,56,3,0.9979386925697327,1.0
127,7,88,3,0.9979386925697327,1.0
127,7,104,3,0.9979386925697327,1.0
127,7,112,3,0.8639807105064392,0.451848057057532
127,7,15,4,0.9466192126274109,0.9759000729485332
127,7,23,4,0.9466192126274109,0.9759000729485332
127,7,39,4,0.9466192126274109,0.9759000729485332
127,7,71,4,0.9466192126274109,0.9759000729485332
127,7,27,4,0.9715500473976135,0.9759000729485332
127,7,43,4,0.9715500473976135,0.9759000729485332
127,7,75,4,0.9715500473976135,0.9759000729485332
127,7,51,4,0.9049414992332458,0.8134892168199606
127,7,83,4,0.9219791889190674,0.8134892168199606
127,7,99,4,0.9141240119934082,0.7905694150420949
127,7,29,4,0.9466192126274109,0.9759000729485332
127,7,45,4,0.9466192126274109,0.9759000729485332
127,7,77,4,0.9466192126274109,0.9759000729485332
127,7,53,4,0.893565833568573,0.632455532033676
127,7,85,4,0.893565833568573,0.632455532033676
127,7,101,4,0.9466192126274109,0.9759000729485332
127,7,57,4,0.9166025519371033,0.7826237921249265
127,7,89,4,0.9704984426498413,0.9759000729485332
127,7,105,4,0.9430811405181885,0.9233805168766389
127,7,113,4,0.897027850151062,0.8385254915624212
127,7,30,4,0.9979386925697327,1.0
127,7,46,4,0.9979386925697327,1.0
127,7,78,4,0.9979386925697327,1.0
127,7,54,4,0.9979386925697327,1.0
127,7,86,4,0.9979386925697327,1.0
127,7,102,4,0.9979386925697327,1.0
127,7,58,4,0.9979386925697327,1.0
127,7,90,4,0.9979386925697327,1.0
127,7,106,4,0.9979386925697327,1.0
127,7,114,4,0.8718757629394531,0.451848057057532
127,7,60,4,0.9979386925697327,1.0
127,7,92,4,0.9979386925697327,1.0
127,7,108,4,0.9979386925697327,1.0
127,7,116,4,0.9979386925697327,1.0
127,7,120,4,0.9979386925697327,1.0
127,7,31,5,0.9406716823577881,0.9486832980505139
127,7,47,5,0.9466192126274109,0.9759000729485332
127,7,79,5,0.9466192126274109,0.9759000729485332
127,7,55,5,0.893565833568573,0.632455532033676
127,7,87,5,0.9466192126274109,0.9759000729485332
127,7,103,5,0.9466192126274109,0.9759000729485332
127,7,59,5,0.9715500473976135,0.9759000729485332
127,7,91,5,0.9715500473976135,0.9759000729485332
127,7,107,5,0.9715500473976135,0.9759000729485332
127,7,115,5,0.9582384824752808,0.95
127,7,61,5,0.9466192126274109,0.9759000729485332
127,7,93,5,0.9466192126274109,0.9759000729485332
127,7,109,5,0.9466192126274109,0.9759000729485332
127,7,117,5,0.893565833568573,0.632455532033676
127,7,121,5,0.9715500473976135,0.9759000729485332
127,7,62,5,0.9979386925697327,1.0
127,7,94,5,0.9979386925697327,1.0
127,7,110,5,0.9979386925697327,1.0
127,7,118,5,0.9979386925697327,1.0
127,7,122,5,0.9979386925697327,1.0
127,7,124,5,0.9979386925697327,1.0
127,7,63,6,0.9466192126274109,0.9759000729485332
127,7,95,6,0.9466192126274109,0.9759000729485332
127,7,111,6,0.9466192126274109,0.9759000729485332
127,7,119,6,0.9466192126274109,0.9759000729485332
127,7,123,6,0.9715500473976135,0.9759000729485332
127,7,125,6,0.9979386925697327,1.0
127,7,126,6,0.9979386925697327,1.0
134,5,31,5,0.9999999403953552,1.0000000000000002
134,5,0,0,0.8316447734832764,0.2401922307076308
134,5,1,1,0.8023409843444824,0.1601281538050872
134,5,2,1,0.9073524475097656,0.372677996249965
134,5,4,1,0.7915253639221191,0.18898223650461363
134,5,8,1,0.8404942750930786,0.23145502494313797
134,5,16,1,0.8829309344291687,0.30860669992418394
134,5,3,2,0.9073524475097656,0.372677996249965
134,5,5,2,0.8158190250396729,0.2401922307076308
134,5,9,2,0.9015465974807739,0.7500000000000002
134,5,17,2,0.9611074328422546,0.957427107756338
134,5,6,2,0.9171446561813354,0.40032038451271795
134,5,10,2,0.8982635736465454,0.447213595499958
134,5,18,2,0.9146530628204346,0.8333333333333336
134,5,12,2,0.8018739819526672,0.23145502494313797
134,5,20,2,0.8852291107177734,0.3857583749052299
134,5,24,2,0.8829309344291687,0.30860669992418394
134,5,7,3,0.9525973200798035,0.521749194749951
134,5,11,3,0.9436366558074951,0.916666666666667
134,5,19,3,0.9999999403953552,1.0000000000000002
134,5,13,3,0.9525973200798035,0.521749194749951
134,5,21,3,0.9999999403953552,1.0000000000000002
134,5,25,3,0.9611074328422546,0.957427107756338
134,5,14,3,0.9219938516616821,0.447213595499958
134,5,22,3,0.9999999403953552,1.0000000000000002
134,5,26,3,0.9999999403953552,1.0000000000000002
134,5,28,3,0.8851099014282227,0.40032038451271795
134,5,15,4,0.9525973200798035,0.521749194749951
134,5,23,4,0.9999999403953552,1.0000000000000002
134,5,27,4,0.9999999403953552,1.0000000000000002
134,5,29,4,0.9999999403953552,1.0000000000000002
134,5,30,4,0.9999999403953552,1.0000000000000002
139,5,31,5,1.0,1.0000000000000007
139,5,0,0,0.8523869514465332,0.7559289460184547
139,5,1,1,0.8029982447624207,0.3223291856101522
139,5,2,1,0.8697162866592407,0.6172133998483679
139,5,4,1,0.799139142036438,0.37796447300922736
139,5,8,1,0.8449137210845947,0.7559289460184547
139,5,16,1,0.850731611251831,0.5000000000000002
139,5,3,2,0.8810445070266724,0.7349684152591671
139,5,5,2,0.9395780563354492,0.5518254055364695
139,5,9,2,0.8438008427619934,0.7559289460184547
139,5,17,2,0.9125884771347046,0.8058229640253805
139,5,6,2,0.9569178819656372,0.9285714285714293
139,5,10,2,0.8936536908149719,0.49051147158797287
139,5,18,2,0.9360929727554321,0.8571428571428578
139,5,12,2,0.8224076628684998,0.37796447300922736
139,5,20,2,0.8853217363357544,0.4409585518440986
139,5,24,2,0.8349844217300415,0.42919753763947627
139,5,7,3,1.0,1.0000000000000007
139,5,11,3,0.9395780563354492,0.5518254055364695
139,5,19,3,0.9824353456497192,0.9285714285714293
139,5,13,3,1.0,1.0000000000000007
139,5,21,3,1.0,1.0000000000000007
139,5,25,3,0.8669748306274414,0.7857142857142863
139,5,14,3,0.9569178819656372,0.9285714285714293
139,5,22,3,0.9569178819656372,0.9285714285714293
139,5,26,3,0.9360929727554321,0.8571428571428578
139,5,28,3,0.9306975603103638,0.5039526306789698
139,5,15,4,1.0,1.0000000000000007
139,5,23,4,1.0,1.0000000000000007
139,5,27,4,1.0,1.0000000000000007
139,5,29,4,1.0,1.0000000000000007
139,5,30,4,0.9569178819656372,0.9285714285714293
143,5,31,5,1.0,1.0
143,5,0,0,0.8992506265640259,0.8401680504168058
143,5,1,1,0.9194779396057129,0.9101820546182062
143,5,2,1,0.8992506265640259,0.8401680504168058
143,5,4,1,0.8584265112876892,0.7058823529411765
143,5,8,1,0.8468369245529175,0.739940073395944
143,5,16,1,0.8203345537185669,0.6288281455225326
143,5,3,2,0.9194779396057129,0.9101820546182062
143,5,5,2,0.8422096967697144,0.32410186177608225
143,5,9,2,0.8898048400878906,0.8426648406178137
143,5,17,2,0.8311761617660522,0.6470588235294118
143,5,6,2,0.8716316223144531,0.8072073527955753
143,5,10,2,0.8898048400878906,0.8426648406178137
143,5,18,2,0.9966691732406616,0.9393364366277241
143,5,12,2,0.8735364675521851,0.8072073527955753
143,5,20,2,0.9083788394927979,0.8426648406178137
143,5,24,2,0.9457904100418091,0.8072073527955753
143,5,7,3,0.8202149868011475,0.32410186177608225
143,5,11,3,0.8351931571960449,0.30678599553894825
143,5,19,3,0.9980716705322266,0.9393364366277241
143,5,13,3,0.8649728298187256,0.35007002100700246
143,5,21,3,0.9739274978637695,0.8767140075192092
143,5,25,3,0.9457904100418091,0.8072073527955753
143,5,14,3,0.8735364675521851,0.8072073527955753
143,5,22,3,0.9698460102081299,0.8744746321952066
143,5,26,3,0.9775087833404541,0.8823529411764707
143,5,28,3,0.9711160063743591,0.9393364366277241
143,5,15,4,0.9029926657676697,0.8767140075192092
143,5,23,4,1.0,1.0
143,5,27,4,0.965372622013092,0.9074852129730301
143,5,29,4,0.9711160063743591,0.9393364366277241
143,5,30,4,1.0,1.0
144,4,15,4,0.9999998807907104,1.0000000000000002
144,4,0,0,0.9108179807662964,0.8703882797784891
144,4,1,1,0.8343518972396851,0.1906925178491185
144,4,2,1,0.9105362892150879,0.8703882797784891
144,4,4,1,0.9247446060180664,0.957427107756338
144,4,8,1,0.860783576965332,0.8058229640253805
144,4,3,2,0.8557949662208557,0.1906925178491185
144,4,5,2,0.9179781079292297,0.2860387767736777
144,4,9,2,0.8343518972396851,0.1906925178491185
144,4,6,2,0.9999998807907104,1.0000000000000002
144,4,10,2,0.8231500387191772,0.1672484020014182
144,4,12,2,0.9322112202644348,0.9198662110078001
144,4,7,3,0.9179781079292297,0.2860387767736777
144,4,11,3,0.832100510597229,0.1906925178491185
144,4,13,3,0.9179781079292297,0.2860387767736777
144,4,14,3,0.9999998807907104,1.0000000000000002
147,5,31,5,1.0000001192092896,1.0
147,5,0,0,0.8427760601043701,0.7537783614444092
147,5,1,1,0.8466336727142334,0.7537783614444092
147,5,2,1,0.8097952604293823,0.26516504294495535
147,5,4,1,0.7889182567596436,0.16666666666666666
147,5,8,1,0.894563615322113,0.8291561975888502
147,5,16,1,0.8469683527946472,0.7537783614444092
147,5,3,2,0.7953281998634338,0.16666666666666666
147,5,5,2,0.8419927954673767,0.7938566201357357
147,5,9,2,0.844371497631073,0.7627127698096903
147,5,17,2,0.8355211019515991,0.7216878364870324
147,5,6,2,0.887214720249176,0.8660254037844389
147,5,10,2,0.9149123430252075,0.8660254037844389
147,5,18,2,0.8667040467262268,0.7938566201357357
147,5,12,2,0.9044356346130371,0.8660254037844389
147,5,20,2,0.8559522032737732,0.7216878364870324
147,5,24,2,0.9189465641975403,0.8660254037844389
147,5,7,3,0.8811271786689758,0.8320502943378439
147,5,11,3,0.9344377517700195,0.8320502943378439
147,5,19,3,0.8988879919052124,0.7627127698096903
147,5,13,3,0.8825732469558716,0.8320502943378439
147,5,21,3,0.8236451745033264,0.6933752452815366
147,5,25,3,0.896478533744812,0.7627127698096903
147,5,14,3,0.9127613306045532,0.8320502943378439
147,5,22,3,0.889738917350769,0.8320502943378439
147,5,26,3,0.9158963561058044,0.8320502943378439
147,5,28,3,0.9273396134376526,0.9013878188659976
147,5,15,4,0.9856093525886536,0.968245836551854
147,5,23,4,0.9025073647499084,0.8685990362153793
147,5,27,4,0.9053542613983154,0.30151134457776363
147,5,29,4,0.8435802459716797,0.7627127698096903
147,5,30,4,0.9537627696990967,0.9354143466934853
148,5,31,5,1.0,1.0000000000000002
148,5,0,0,0.8373473882675171,0.1666666666666667
148,5,1,1,0.8318484425544739,0.2401922307076308
148,5,2,1,0.9104346632957458,0.8215838362577493
148,5,4,1,0.8282671570777893,0.17407765595569785
148,5,8,1,0.8267275094985962,0.2401922307076308
148,5,16,1,0.9579905271530151,0.7500000000000002
148,5,3,2,0.9286681413650513,0.8333333333333336
148,5,5,2,0.8961876630783081,0.3857583749052299
148,5,9,2,0.8038473725318909,0.25197631533948484
148,5,17,2,1.0,1.0000000000000002
148,5,6,2,0.8987301588058472,0.7833494518006402
148,5,10,2,0.9113554358482361,0.8703882797784891
148,5,18,2,0.9691569805145264,0.8807048459279795
148,5,12,2,0.8570106625556946,0.22360679774997902
148,5,20,2,0.9542700052261353,0.7833494518006402
148,5,24,2,0.9542700052261353,0.7833494518006402
148,5,7,3,0.9415760040283203,0.916666666666667
148,5,11,3,1.0,1.0000000000000002
148,5,19,3,0.9939349293708801,1.0000000000000002
148,5,13,3,0.955366313457489,0.521749194749951
148,5,21,3,0.9813143610954285,0.916666666666667
148,5,25,3,1.0,1.0000000000000002
148,5,14,3,0.9104690551757812,0.912870929175277
148,5,22,3,0.9691569805145264,0.8807048459279795
148,5,26,3,0.9716843366622925,0.916666666666667
148,5,28,3,0.9417351484298706,0.8006407690254359
148,5,15,4,0.9173391461372375,0.8807048459279795
148,5,23,4,0.9939349293708801,1.0000000000000002
148,5,27,4,1.0,1.0000000000000002
148,5,29,4,0.9772481918334961,0.916666666666667
148,5,30,4,0.970931351184845,0.957427107756338
156,6,63,6,1.0,1.0
156,6,0,0,0.8457743525505066,0.6000000000000001
156,6,1,1,0.8561198115348816,0.8280786712108252
156,6,2,1,0.7918605804443359,0.25819888974716115
156,6,4,1,0.7822612524032593,0.33333333333333337
156,6,8,1,0.953518271446228,0.8970852271450607
156,6,16,1,0.9177603721618652,0.6666666666666667
156,6,32,1,0.8615666627883911,0.7006490497453708
156,6,3,2,0.8998080492019653,0.8593378488473196
156,6,5,2,0.8561198115348816,0.8280786712108252
156,6,9,2,0.953518271446228,0.8970852271450607
156,6,17,2,0.9362538456916809,0.8970852271450607
156,6,33,2,0.8654680848121643,0.7877263614433763
156,6,6,2,0.8654702305793762,0.8082903768654761
156,6,10,2,0.953518271446228,0.8970852271450607
156,6,18,2,0.9587864875793457,0.903696114115064
156,6,34,2,0.8342480659484863,0.5773502691896257
156,6,12,2,0.953518271446228,0.8970852271450607
156,6,20,2,0.9089964032173157,0.596284793999944
156,6,36,2,0.8814843893051147,0.8082903768654761
156,6,24,2,0.9969580173492432,0.9660917830792961
156,6,40,2,0.9458765983581543,0.8970852271450607
156,6,48,2,0.9295117855072021,0.74535599249993
156,6,7,3,0.8998080492019653,0.8593378488473196
156,6,11,3,0.953518271446228,0.8970852271450607
156,6,19,3,0.9549918174743652,0.8767140075192092
156,6,35,3,0.8802822828292847,0.7877263614433763
156,6,13,3,0.953518271446228,0.8970852271450607
156,6,21,3,0.8808275461196899,0.7877263614433763
156,6,37,3,0.8726734519004822,0.8280786712108252
156,6,25,3,0.9969580173492432,0.9660917830792961
156,6,41,3,0.9354023933410645,0.8666666666666667
156,6,49,3,0.9523007869720459,0.8970852271450607
156,6,14,3,0.9458765983581543,0.8970852271450607
156,6,22,3,0.8715003728866577,0.8140915784106943
156,6,38,3,0.8814843893051147,0.8082903768654761
156,6,26,3,0.9969580173492432,0.9660917830792961
156,6,42,3,0.9320454001426697,0.8970852271450607
156,6,50,3,0.9515727162361145,0.8970852271450607
156,6,28,3,0.9969580173492432,0.9660917830792961
156,6,44,3,0.953518271446228,0.8970852271450607
156,6,52,3,0.9253840446472168,0.7100469468046932
156,6,56,3,1.0,1.0
156,6,15,4,0.953518271446228,0.8970852271450607
156,6,23,4,0.9479166865348816,0.9309493362512629
156,6,39,4,0.8720775842666626,0.8280786712108252
156,6,27,4,0.9969580173492432,0.9660917830792961
156,6,43,4,0.9395135641098022,0.8970852271450607
156,6,51,4,0.9523007869720459,0.8970852271450607
156,6,29,4,0.9969580173492432,0.9660917830792961
156,6,45,4,0.9384211897850037,0.8970852271450607
156,6,53,4,0.961544930934906,0.9660917830792961
156,6,57,4,1.0,1.0
156,6,30,4,0.9969580173492432,0.9660917830792961
156,6,46,4,0.94054114818573,0.8970852271450607
156,6,54,4,0.9615223407745361,0.8970852271450607
156,6,58,4,1.0,1.0
156,6,60,4,1.0,1.0
156,6,31,5,0.9969580173492432,0.9660917830792961
156,6,47,5,0.94054114818573,0.8970852271450607
156,6,55,5,0.9615223407745361,0.8970852271450607
156,6,59,5,1.0,1.0
156,6,61,5,1.0,1.0
156,6,62,5,1.0,1.0
157,5,31,5,1.0,1.0000000000000007
157,5,0,0,0.8980342149734497,0.4008918628686367
157,5,1,1,0.8351799249649048,0.28571428571428586
157,5,2,1,0.9137521386146545,0.5000000000000002
157,5,4,1,0.8144475221633911,0.20701966780270636
157,5,8,1,0.9401079416275024,0.46770717334674283
157,5,16,1,0.9410886764526367,0.5345224838248489
157,5,3,2,0.9166008234024048,0.4830458915396481
157,5,5,2,0.8333752155303955,0.2592814894208658
157,5,9,2,0.9166008234024048,0.4830458915396481
157,5,17,2,0.9581036567687988,0.5520524474738836
157,5,6,2,0.9137521386146545,0.5000000000000002
157,5,10,2,0.9166008234024048,0.4830458915396481
157,5,18,2,0.9581036567687988,0.5520524474738836
157,5,12,2,0.8241519927978516,0.2142857142857144
157,5,20,2,0.9112446904182434,0.4830458915396481
157,5,24,2,0.9561402797698975,0.5520524474738836
157,5,7,3,0.9137521386146545,0.5000000000000002
157,5,11,3,0.9166008234024048,0.4830458915396481
157,5,19,3,0.9581036567687988,0.5520524474738836
157,5,13,3,0.868060827255249,0.4140393356054127
157,5,21,3,0.9561402797698975,0.5520524474738836
157,5,25,3,0.9124811887741089,0.3571428571428573
157,5,14,3,0.9166008234024048,0.4830458915396481
157,5,22,3,0.9581036567687988,0.5520524474738836
157,5,26,3,0.8467984199523926,0.14824986333222032
157,5,28,3,0.9112446904182434,0.4830458915396481
157,5,15,4,0.9166008234024048,0.4830458915396481
157,5,23,4,0.9581036567687988,0.5520524474738836
157,5,27,4,1.0,1.0000000000000007
157,5,29,4,0.9124811887741089,0.3571428571428573
157,5,30,4,0.9581036567687988,0.5520524474738836
163,4,15,4,1.0,1.0000000000000002
163,4,0,0,0.888653039932251,0.3344968040028364
163,4,1,1,0.888653039932251,0.3344968040028364
163,4,2,1,0.8791096806526184,0.4181210050035455
163,4,4,1,0.8895198106765747,0.4029114820126903
163,4,8,1,0.9463247060775757,0.48349377841522834
163,4,3,2,0.8791096806526184,0.4181210050035455
163,4,5,2,0.9463247060775757,0.48349377841522834
163,4,9,2,0.9463247060775757,0.48349377841522834
163,4,6,2,0.8791096806526184,0.4181210050035455
163,4,10,2,1.0,1.0000000000000002
163,4,12,2,1.0,1.0000000000000002
163,4,7,3,0.8791096806526184,0.4181210050035455
163,4,11,3,0.9463247060775757,0.48349377841522834
163,4,13,3,1.0,1.0000000000000002
163,4,14,3,1.0,1.0000000000000002
168,5,31,5,1.0,1.0
168,5,0,0,0.8239910006523132,0.20801257358446096
168,5,1,1,0.8710554242134094,0.2165063509461097
168,5,2,1,0.8802753686904907,0.26726124191242445
168,5,4,1,0.905103325843811,0.5
168,5,8,1,0.8692941665649414,0.32274861218395146
168,5,16,1,0.8239910006523132,0.20801257358446096
168,5,3,2,0.909095048904419,0.3466876226407683
168,5,5,2,0.949255108833313,0.5809475019311126
168,5,9,2,0.8595031499862671,0.3466876226407683
168,5,17,2,0.8239910006523132,0.20801257358446096
168,5,6,2,0.949255108833313,0.5809475019311126
168,5,10,2,0.9776493906974792,0.970142500145332
168,5,18,2,0.8963404297828674,0.5
168,5,12,2,0.902972400188446,0.5
168,5,20,2,0.902972400188446,0.5
168,5,24,2,0.9226022362709045,0.5163977794943223
168,5,7,3,0.909095048904419,0.3466876226407683
168,5,11,3,0.9286013841629028,0.46770717334674283
168,5,19,3,0.881363570690155,0.41602514716892197
168,5,13,3,0.949255108833313,0.5809475019311126
168,5,21,3,1.0,1.0
168,5,25,3,0.9948944449424744,1.0
168,5,14,3,0.9776493906974792,0.970142500145332
168,5,22,3,0.9776493906974792,0.970142500145332
168,5,26,3,0.9776493906974792,0.970142500145332
168,5,28,3,1.0,1.0
168,5,15,4,0.949255108833313,0.5809475019311126
168,5,23,4,0.949255108833313,0.5809475019311126
168,5,27,4,0.949255108833313,0.5809475019311126
168,5,29,4,1.0,1.0
168,5,30,4,1.0,1.0
170,4,15,4,1.0,1.0000000000000007
170,4,0,0,0.8742785453796387,0.8153742483272116
170,4,1,1,0.8791152238845825,0.848668424791506
170,4,2,1,0.892441987991333,0.42257712736425845
170,4,4,1,0.8813586235046387,0.8153742483272116
170,4,8,1,0.9811371564865112,0.925820099772552
170,4,3,2,0.892441987991333,0.42257712736425845
170,4,5,2,0.8968827724456787,0.8571428571428578
170,4,9,2,0.9811371564865112,0.925820099772552
170,4,6,2,0.9413813352584839,0.9636241116594318
170,4,10,2,1.0,1.0000000000000007
170,4,12,2,0.9811371564865112,0.925820099772552
170,4,7,3,0.9413813352584839,0.9636241116594318
170,4,11,3,1.0,1.0000000000000007
170,4,13,3,0.9811371564865112,0.925820099772552
170,4,14,3,1.0,1.0000000000000007
171,5,31,5,1.0,1.0000000000000007
171,5,0,0,0.7853935956954956,0.2433321316961439
171,5,1,1,0.8610389232635498,0.8609460320922789
171,5,2,1,0.881163477897644,0.362738125055006
171,5,4,1,0.8294448852539062,0.8271701918685117
171,5,8,1,0.8413212895393372,0.6668859288553506
171,5,16,1,0.9231250286102295,0.8292884288627295
171,5,3,2,0.8932714462280273,0.3823595564509364
171,5,5,2,0.8452913165092468,0.7970811413304559
171,5,9,2,0.8186475038528442,0.7700535410868202
171,5,17,2,0.9231250286102295,0.8292884288627295
171,5,6,2,0.931259274482727,0.8907986681660895
171,5,10,2,0.9254760146141052,0.8907986681660895
171,5,18,2,0.9774835109710693,0.9197090092274491
171,5,12,2,0.842538595199585,0.8510644963469902
171,5,20,2,0.9477355480194092,0.9473684210526323
171,5,24,2,0.9218469262123108,0.9011271137791661
171,5,7,3,0.887607216835022,0.362738125055006
171,5,11,3,0.8700188398361206,0.5090278103806225
171,5,19,3,0.9872452020645142,0.9544271444636674
171,5,13,3,0.8668180108070374,0.8947368421052638
171,5,21,3,0.9357469081878662,0.9473684210526323
171,5,25,3,0.9357469081878662,0.9473684210526323
171,5,14,3,0.9345718026161194,0.9473684210526323
171,5,22,3,1.0,1.0000000000000007
171,5,26,3,0.9717099666595459,0.9473684210526323
171,5,28,3,0.9477355480194092,0.9473684210526323
171,5,15,4,0.9271858930587769,0.9233805168766391
171,5,23,4,1.0,1.0000000000000007
171,5,27,4,0.9792714715003967,0.9733285267845757
171,5,29,4,0.9311408400535583,0.9233805168766391
171,5,30,4,1.0,1.0000000000000007
174,4,15,4,1.0,1.0000000000000002
174,4,0,0,0.8206416964530945,0.17407765595569785
174,4,1,1,0.8921009302139282,0.3223291856101522
174,4,2,1,0.9052416086196899,0.4029114820126903
174,4,4,1,0.8402771949768066,0.25087260300212727
174,4,8,1,0.9349944591522217,0.4029114820126903
174,4,3,2,0.9052416086196899,0.4029114820126903
174,4,5,2,0.8921009302139282,0.3223291856101522
174,4,9,2,0.9349944591522217,0.4029114820126903
174,4,6,2,0.9024252891540527,0.38924947208076155
174,4,10,2,0.9507098197937012,0.48349377841522834
174,4,12,2,0.9349944591522217,0.4029114820126903
174,4,7,3,0.9024252891540527,0.38924947208076155
174,4,11,3,0.9507098197937012,0.48349377841522834
174,4,13,3,0.9349944591522217,0.4029114820126903
174,4,14,3,0.9507098197937012,0.48349377841522834
177,5,31,5,1.0000001192092896,1.0000000000000002
177,5,0,0,0.8176423907279968,0.15430334996209194
177,5,1,1,0.871686577796936,0.35007002100700246
177,5,2,1,1.0000001192092896,1.0000000000000002
177,5,4,1,0.7965705394744873,0.17677669529663692
177,5,8,1,0.8984132409095764,0.3857583749052299
177,5,16,1,0.835024356842041,0.32274861218395134
177,5,3,2,1.0000001192092896,1.0000000000000002
177,5,5,2,0.9223255515098572,0.916666666666667
177,5,9,2,0.9223255515098572,0.916666666666667
177,5,17,2,0.9565228819847107,0.521749194749951
177,5,6,2,0.9107632040977478,0.848668424791506
177,5,10,2,0.9223255515098572,0.916666666666667
177,5,18,2,1.0000001192092896,1.0000000000000002
177,5,12,2,0.8689937591552734,0.447213595499958
177,5,20,2,1.0000001192092896,1.0000000000000002
177,5,24,2,0.9322959184646606,0.30860669992418394
177,5,7,3,0.9107632040977478,0.848668424791506
177,5,11,3,0.9638845920562744,0.957427107756338
177,5,19,3,1.0000001192092896,1.0000000000000002
177,5,13,3,0.9223255515098572,0.916666666666667
177,5,21,3,1.0000001192092896,1.0000000000000002
177,5,25,3,0.9565228819847107,0.521749194749951
177,5,14,3,0.9638845920562744,0.957427107756338
177,5,22,3,1.0000001192092896,1.0000000000000002
177,5,26,3,1.0000001192092896,1.0000000000000002
177,5,28,3,1.0000001192092896,1.0000000000000002
177,5,15,4,0.9638845920562744,0.957427107756338
177,5,23,4,1.0000001192092896,1.0000000000000002
177,5,27,4,1.0000001192092896,1.0000000000000002
177,5,29,4,1.0000001192092896,1.0000000000000002
177,5,30,4,1.0000001192092896,1.0000000000000002
187,4,15,4,1.0,1.0000000000000002
187,4,0,0,0.7871060967445374,0.18463723646899913
187,4,1,1,0.8860118389129639,0.7272727272727274
187,4,2,1,0.877364456653595,0.6446583712203044
187,4,4,1,0.9501449465751648,0.7462025072446365
187,4,8,1,0.8197388052940369,0.25087260300212727
187,4,3,2,0.8992721438407898,0.9090909090909093
187,4,5,2,0.9577101469039917,0.7627700713964741
187,4,9,2,0.8175914883613586,0.29250896965085227
187,4,6,2,1.0,1.0000000000000002
187,4,10,2,0.8621803522109985,0.4029114820126903
187,4,12,2,0.9016969203948975,0.3481553119113957
187,4,7,3,1.0,1.0000000000000002
187,4,11,3,0.8800662755966187,0.3481553119113957
187,4,13,3,0.9731839299201965,0.9534625892455927
187,4,14,3,0.9482780694961548,0.48349377841522834
193,5,31,5,1.0,1.0000000000000002
193,5,0,0,0.826730489730835,0.3202563076101744
193,5,1,1,0.8778321146965027,0.6804138174397719
193,5,2,1,0.8240581750869751,0.3202563076101744
193,5,4,1,0.847909688949585,0.1666666666666667
193,5,8,1,0.8126158714294434,0.14433756729740646
193,5,16,1,0.8484399914741516,0.17407765595569785
193,5,3,2,0.911361038684845,0.7500000000000002
193,5,5,2,0.844010591506958,0.298142396999972
193,5,9,2,0.8773672580718994,0.7205766921228923
193,5,17,2,0.9175963997840881,0.42008402520840293
193,5,6,2,0.8400537371635437,0.2401922307076308
193,5,10,2,0.8871502876281738,0.6963106238227913
193,5,18,2,0.8490610122680664,0.3857583749052299
193,5,12,2,0.8761927485466003,0.6963106238227913
193,5,20,2,0.8484399914741516,0.17407765595569785
193,5,24,2,0.9659876823425293,0.912870929175277
193,5,7,3,0.9229223728179932,0.7833494518006402
193,5,11,3,0.8619736433029175,0.298142396999972
193,5,19,3,0.8962925672531128,0.447213595499958
193,5,13,3,0.9113439321517944,0.7205766921228923
193,5,21,3,0.9175963997840881,0.42008402520840293
193,5,25,3,1.0,1.0000000000000002
193,5,14,3,0.8324838280677795,0.23145502494313797
193,5,22,3,0.9013539552688599,0.8703882797784891
193,5,26,3,0.966446042060852,0.957427107756338
193,5,28,3,0.9659876823425293,0.912870929175277
193,5,15,4,0.8672014474868774,0.2886751345948129
193,5,23,4,0.9351089596748352,0.916666666666667
193,5,27,4,1.0,1.0000000000000002
193,5,29,4,0.9935014247894287,0.916666666666667
193,5,30,4,0.966446042060852,0.957427107756338
201,5,31,5,1.0,0.9999999999999999
201,5,0,0,0.8394137620925903,0.8198915917499229
201,5,1,1,0.8381965160369873,0.7784989441615231
201,5,2,1,0.9451048374176025,0.8593378488473197
201,5,4,1,0.9644590616226196,0.8970852271450608
201,5,8,1,0.9795873761177063,0.9660917830792962
201,5,16,1,0.825741171836853,0.22360679774997902
201,5,3,2,0.9544901847839355,0.8944271909999159
201,5,5,2,0.9209278225898743,0.46709936649691386
201,5,9,2,0.9209278225898743,0.46709936649691386
201,5,17,2,0.8310986161231995,0.33333333333333337
201,5,6,2,0.9551172852516174,0.7999999999999999
201,5,10,2,0.913969874382019,0.3450327796711772
201,5,18,2,0.9224244356155396,0.42966892442365984
201,5,12,2,0.913674533367157,0.7745966692414833
201,5,20,2,0.8639825582504272,0.34426518632954817
201,5,24,2,0.9364649057388306,0.4830458915396481
201,5,7,3,0.9795873761177063,0.9660917830792962
201,5,11,3,0.9795873761177063,0.9660917830792962
201,5,19,3,0.9148936867713928,0.447213595499958
201,5,13,3,0.9209278225898743,0.46709936649691386
201,5,21,3,0.947856605052948,0.521749194749951
201,5,25,3,0.947856605052948,0.521749194749951
201,5,14,3,0.9143160581588745,0.4
201,5,22,3,0.9306625127792358,0.38729833462074176
201,5,26,3,0.9364649057388306,0.4830458915396481
201,5,28,3,0.9412528872489929,0.5012804118276032
201,5,15,4,0.9795873761177063,0.9660917830792962
201,5,23,4,0.947856605052948,0.521749194749951
201,5,27,4,1.0,0.9999999999999999
201,5,29,4,0.947856605052948,0.521749194749951
201,5,30,4,0.9364649057388306,0.4830458915396481
206,5,31,5,1.0,1.0000000000000002
206,5,0,0,0.8839330673217773,0.3333333333333334
206,5,1,1,0.8647301197052002,0.25000000000000006
206,5,2,1,0.8551328182220459,0.3202563076101744
206,5,4,1,0.8962046504020691,0.3202563076101744
206,5,8,1,0.8696985840797424,0.30860669992418394
206,5,16,1,0.9007406234741211,0.25000000000000006
206,5,3,2,0.9291777014732361,0.8660254037844388
206,5,5,2,0.9067278504371643,0.3857583749052299
206,5,9,2,0.9729505777359009,0.8703882797784891
206,5,17,2,0.9789211750030518,0.957427107756338
206,5,6,2,0.9040376543998718,0.40032038451271795
206,5,10,2,0.9406659603118896,0.912870929175277
206,5,18,2,0.9789211750030518,0.957427107756338
206,5,12,2,0.8877822160720825,0.298142396999972
206,5,20,2,0.9466084837913513,0.521749194749951
206,5,24,2,0.9288555979728699,0.4629100498862759
206,5,7,3,0.9040376543998718,0.40032038451271795
206,5,11,3,0.9729505777359009,0.8703882797784891
206,5,19,3,0.9156624674797058,0.8215838362577493
206,5,13,3,0.9302986860275269,0.4629100498862759
206,5,21,3,0.994232177734375,1.0000000000000002
206,5,25,3,0.9789211750030518,0.957427107756338
206,5,14,3,0.9406622052192688,0.916666666666667
206,5,22,3,0.994232177734375,1.0000000000000002
206,5,26,3,0.994232177734375,1.0000000000000002
206,5,28,3,0.994232177734375,1.0000000000000002
206,5,15,4,0.9311785101890564,0.916666666666667
206,5,23,4,0.994232177734375,1.0000000000000002
206,5,27,4,0.9961353540420532,1.0000000000000002
206,5,29,4,0.994232177734375,1.0000000000000002
206,5,30,4,0.994232177734375,1.0000000000000002
207,6,63,6,1.0,1.0
207,6,0,0,0.8836169838905334,0.7590721152765898
207,6,1,1,0.8461697697639465,0.4
207,6,2,1,0.8836169838905334,0.7590721152765898
207,6,4,1,0.8495556712150574,0.41403933560541273
207,6,8,1,0.924180269241333,0.4296689244236599
207,6,16,1,0.869429886341095,0.5163977794943223
207,6,32,1,0.8495556712150574,0.41403933560541273
207,6,3,2,0.8965926170349121,0.8593378488473196
207,6,5,2,0.8540925979614258,0.4140393356054127
207,6,9,2,0.9282928705215454,0.4830458915396481
207,6,17,2,0.9323298931121826,0.9333333333333333
207,6,33,2,0.8540925979614258,0.4140393356054127
207,6,6,2,0.894806444644928,0.8000000000000002
207,6,10,2,0.9282928705215454,0.4830458915396481
207,6,18,2,1.0,1.0
207,6,34,2,0.878113865852356,0.7590721152765898
207,6,12,2,0.9276145100593567,0.34503277967117724
207,6,20,2,0.8742499351501465,0.5163977794943223
207,6,36,2,0.8495556712150574,0.41403933560541273
207,6,24,2,0.9916201233863831,0.9036961141150639
207,6,40,2,0.9186230897903442,0.4666666666666667
207,6,48,2,0.9114434719085693,0.8391463916782737
207,6,7,3,0.8965926170349121,0.8593378488473196
207,6,11,3,0.9282928705215454,0.4830458915396481
207,6,19,3,1.0,1.0
207,6,35,3,0.8965926170349121,0.8593378488473196
207,6,13,3,1.0,1.0
207,6,21,3,0.9374953508377075,0.9333333333333333
207,6,37,3,0.8540925979614258,0.4140393356054127
207,6,25,3,1.0,1.0
207,6,41,3,0.9282928705215454,0.4830458915396481
207,6,49,3,0.9323298931121826,0.9333333333333333
207,6,14,3,0.9282928705215454,0.4830458915396481
207,6,22,3,0.9374953508377075,0.9333333333333333
207,6,38,3,0.894806444644928,0.8000000000000002
207,6,26,3,1.0,1.0
207,6,42,3,0.9265363812446594,0.48304589153964816
207,6,50,3,0.9522463083267212,0.9660917830792961
207,6,28,3,0.9978950023651123,0.930949336251263
207,6,44,3,0.9276145100593567,0.34503277967117724
207,6,52,3,0.9137462973594666,0.8767140075192092
207,6,56,3,0.9916201233863831,0.9036961141150639
207,6,15,4,0.9282928705215454,0.4830458915396481
207,6,23,4,0.9522463083267212,0.9660917830792961
207,6,39,4,0.8970032930374146,0.8593378488473196
207,6,27,4,1.0,1.0
207,6,43,4,0.9282928705215454,0.4830458915396481
207,6,51,4,0.9374953508377075,0.9333333333333333
207,6,29,4,0.9978950023651123,0.930949336251263
207,6,45,4,0.9282928705215454,0.4830458915396481
207,6,53,4,0.92570561170578,0.9333333333333333
207,6,57,4,1.0,1.0
207,6,30,4,1.0,1.0
207,6,46,4,0.9282928705215454,0.4830458915396481
207,6,54,4,0.9374953508377075,0.9333333333333333
207,6,58,4,1.0,1.0
207,6,60,4,0.9978950023651123,0.930949336251263
207,6,31,5,1.0,1.0
207,6,47,5,0.9282928705215454,0.4830458915396481
207,6,55,5,0.9374953508377075,0.9333333333333333
207,6,59,5,1.0,1.0
207,6,61,5,1.0,1.0
207,6,62,5,1.0,1.0
208,6,63,6,1.0,1.0
208,6,0,0,0.8913010358810425,0.8666666666666667
208,6,1,1,0.8913010358810425,0.8666666666666667
208,6,2,1,0.9002548456192017,0.8970852271450607
208,6,4,1,0.8896206021308899,0.7877263614433764
208,6,8,1,0.820650577545166,0.4146442144313648
208,6,16,1,0.9223353862762451,0.5163977794943223
208,6,32,1,0.9288360476493835,0.894427190999916
208,6,3,2,0.9084909558296204,0.8666666666666667
208,6,5,2,0.8896206021308899,0.7877263614433764
208,6,9,2,0.8888419270515442,0.8666666666666667
208,6,17,2,0.912705659866333,0.4666666666666667
208,6,33,2,0.9029182195663452,0.7590721152765899
208,6,6,2,0.8983251452445984,0.894427190999916
208,6,10,2,0.9002548456192017,0.8970852271450607
208,6,18,2,0.9691053628921509,0.9333333333333333
208,6,34,2,0.9278181791305542,0.9660917830792961
208,6,12,2,0.839198112487793,0.4666666666666667
208,6,20,2,0.9118119478225708,0.33333333333333337
208,6,36,2,0.9003766775131226,0.7700535410868202
208,6,24,2,0.9668179154396057,0.8593378488473197
208,6,40,2,0.9177238941192627,0.8280786712108253
208,6,48,2,0.9923917651176453,0.894427190999916
208,6,7,3,0.8997271060943604,0.9309493362512629
208,6,11,3,0.8577349185943604,0.8970852271450607
208,6,19,3,0.9559611678123474,0.8970852271450607
208,6,35,3,0.9278181791305542,0.9660917830792961
208,6,13,3,0.818547248840332,0.35805743701971654
208,6,21,3,0.912705659866333,0.4666666666666667
208,6,37,3,0.8856589794158936,0.6956655929999345
208,6,25,3,0.9668179154396057,0.8593378488473197
208,6,41,3,0.9177238941192627,0.8280786712108253
208,6,49,3,0.9923917651176453,0.894427190999916
208,6,14,3,0.8577349185943604,0.8970852271450607
208,6,22,3,0.9691053628921509,0.9333333333333333
208,6,38,3,0.9278181791305542,0.9660917830792961
208,6,26,3,0.9691053628921509,0.9333333333333333
208,6,42,3,0.9278181791305542,0.9660917830792961
208,6,50,3,0.9950393438339233,0.9660917830792961
208,6,28,3,0.9668179154396057,0.8593378488473197
208,6,44,3,0.9288360476493835,0.894427190999916
208,6,52,3,0.9849456548690796,0.894427190999916
208,6,56,3,0.998590350151062,0.930949336251263
208,6,15,4,0.9002548456192017,0.8970852271450607
208,6,23,4,0.9625437259674072,0.8970852271450607
208,6,39,4,0.9269245862960815,0.9309493362512629
208,6,27,4,0.9691053628921509,0.9333333333333333
208,6,43,4,0.9278181791305542,0.9660917830792961
208,6,51,4,1.0,1.0
208,6,29,4,0.9668179154396057,0.8593378488473197
208,6,45,4,0.9177238941192627,0.8280786712108253
208,6,53,4,0.9748871326446533,0.8280786712108253
208,6,57,4,0.998590350151062,0.930949336251263
208,6,30,4,0.9651892781257629,0.9333333333333333
208,6,46,4,0.9278181791305542,0.9660917830792961
208,6,54,4,0.9950393438339233,0.9660917830792961
208,6,58,4,1.0,1.0
208,6,60,4,0.998590350151062,0.930949336251263
208,6,31,5,0.9691053628921509,0.9333333333333333
208,6,47,5,0.9278181791305542,0.9660917830792961
208,6,55,5,0.9950393438339233,0.9660917830792961
208,6,59,5,1.0,1.0
208,6,61,5,0.998590350151062,0.930949336251263
208,6,62,5,1.0,1.0
209,5,31,5,1.0,1.0
209,5,0,0,0.8957923054695129,0.38575837490522985
209,5,1,1,0.907163679599762,0.38575837490522985
209,5,2,1,0.907163679599762,0.38575837490522985
209,5,4,1,0.8415312170982361,0.21428571428571436
209,5,8,1,0.9251301288604736,0.4409585518440985
209,5,16,1,0.9693913459777832,0.8571428571428572
209,5,3,2,0.907163679599762,0.38575837490522985
209,5,5,2,0.8675294518470764,0.8894991799933215
209,5,9,2,0.9168005585670471,0.4140393356054126
209,5,17,2,0.9753018617630005,0.9258200997725516
209,5,6,2,0.9404878616333008,0.5000000000000002
209,5,10,2,0.9349529147148132,0.5000000000000002
209,5,18,2,0.9817941784858704,0.9258200997725516
209,5,12,2,0.9330484867095947,0.5000000000000002
209,5,20,2,0.9372254014015198,0.7715167498104598
209,5,24,2,0.929110586643219,0.3706246583305507
209,5,7,3,0.8789732456207275,0.8894991799933215
209,5,11,3,0.9160559177398682,0.4140393356054126
209,5,19,3,0.9817941784858704,0.9258200997725516
209,5,13,3,0.967153787612915,0.9285714285714286
209,5,21,3,0.9599183797836304,0.8894991799933215
209,5,25,3,0.9885823726654053,0.9285714285714286
209,5,14,3,0.8933749198913574,0.4677071733467426
209,5,22,3,1.0,1.0
209,5,26,3,0.9712299704551697,0.8486684247915057
209,5,28,3,0.9843385815620422,0.8894991799933216
209,5,15,4,0.9431295394897461,0.8970852271450607
209,5,23,4,0.9817941784858704,0.9258200997725516
209,5,27,4,1.0,1.0
209,5,29,4,1.0,1.0
209,5,30,4,1.0,1.0
210,4,15,4,1.0,1.0
210,4,0,0,0.8005094528198242,0.34668762264076824
210,4,1,1,0.8304371237754822,0.3580574370197165
210,4,2,1,0.8028558492660522,0.3580574370197165
210,4,4,1,0.9311511516571045,0.8006407690254358
210,4,8,1,0.8625239133834839,0.3846153846153847
210,4,3,2,0.823514461517334,0.3846153846153847
210,4,5,2,1.0,1.0
210,4,9,2,0.9131345152854919,0.8807048459279794
210,4,6,2,1.0,1.0
210,4,10,2,0.9274283051490784,0.8894991799933215
210,4,12,2,1.0,1.0
210,4,7,3,1.0,1.0
210,4,11,3,0.9131345152854919,0.8807048459279794
210,4,13,3,1.0,1.0
210,4,14,3,1.0,1.0
211,4,15,4,1.0,1.0
211,4,0,0,0.900532603263855,0.7692307692307695
211,4,1,1,0.8882933259010315,0.9230769230769231
211,4,2,1,0.8897837400436401,0.9230769230769231
211,4,4,1,0.987673282623291,0.9309493362512629
211,4,8,1,0.900532603263855,0.7692307692307695
211,4,3,2,0.9052446484565735,0.9230769230769231
211,4,5,2,0.9945468902587891,1.0
211,4,9,2,0.9240806102752686,0.9230769230769231
211,4,6,2,0.9945468902587891,1.0
211,4,10,2,0.8712913990020752,0.7844645405527362
211,4,12,2,0.987673282623291,0.9309493362512629
211,4,7,3,1.0,1.0
211,4,11,3,0.8974448442459106,0.9230769230769231
211,4,13,3,1.0,1.0
211,4,14,3,0.9945468902587891,1.0
212,4,15,4,1.0,1.0
212,4,0,0,0.8791620135307312,0.7006490497453708
212,4,1,1,0.922549843788147,0.9660917830792961
212,4,2,1,0.8865669965744019,0.8563488385776754
212,4,4,1,0.8526711463928223,0.5636018619766345
212,4,8,1,0.9930978417396545,0.9660917830792961
212,4,3,2,0.922549843788147,0.9660917830792961
212,4,5,2,0.8994492292404175,0.8593378488473197
212,4,9,2,1.0,1.0
212,4,6,2,0.9118292331695557,0.9309493362512629
212,4,10,2,1.0,1.0
212,4,12,2,0.9930978417396545,0.9660917830792961
212,4,7,3,0.922549843788147,0.9660917830792961
212,4,11,3,1.0,1.0
212,4,13,3,0.9971131682395935,0.930949336251263
212,4,14,3,0.9930978417396545,0.9660917830792961
214,4,15,4,0.9999999403953552,1.0000000000000002
214,4,0,0,0.7983709573745728,0.18181818181818182
214,4,1,1,0.8052862882614136,0.24174688920761417
214,4,2,1,0.9270840287208557,0.7627700713964741
214,4,4,1,0.8337137699127197,0.23354968324845693
214,4,8,1,0.953656792640686,0.8528028654224418
214,4,3,2,0.9211771488189697,0.9045340337332909
214,4,5,2,0.8331583738327026,0.22613350843332272
214,4,9,2,0.9716948866844177,0.8581163303210334
214,4,6,2,0.8997778296470642,0.8581163303210334
214,4,10,2,0.9815182685852051,0.9045340337332909
214,4,12,2,0.9828926920890808,0.8181818181818183
214,4,7,3,0.8592398762702942,0.4181210050035455
214,4,11,3,0.9854953289031982,0.9534625892455927
214,4,13,3,0.9845664501190186,0.9090909090909093
214,4,14,3,0.9965364933013916,0.9534625892455927
219,5,31,5,1.0,0.9999999999999999
219,5,0,0,0.9188663363456726,0.8280786712108253
219,5,1,1,0.94020015001297,0.8970852271450608
219,5,2,1,0.94020015001297,0.8970852271450608
219,5,4,1,0.9312758445739746,0.8593378488473197
219,5,8,1,0.9427871108055115,0.9333333333333332
219,5,16,1,0.9096641540527344,0.8593378488473197
219,5,3,2,0.9572628736495972,0.930949336251263
219,5,5,2,0.9572628736495972,0.930949336251263
219,5,9,2,0.9427871108055115,0.9333333333333332
219,5,17,2,1.0,0.9999999999999999
219,5,6,2,0.9572628736495972,0.930949336251263
219,5,10,2,0.9517189860343933,0.9333333333333332
219,5,18,2,0.9586715698242188,0.521749194749951
219,5,12,2,0.9427871108055115,0.9333333333333332
219,5,20,2,0.9180110096931458,0.8593378488473197
219,5,24,2,0.979530930519104,0.9333333333333332
219,5,7,3,0.9572628736495972,0.930949336251263
219,5,11,3,0.9427871108055115,0.9333333333333332
219,5,19,3,1.0,0.9999999999999999
219,5,13,3,0.9427871108055115,0.9333333333333332
219,5,21,3,0.9954732656478882,0.9660917830792962
219,5,25,3,1.0,0.9999999999999999
219,5,14,3,0.9427871108055115,0.9333333333333332
219,5,22,3,0.9954732656478882,0.9660917830792962
219,5,26,3,1.0,0.9999999999999999
219,5,28,3,1.0,0.9999999999999999
219,5,15,4,0.9471255540847778,0.9333333333333332
219,5,23,4,0.9954732656478882,0.9660917830792962
219,5,27,4,1.0,0.9999999999999999
219,5,29,4,1.0,0.9999999999999999
219,5,30,4,1.0,0.9999999999999999
225,6,63,6,0.9999999403953552,0.9999999999999999
225,6,0,0,0.8078476190567017,0.33333333333333337
225,6,1,1,0.8408161401748657,0.5012804118276032
225,6,2,1,0.8953044414520264,0.8280786712108253
225,6,4,1,0.8484393358230591,0.45074893585520887
225,6,8,1,0.7971510887145996,0.3757345746510897
225,6,16,1,0.855664074420929,0.45074893585520887
225,6,32,1,0.8821959495544434,0.6262242910851494
225,6,3,2,0.9214943647384644,0.8970852271450608
225,6,5,2,0.9214943647384644,0.8970852271450608
225,6,9,2,0.8861764669418335,0.5923488777590925
225,6,17,2,0.9165177941322327,0.8666666666666666
225,6,33,2,0.9912104606628418,0.9333333333333332
225,6,6,2,0.9136601686477661,0.7999999999999999
225,6,10,2,0.8889205455780029,0.7999999999999999
225,6,18,2,0.9362255930900574,0.8140915784106941
225,6,34,2,0.9636744260787964,0.9036961141150638
225,6,12,2,0.8927749991416931,0.7999999999999999
225,6,20,2,0.9429691433906555,0.8391463916782735
225,6,36,2,0.9767339825630188,0.876714007519209
225,6,24,2,0.8950425386428833,0.7514691493021792
225,6,40,2,0.8756080269813538,0.6900655593423545
225,6,48,2,0.9431431889533997,0.7999999999999999
225,6,7,3,0.9214943647384644,0.8970852271450608
225,6,11,3,0.9214943647384644,0.8970852271450608
225,6,19,3,0.9525738954544067,0.9333333333333332
225,6,35,3,0.9999999403953552,0.9999999999999999
225,6,13,3,0.9097692966461182,0.8970852271450608
225,6,21,3,0.9525738954544067,0.9333333333333332
225,6,37,3,0.9999999403953552,0.9999999999999999
225,6,25,3,0.9284796714782715,0.7745966692414833
225,6,41,3,0.9058299660682678,0.8666666666666666
225,6,49,3,0.9363154172897339,0.8970852271450608
225,6,14,3,0.8702637553215027,0.8280786712108253
225,6,22,3,0.9481910467147827,0.8391463916782735
225,6,38,3,0.9845061302185059,0.9036961141150638
225,6,26,3,0.9362102746963501,0.8140915784106941
225,6,42,3,0.9767339825630188,0.876714007519209
225,6,50,3,0.9845061302185059,0.9036961141150638
225,6,28,3,0.9362101554870605,0.8140915784106941
225,6,44,3,0.9767339825630188,0.876714007519209
225,6,52,3,0.9767339825630188,0.876714007519209
225,6,56,3,0.9431431889533997,0.7999999999999999
225,6,15,4,0.9214943647384644,0.8970852271450608
225,6,23,4,0.9525738954544067,0.9333333333333332
225,6,39,4,0.9999999403953552,0.9999999999999999
225,6,27,4,0.9525738954544067,0.9333333333333332
225,6,43,4,0.9999999403953552,0.9999999999999999
225,6,51,4,0.9979287981987,0.9689627902499088
225,6,29,4,0.9525738954544067,0.9333333333333332
225,6,45,4,0.9999999403953552,0.9999999999999999
225,6,53,4,0.9999999403953552,0.9999999999999999
225,6,57,4,0.9999999403953552,0.9999999999999999
225,6,30,4,0.9481910467147827,0.8391463916782735
225,6,46,4,0.9712780117988586,0.876714007519209
225,6,54,4,0.9912104606628418,0.9333333333333332
225,6,58,4,0.9767339825630188,0.876714007519209
225,6,60,4,0.979727029800415,0.9036961141150638
225,6,31,5,0.9525738954544067,0.9333333333333332
225,6,47,5,0.9999999403953552,0.9999999999999999
225,6,55,5,0.9999999403953552,0.9999999999999999
225,6,59,5,0.9999999403953552,0.9999999999999999
225,6,61,5,0.9999999403953552,0.9999999999999999
225,6,62,5,0.9767339825630188,0.876714007519209
228,4,15,4,0.9999999403953552,1.0000000000000002
228,4,0,0,0.893090546131134,0.7462025072446365
228,4,1,1,0.8427789807319641,0.3344968040028364
228,4,2,1,0.8190328478813171,0.18181818181818182
228,4,4,1,0.8457140922546387,0.18181818181818182
228,4,8,1,0.856168806552887,0.2727272727272727
228,4,3,2,0.9083293676376343,0.8581163303210334
228,4,5,2,0.8250312805175781,0.15569978883230462
228,4,9,2,0.9533334374427795,0.9534625892455927
228,4,6,2,0.9224295020103455,0.8040302522073697
228,4,10,2,0.933264434337616,0.9045340337332909
228,4,12,2,0.9345007538795471,0.8181818181818183
228,4,7,3,0.9598063230514526,0.9090909090909093
228,4,11,3,0.9465267658233643,0.8058229640253801
228,4,13,3,0.9999999403953552,1.0000000000000002
228,4,14,3,0.9813669919967651,0.9534625892455927
229,4,15,4,1.0,1.0000000000000002
229,4,0,0,0.813054621219635,0.1611645928050761
229,4,1,1,0.8400874733924866,0.3344968040028364
229,4,2,1,0.807659387588501,0.1611645928050761
229,4,4,1,0.9394291043281555,0.48349377841522834
229,4,8,1,0.8465189337730408,0.38924947208076155
229,4,3,2,0.8400874733924866,0.3344968040028364
229,4,5,2,1.0,1.0000000000000002
229,4,9,2,0.8866458535194397,0.8058229640253805
229,4,6,2,0.8528326749801636,0.3223291856101522
229,4,10,2,0.935818612575531,0.7833494518006402
229,4,12,2,1.0,1.0000000000000002
229,4,7,3,1.0,1.0000000000000002
229,4,11,3,0.9814597368240356,0.9534625892455927
229,4,13,3,1.0,1.0000000000000002
229,4,14,3,0.9745756387710571,0.9534625892455927
230,4,15,4,1.0,1.0
230,4,0,0,0.8502088785171509,0.7333333333333334
230,4,1,1,0.9484184980392456,0.8606629658238705
230,4,2,1,0.8755372166633606,0.8767140075192092
230,4,4,1,0.8087969422340393,0.35805743701971654
230,4,8,1,0.8643908500671387,0.5504818825631805
230,4,3,2,0.9582947492599487,0.8970852271450607
230,4,5,2,0.9582947492599487,0.8970852271450607
230,4,9,2,0.9941757917404175,1.0
230,4,6,2,0.8113789558410645,0.5217491947499511
230,4,10,2,0.9333731532096863,0.9341987329938277
230,4,12,2,0.8529037237167358,0.32274861218395146
230,4,7,3,0.9582947492599487,0.8970852271450607
230,4,11,3,0.9941757917404175,1.0
230,4,13,3,0.9874762296676636,0.9333333333333333
230,4,14,3,0.9333731532096863,0.9341987329938277
234,4,15,4,1.0,1.0000000000000002
234,4,0,0,0.8830035328865051,0.3344968040028364
234,4,1,1,0.8830035328865051,0.3344968040028364
234,4,2,1,0.9466657638549805,0.48349377841522834
234,4,4,1,0.9466657638549805,0.48349377841522834
234,4,8,1,0.9466657638549805,0.48349377841522834
234,4,3,2,1.0,1.0000000000000002
234,4,5,2,0.9466657638549805,0.48349377841522834
234,4,9,2,0.9081063270568848,0.3481553119113957
234,4,6,2,0.9466657638549805,0.48349377841522834
234,4,10,2,1.0,1.0000000000000002
234,4,12,2,0.9466657638549805,0.48349377841522834
234,4,7,3,0.9466657638549805,0.48349377841522834
234,4,11,3,1.0,1.0000000000000002
234,4,13,3,1.0,1.0000000000000002
234,4,14,3,1.0,1.0000000000000002
239,5,31,5,1.0,1.0
239,5,0,0,0.8110427260398865,0.30151134457776363
239,5,1,1,0.8704124093055725,0.451848057057532
239,5,2,1,0.8345658779144287,0.30151134457776363
239,5,4,1,0.9106272459030151,0.5735393346764047
239,5,8,1,0.8075419664382935,0.46770717334674283
239,5,16,1,0.9046131372451782,0.4014775342734832
239,5,3,2,0.8647930026054382,0.4677071733467428
239,5,5,2,0.9526486396789551,0.6308932681440452
239,5,9,2,0.8704124093055725,0.451848057057532
239,5,17,2,0.9747989177703857,0.9375
239,5,6,2,0.8551111817359924,0.5161854012087642
239,5,10,2,0.8563986420631409,0.5163977794943223
239,5,18,2,0.940287709236145,0.875
239,5,12,2,0.8551111817359924,0.5161854012087642
239,5,20,2,1.0,1.0
239,5,24,2,0.9435039758682251,0.8838834764831844
239,5,7,3,0.9208316802978516,0.6000991981489789
239,5,11,3,1.0,1.0
239,5,19,3,1.0,1.0
239,5,13,3,0.9526486396789551,0.6308932681440452
239,5,21,3,1.0,1.0
239,5,25,3,0.9527226686477661,0.9375
239,5,14,3,0.8551111817359924,0.5161854012087642
239,5,22,3,1.0,1.0
239,5,26,3,0.940287709236145,0.875
239,5,28,3,1.0,1.0
239,5,15,4,0.8963322043418884,0.5735393346764047
239,5,23,4,1.0,1.0
239,5,27,4,0.9747989177703857,0.9375
239,5,29,4,1.0,1.0
239,5,30,4,1.0,1.0
243,5,31,5,1.0,1.0
243,5,0,0,0.8631747961044312,0.7126966450997984
243,5,1,1,0.8660907745361328,0.7126966450997984
243,5,2,1,0.9757516384124756,0.9258200997725516
243,5,4,1,0.8639336824417114,0.7559289460184545
243,5,8,1,0.8885270953178406,0.8058229640253802
243,5,16,1,0.8750052452087402,0.7559289460184545
243,5,3,2,0.9704464077949524,0.8894991799933215
243,5,5,2,0.8660907745361328,0.7126966450997984
243,5,9,2,0.8879987001419067,0.8058229640253802
243,5,17,2,0.8660907745361328,0.7126966450997984
243,5,6,2,0.9157074689865112,0.8486684247915057
243,5,10,2,0.9429341554641724,0.9285714285714286
243,5,18,2,0.9186058044433594,0.8486684247915057
243,5,12,2,0.8669804334640503,0.5520524474738835
243,5,20,2,0.8697163462638855,0.7126966450997984
243,5,24,2,0.8930745124816895,0.8058229640253802
243,5,7,3,0.9723663330078125,0.9258200997725516
243,5,11,3,1.0,1.0
243,5,19,3,0.9723663330078125,0.9258200997725516
243,5,13,3,1.0,1.0
243,5,21,3,0.8722092509269714,0.7126966450997984
243,5,25,3,0.8973163366317749,0.8894991799933215
243,5,14,3,0.9455428123474121,0.9285714285714286
243,5,22,3,0.9186058044433594,0.8486684247915057
243,5,26,3,0.9455428123474121,0.9285714285714286
243,5,28,3,0.9455428123474121,0.9285714285714286
243,5,15,4,1.0,1.0
243,5,23,4,0.9723663330078125,0.9258200997725516
243,5,27,4,1.0,1.0
243,5,29,4,1.0,1.0
243,5,30,4,1.0,1.0
246,4,15,4,1.0000001192092896,1.0000000000000002
246,4,0,0,0.8029041886329651,0.20100756305184242
246,4,1,1,1.0000001192092896,1.0000000000000002
246,4,2,1,0.8333982825279236,0.20100756305184242
246,4,4,1,0.8427687883377075,0.28867513459481287
246,4,8,1,0.7927584052085876,0.27735009811261463
246,4,3,2,1.0000001192092896,1.0000000000000002
246,4,5,2,1.0000001192092896,1.0000000000000002
246,4,9,2,0.9978616237640381,0.9486832980505138
246,4,6,2,0.8452496528625488,0.30151134457776363
246,4,10,2,0.8333982825279236,0.20100756305184242
246,4,12,2,0.8002227544784546,0.27735009811261463
246,4,7,3,1.0000001192092896,1.0000000000000002
246,4,11,3,1.0000001192092896,1.0000000000000002
246,4,13,3,0.9767063856124878,0.9428090415820635
246,4,14,3,0.8333982825279236,0.20100756305184242
254,5,31,5,1.0,1.0000000000000002
254,5,0,0,0.8663172721862793,0.7144345083117604
254,5,1,1,0.8354870676994324,0.30860669992418394
254,5,2,1,0.8773496747016907,0.6963106238227913
254,5,4,1,0.8163991570472717,0.2165063509461097
254,5,8,1,0.8320969939231873,0.280056016805602
254,5,16,1,0.7974075078964233,0.11785113019775795
254,5,3,2,0.8354870676994324,0.30860669992418394
254,5,5,2,0.966845691204071,0.957427107756338
254,5,9,2,0.8800387978553772,0.4409585518440984
254,5,17,2,0.9648552536964417,0.8703882797784891
254,5,6,2,0.9160223007202148,0.8703882797784891
254,5,10,2,0.9659585952758789,0.957427107756338
254,5,18,2,0.9565743207931519,0.916666666666667
254,5,12,2,0.8488870859146118,0.298142396999972
254,5,20,2,0.8657978177070618,0.3333333333333334
254,5,24,2,0.8627452850341797,0.3333333333333334
254,5,7,3,0.9044106006622314,0.4629100498862759
254,5,11,3,0.9044106006622314,0.4629100498862759
254,5,19,3,0.9856835603713989,0.916666666666667
254,5,13,3,0.9020317792892456,0.4629100498862759
254,5,21,3,1.0,1.0000000000000002
254,5,25,3,1.0,1.0000000000000002
254,5,14,3,0.9224981069564819,0.8703882797784891
254,5,22,3,0.9565743207931519,0.916666666666667
254,5,26,3,0.9975765943527222,1.0000000000000002
254,5,28,3,0.8830074071884155,0.372677996249965
254,5,15,4,0.9044106006622314,0.4629100498862759
254,5,23,4,1.0,1.0000000000000002
254,5,27,4,1.0,1.0000000000000002
254,5,29,4,0.9756598472595215,0.916666666666667
254,5,30,4,0.9651556611061096,0.957427107756338
