sample_id,condition,transcript,n_segments,segment_idx,segment_rank_abs_sv,segment_token,segment_abs_sv,segment_dur_sec,base_logprob,deleted_logprob,logprob_drop,runtime_sec
1,librispeech_original,A FRENCHMAN YOUR NAME,4,1,1,FRENCHMAN,0.0961000397801399,0.5218978102189781,-0.24801531434059143,-1.1721057891845703,0.9240904748439789,0.3457730685004208
1,librispeech_original,A FRENCHMAN YOUR NAME,4,2,2,YOUR,0.0275134555995464,0.7267468065693432,-0.24801531434059143,-0.48976320028305054,0.2417478859424591,0.4342735182508477
1,librispeech_original,A FRENCHMAN YOUR NAME,4,0,3,A,0.006064673885703,0.12016833941605842,-0.24801531434059143,-0.5359921455383301,0.28797683119773865,0.2612284487513534
1,librispeech_original,A FRENCHMAN YOUR NAME,4,3,4,NAME,0.0017906427383422,0.23111222627737238,-0.24801531434059143,-0.20737144351005554,-0.04064387083053589,0.5220997367505333
6,librispeech_original,AHEM A COMMON RUMOR,4,3,1,RUMOR,0.1311325579881668,0.3510249999999999,-0.20719780027866364,-0.9884202480316162,0.7812224477529526,0.4107199659993057
6,librispeech_original,AHEM A COMMON RUMOR,4,2,2,COMMON,0.0602154284715652,0.3915599999999999,-0.20719780027866364,-2.0861003398895264,1.8789025396108627,0.31804325624761987
6,librispeech_original,AHEM A COMMON RUMOR,4,0,3,AHEM,0.0300000458955764,0.4213924999999999,-0.20719780027866364,-2.600055456161499,2.3928576558828354,0.1787950504985929
6,librispeech_original,AHEM A COMMON RUMOR,4,1,4,A,0.0116917639970779,0.5343899999999999,-0.20719780027866364,-1.4749343395233154,1.2677365392446518,0.23800321849921602
11,librispeech_original,ALTERED WORDS AND FIGURES,4,0,1,ALTERED,0.1214121654629707,0.4828878546099292,-0.1879526972770691,-3.6531989574432373,3.465246260166168,0.16962866600078996
11,librispeech_original,ALTERED WORDS AND FIGURES,4,3,2,FIGURES,0.0584471076726913,0.555375,-0.1879526972770691,-1.3748741149902344,1.1869214177131653,0.43924465750023955
11,librispeech_original,ALTERED WORDS AND FIGURES,4,1,3,WORDS,0.0491394214332103,0.46326241134751767,-0.1879526972770691,-0.371069997549057,0.18311730027198792,0.25326433349982835
11,librispeech_original,ALTERED WORDS AND FIGURES,4,2,4,AND,0.0172254052013158,0.2221458333333335,-0.1879526972770691,-1.371160864830017,1.183208167552948,0.35506546550095663
26,librispeech_original,AND I BOUGHT THINGS,4,2,1,BOUGHT,0.1313437521457672,0.42767125984251975,-0.11887162178754807,-1.4674826860427856,1.3486110642552376,0.3824480692492216
26,librispeech_original,AND I BOUGHT THINGS,4,3,2,THINGS,0.0763130560517311,0.44407381889763786,-0.11887162178754807,-1.174692153930664,1.055820532143116,0.46499423400018713
26,librispeech_original,AND I BOUGHT THINGS,4,1,3,I,0.0249064583331346,0.17293749999999997,-0.11887162178754807,-0.17302055656909943,0.05414893478155136,0.29380357899935916
26,librispeech_original,AND I BOUGHT THINGS,4,0,4,AND,0.0238779075443744,0.20112204724409444,-0.11887162178754807,-0.8361689448356628,0.7172973230481148,0.19612674874952063
32,librispeech_original,AND NOW I SAID,4,3,1,SAID,0.1149194166064262,0.3619148936170211,-0.15812824666500092,-1.1392958164215088,0.9811675697565079,0.4773526232493168
32,librispeech_original,AND NOW I SAID,4,0,2,AND,0.052078790962696,0.18055452127659566,-0.15812824666500092,-0.6265957355499268,0.46846748888492584,0.18254586799957906
32,librispeech_original,AND NOW I SAID,4,1,3,NOW,0.0408588796854019,0.2613829787234043,-0.15812824666500092,-0.14428254961967468,-0.013845697045326233,0.30327807674984797
32,librispeech_original,AND NOW I SAID,4,2,4,I,0.0117044290527701,0.18095744680851045,-0.15812824666500092,-0.23701876401901245,0.07889051735401154,0.39274985649899463
33,librispeech_original,AND OH ANNE DEAR,4,3,1,DEAR,0.1030513644218444,0.34550000000000014,-0.33837923407554626,-3.028136968612671,2.6897577345371246,0.42931989424687345
33,librispeech_original,AND OH ANNE DEAR,4,0,2,AND,0.0451045222580432,0.18875986842105263,-0.33837923407554626,-3.168132781982422,2.8297535479068756,0.17266236099749221
33,librispeech_original,AND OH ANNE DEAR,4,2,3,ANNE,0.0439908020198345,0.32194736842105254,-0.33837923407554626,-1.2073204517364502,0.8689412176609039,0.36580479849726544
33,librispeech_original,AND OH ANNE DEAR,4,1,4,OH,0.0257286839187145,0.24167434210526317,-0.33837923407554626,-0.8055254220962524,0.4671461880207062,0.2546848757483531
35,librispeech_original,AND REFUSED TO APOLOGISE,4,3,1,APOLOGISE,0.1133277937769889,0.846997685185185,-0.2380651980638504,-0.8985863924026489,0.6605211943387985,0.5225502350003808
35,librispeech_original,AND REFUSED TO APOLOGISE,4,1,2,REFUSED,0.105855219066143,0.5046296296296298,-0.2380651980638504,-1.0663270950317383,0.8282618969678879,0.29954913000256056
35,librispeech_original,AND REFUSED TO APOLOGISE,4,0,3,AND,0.0546595640480518,0.1468726851851852,-0.2380651980638504,-0.8352134823799133,0.5971482843160629,0.20762366375129204
35,librispeech_original,AND REFUSED TO APOLOGISE,4,2,4,TO,0.0008446178399026,0.0403703703703705,-0.2380651980638504,-0.20760785043239594,-0.030457347631454468,0.40031561475188937
38,librispeech_original,AND SO IN MY VIEW,5,4,1,VIEW,0.0833324491977691,0.3019017857142856,-0.0335468053817749,-0.019232196733355522,-0.01431460864841938,0.3921936944010668
38,librispeech_original,AND SO IN MY VIEW,5,0,2,AND,0.0455801002681255,0.23312499999999997,-0.0335468053817749,-0.7073665261268616,0.6738197207450867,0.13076430660148616
38,librispeech_original,AND SO IN MY VIEW,5,3,3,MY,0.0452482961118221,0.22196428571428584,-0.0335468053817749,-0.012018482200801373,-0.02152832318097353,0.32457908220239917
38,librispeech_original,AND SO IN MY VIEW,5,2,4,IN,0.0366251915693283,0.12594642857142846,-0.0335468053817749,-0.17652545869350433,0.14297865331172943,0.2616464890015777
38,librispeech_original,AND SO IN MY VIEW,5,1,5,SO,0.036394864320755,0.4017857142857144,-0.0335468053817749,-0.16859152913093567,0.13504472374916077,0.1945857494021766
43,librispeech_original,AND THERE WAS MY AUNT,5,4,1,AUNT,0.1226118505001068,0.29139527027027023,-0.024671092629432678,-0.825727105140686,0.8010560125112534,0.4500390014000004
43,librispeech_original,AND THERE WAS MY AUNT,5,1,2,THERE,0.0519336797297,0.1329476351351352,-0.024671092629432678,-0.07962162792682648,0.0549505352973938,0.218652176001342
43,librispeech_original,AND THERE WAS MY AUNT,5,0,3,AND,0.037715058773756,0.1605540540540541,-0.024671092629432678,-0.8423485159873962,0.8176774233579636,0.13695482980110682
43,librispeech_original,AND THERE WAS MY AUNT,5,3,4,MY,0.0058976123109459,0.10067567567567559,-0.024671092629432678,-0.03278372436761856,0.008112631738185883,0.37048222360026556
43,librispeech_original,AND THERE WAS MY AUNT,5,2,5,WAS,0.005035753827542,0.0805405405405405,-0.024671092629432678,-0.013111873529851437,-0.011559219099581242,0.29587798500142526
44,librispeech_original,AND THIS AND HERE AGAIN,5,4,1,AGAIN,0.0822288170456886,0.6043125,-0.11933034658432007,-0.7554531693458557,0.6361228227615356,0.4284719546005363
44,librispeech_original,AND THIS AND HERE AGAIN,5,1,2,THIS,0.0274913739413023,0.32266666666666666,-0.11933034658432007,-0.49739870429039,0.37806835770606995,0.23878974560066127
44,librispeech_original,AND THIS AND HERE AGAIN,5,0,3,AND,0.0266677141189575,0.19093750000000004,-0.11933034658432007,-1.605616807937622,1.486286461353302,0.15448988860007376
44,librispeech_original,AND THIS AND HERE AGAIN,5,2,4,AND,0.0186685938388109,0.21866666666666668,-0.11933034658432007,-0.5161640644073486,0.39683371782302856,0.28859807300032114
44,librispeech_original,AND THIS AND HERE AGAIN,5,3,5,HERE,0.0100921215489506,0.17141666666666677,-0.11933034658432007,-0.06614251434803009,-0.05318783223628998,0.3542487711994909
60,librispeech_original,AT YOUR SERVICE SIR,4,3,1,SIR,0.0453302823007106,0.44169230769230805,-0.02487443946301937,-1.9833712577819824,1.958496818318963,0.4446323084994219
60,librispeech_original,AT YOUR SERVICE SIR,4,0,2,AT,0.0,0.020408653846153868,-0.02487443946301937,-0.035874463617801666,0.011000024154782295,0.17422094275025302
60,librispeech_original,AT YOUR SERVICE SIR,4,1,3,YOUR,0.0,0.16078365384615378,-0.02487443946301937,-0.05423329770565033,0.02935885824263096,0.2613019880009233
60,librispeech_original,AT YOUR SERVICE SIR,4,2,4,SERVICE,0.0,0.4416923076923076,-0.02487443946301937,-0.07480906695127487,0.0499346274882555,0.3549588922505791
65,librispeech_original,BUT ALL THIS WAS IN VAIN,6,5,1,VAIN,0.1238421574234962,0.39874999999999994,-0.07232606410980225,-0.9488760232925415,0.8765499591827393,0.4036133211654184
65,librispeech_original,BUT ALL THIS WAS IN VAIN,6,1,2,ALL,0.0807727202773094,0.16121212121212125,-0.07232606410980225,-0.10728801041841507,0.034961946308612823,0.1758467823334892
65,librispeech_original,BUT ALL THIS WAS IN VAIN,6,3,3,WAS,0.0451893508434295,0.1813636363636364,-0.07232606410980225,-0.04668482020497322,-0.025641243904829025,0.2826167948320896
65,librispeech_original,BUT ALL THIS WAS IN VAIN,6,2,4,THIS,0.0326637811958789,0.16121212121212114,-0.07232606410980225,-0.42202654480934143,0.3497004806995392,0.22963851183158113
65,librispeech_original,BUT ALL THIS WAS IN VAIN,6,4,5,IN,0.0171596873551607,0.09068181818181809,-0.07232606410980225,-0.17127133905887604,0.09894527494907379,0.3407104848326223
65,librispeech_original,BUT ALL THIS WAS IN VAIN,6,0,6,BUT,0.0048638419248163,0.012624999999999997,-0.07232606410980225,-0.0817147046327591,0.009388640522956848,0.11279417049809126
66,librispeech_original,BUT BEFORE HE COULD ACT,5,1,1,BEFORE,0.1183833181858062,0.32333333333333325,-0.07944522798061371,-1.7613494396209717,1.681904211640358,0.20601158839999698
66,librispeech_original,BUT BEFORE HE COULD ACT,5,3,2,COULD,0.0675251558423042,0.16166666666666663,-0.07944522798061371,-0.5019384026527405,0.42249317467212677,0.4024072050000541
66,librispeech_original,BUT BEFORE HE COULD ACT,5,0,3,BUT,0.0261539034545421,0.16083333333333327,-0.07944522798061371,-2.027068614959717,1.947623386979103,0.1311347215989372
66,librispeech_original,BUT BEFORE HE COULD ACT,5,2,4,HE,0.0176546573638916,0.08083333333333331,-0.07944522798061371,-0.15070313215255737,0.07125790417194366,0.3121707726008026
66,librispeech_original,BUT BEFORE HE COULD ACT,5,4,5,ACT,0.0076463776640594,0.1601666666666668,-0.07944522798061371,-0.12139050662517548,0.04194527864456177,0.46728833399829456
76,librispeech_original,BUT WHERE YOU GO I GO,6,1,1,WHERE,0.0342156663537025,0.2204661016949152,-0.022715944796800613,-0.07709258794784546,0.054376643151044846,0.21087746233388316
76,librispeech_original,BUT WHERE YOU GO I GO,6,0,2,BUT,0.0313112288713455,0.17023728813559322,-0.022715944796800613,-1.6089972257614136,1.586281280964613,0.12848651116655674
76,librispeech_original,BUT WHERE YOU GO I GO,6,5,3,GO,0.0192331541329622,0.4607891949152545,-0.022715944796800613,-0.0699131116271019,0.047197166830301285,0.4143585093333968
76,librispeech_original,BUT WHERE YOU GO I GO,6,4,4,I,0.017075277864933,0.38906355932203396,-0.022715944796800613,-0.10882001370191574,0.08610406890511513,0.36082621649984503
76,librispeech_original,BUT WHERE YOU GO I GO,6,3,5,GO,0.0073916679248213,0.34072033898305076,-0.022715944796800613,-0.017172474414110184,-0.00554347038269043,0.30861476099865587
76,librispeech_original,BUT WHERE YOU GO I GO,6,2,6,YOU,0.0046219113282859,0.18038135593220328,-0.022715944796800613,-0.009032109752297401,-0.013683835044503212,0.2545481791651885
80,librispeech_original,BY WE'LL GO TO WAR WITH EM,7,1,1,WE'LL,0.0939564257860183,0.27483709016393465,-0.18727660179138184,-1.8205337524414062,1.6332571506500244,0.16312981942818233
80,librispeech_original,BY WE'LL GO TO WAR WITH EM,7,5,2,WITH,0.0803970992565155,0.31254098360655735,-0.18727660179138184,-0.7740746140480042,0.5867980122566223,0.39797174400051255
80,librispeech_original,BY WE'LL GO TO WAR WITH EM,7,4,3,WAR,0.0533087700605392,0.22180327868852467,-0.18727660179138184,-0.25874489545822144,0.0714682936668396,0.3480952229999405
80,librispeech_original,BY WE'LL GO TO WAR WITH EM,7,2,4,GO,0.0226877350360155,0.1008196721311474,-0.18727660179138184,-0.17448870837688446,-0.012787893414497375,0.2243405089996356
80,librispeech_original,BY WE'LL GO TO WAR WITH EM,7,0,5,BY,0.0213509816676378,0.36233196721311484,-0.18727660179138184,-1.0332759618759155,0.8459993600845337,0.1278778191418886
80,librispeech_original,BY WE'LL GO TO WAR WITH EM,7,3,6,TO,0.0043433615937829,0.05040983606557381,-0.18727660179138184,-0.24007292091846466,0.052796319127082825,0.2928933344290791
80,librispeech_original,BY WE'LL GO TO WAR WITH EM,7,6,7,EM,0.0021631650160998,0.04828586065573748,-0.18727660179138184,-0.21343109011650085,0.02615448832511902,0.4402491124284487
89,librispeech_original,CHAPTER ONE MY EDUCATION,4,3,1,EDUCATION,0.0867762342095375,0.8812355769230771,-0.2030295729637146,-1.345453143119812,1.1424235701560974,0.48956373125110986
89,librispeech_original,CHAPTER ONE MY EDUCATION,4,0,2,CHAPTER,0.0573740676045417,0.4005528846153846,-0.2030295729637146,-0.9681415557861328,0.7651119828224182,0.19067246549820993
89,librispeech_original,CHAPTER ONE MY EDUCATION,4,2,3,MY,0.0330895371735096,0.4814807692307692,-0.2030295729637146,-0.6483404636383057,0.44531089067459106,0.41797131349812844
89,librispeech_original,CHAPTER ONE MY EDUCATION,4,1,4,ONE,0.0131737496703863,0.18028846153846156,-0.2030295729637146,-0.21546919643878937,0.012439623475074768,0.308065311248356
94,librispeech_original,CLOTHO FROM TIME TO TIME,5,4,1,TIME,0.0592044629156589,0.3816081989247313,-0.275252103805542,-0.6608147621154785,0.3855626583099365,0.40942204440070784
94,librispeech_original,CLOTHO FROM TIME TO TIME,5,2,2,TIME,0.0580849982798099,0.22118279569892485,-0.275252103805542,-0.408311665058136,0.133059561252594,0.2799552732001757
94,librispeech_original,CLOTHO FROM TIME TO TIME,5,3,3,TO,0.0356521196663379,0.0804301075268814,-0.275252103805542,-0.3516525328159332,0.07640042901039124,0.3357014256005641
94,librispeech_original,CLOTHO FROM TIME TO TIME,5,0,4,CLOTHO,0.0327223539352417,0.4214375,-0.275252103805542,-3.098752737045288,2.823500633239746,0.1561719596007606
94,librispeech_original,CLOTHO FROM TIME TO TIME,5,1,5,FROM,0.019501993432641,0.140752688172043,-0.275252103805542,-0.22915737330913544,-0.046094730496406555,0.21362374619930052
102,librispeech_original,DEATH OF A FRIEND,4,0,1,DEATH,0.1005382090806961,0.3417912844036698,-0.21239061653614044,-1.3690227270126343,1.1566321104764938,0.17432595799982664
102,librispeech_original,DEATH OF A FRIEND,4,3,2,FRIEND,0.0643890351057052,0.6782752293577983,-0.21239061653614044,-0.48006734251976013,0.2676767259836197,0.4460630877474614
102,librispeech_original,DEATH OF A FRIEND,4,2,3,A,0.0463947094976902,0.020137614678899074,-0.21239061653614044,-0.2246629297733307,0.012272313237190247,0.3660264284990262
102,librispeech_original,DEATH OF A FRIEND,4,1,4,OF,0.007307450287044,0.06041284403669722,-0.21239061653614044,-0.1984385848045349,-0.01395203173160553,0.2791682684983243
109,librispeech_original,ELEVEN P M MAJOR,4,0,1,ELEVEN,0.1053516566753387,0.4824166666666667,-0.5578888654708862,-2.3798470497131348,1.8219581842422485,0.18303827849740628
109,librispeech_original,ELEVEN P M MAJOR,4,3,2,MAJOR,0.0533393882215023,0.72925,-0.5578888654708862,-5.119073390960693,4.561184525489807,0.5142937942473509
109,librispeech_original,ELEVEN P M MAJOR,4,1,3,P,0.0015353858470916,0.09256845238095235,-0.5578888654708862,-0.5541244149208069,-0.0037644505500793457,0.28349106399764423
109,librispeech_original,ELEVEN P M MAJOR,4,2,4,M,0.0005117952823638,0.10059523809523818,-0.5578888654708862,-0.469767689704895,-0.08812117576599121,0.38185595874892897
110,librispeech_original,EMILY AT THIS TIME,4,0,1,EMILY,0.1164159849286079,0.4618214285714285,-0.0955304503440857,-3.1963653564453125,3.100834906101227,0.2091238715001964
110,librispeech_original,EMILY AT THIS TIME,4,3,2,TIME,0.0551375038921833,0.3210952380952381,-0.0955304503440857,-0.43713921308517456,0.34160876274108887,0.44203412024944555
110,librispeech_original,EMILY AT THIS TIME,4,1,3,AT,0.0332356169819831,0.2656994047619048,-0.0955304503440857,-1.6264170408248901,1.5308865904808044,0.2753573867485102
110,librispeech_original,EMILY AT THIS TIME,4,2,4,THIS,0.0297068413347005,0.18085714285714283,-0.0955304503440857,-0.20301416516304016,0.10748371481895447,0.35611878724739654
111,librispeech_original,END IN I AND FIVE IN T,7,4,1,FIVE,0.0699623078107833,0.4844249999999999,-0.30313631892204285,-1.4796969890594482,1.1765606701374054,0.2810449784301454
111,librispeech_original,END IN I AND FIVE IN T,7,5,2,IN,0.0564017370343208,0.48240000000000016,-0.30313631892204285,-0.8504646420478821,0.5473283231258392,0.32634618357198114
111,librispeech_original,END IN I AND FIVE IN T,7,2,3,I,0.0416161455214023,0.4421999999999999,-0.30313631892204285,-0.42231059074401855,0.11917427182197571,0.19538981442955056
111,librispeech_original,END IN I AND FIVE IN T,7,1,4,IN,0.0259698797017335,0.09045000000000003,-0.30313631892204285,-0.46276339888572693,0.15962707996368408,0.1532814790012448
111,librispeech_original,END IN I AND FIVE IN T,7,0,5,END,0.0232146773487329,0.23078750000000003,-0.30313631892204285,-1.8171019554138184,1.5139656364917755,0.09838645871578981
111,librispeech_original,END IN I AND FIVE IN T,7,3,6,AND,0.0123356906697154,0.48239999999999994,-0.30313631892204285,-0.9918645620346069,0.6887282431125641,0.23505731628600707
111,librispeech_original,END IN I AND FIVE IN T,7,6,7,T,0.0035533173941075,0.020099999999999785,-0.30313631892204285,-0.31694236397743225,0.013806045055389404,0.3917955597155794
113,librispeech_original,EVER YOUR'S W H,4,1,1,YOUR'S,0.0972007662057876,0.4622115384615386,-0.16470566391944885,-1.9591236114501953,1.7944179475307465,0.28940710200186004
113,librispeech_original,EVER YOUR'S W H,4,2,2,W,0.0652273222804069,0.9909903846153849,-0.16470566391944885,-3.395069122314453,3.2303634583950043,0.3786977357485739
113,librispeech_original,EVER YOUR'S W H,4,0,3,EVER,0.053655382245779,0.300875,-0.16470566391944885,-2.7222342491149902,2.5575285851955414,0.19515295550081646
113,librispeech_original,EVER YOUR'S W H,4,3,4,H,0.0083278268575668,0.020096153846154152,-0.16470566391944885,-0.19808945059776306,0.03338378667831421,0.44018138274986995
116,librispeech_original,FACE AND FIGURE I,4,0,1,FACE,0.0991270244121551,0.36049337748344373,-0.26033931970596313,-1.8224118947982788,1.5620725750923157,0.18688352249955642
116,librispeech_original,FACE AND FIGURE I,4,2,2,FIGURE,0.0673553124070167,0.30452359271523155,-0.26033931970596313,-1.0785185098648071,0.818179190158844,0.36626260824778
116,librispeech_original,FACE AND FIGURE I,4,1,3,AND,0.0116690695285797,0.2123613410596027,-0.26033931970596313,-0.3943239450454712,0.13398462533950806,0.2804150239971932
116,librispeech_original,FACE AND FIGURE I,4,3,4,I,0.0031324424780905,1.2020902317880797,-0.26033931970596313,-0.26574552059173584,0.005406200885772705,0.45528623199788854
117,librispeech_original,FOR ASKED THE INCAS,4,3,1,INCAS,0.0959555506706237,0.4231818181818181,-0.3096853494644165,-2.6788344383239746,2.369149088859558,0.41428574249948724
117,librispeech_original,FOR ASKED THE INCAS,4,1,2,ASKED,0.0737791433930397,0.22187500000000004,-0.3096853494644165,-1.372834324836731,1.0631489753723145,0.2595371495008294
117,librispeech_original,FOR ASKED THE INCAS,4,0,3,FOR,0.0370864011347293,0.30137499999999995,-0.3096853494644165,-1.974311351776123,1.6646260023117065,0.17539064949960448
117,librispeech_original,FOR ASKED THE INCAS,4,2,4,THE,0.0067641586065292,0.06051136363636345,-0.3096853494644165,-0.35751453042030334,0.04782918095588684,0.3371541950000392
127,librispeech_original,HAM TO BE OR NOT TO BE,7,2,1,BE,0.0602132230997085,0.24224299065420563,-0.253775030374527,-0.5718914270401001,0.3181163966655731,0.23248395114205778
127,librispeech_original,HAM TO BE OR NOT TO BE,7,0,2,HAM,0.0317050516605377,0.26173773364485975,-0.253775030374527,-2.426567792892456,2.172792762517929,0.12283113428566139
127,librispeech_original,HAM TO BE OR NOT TO BE,7,3,3,OR,0.0281532127410173,0.1433668224299065,-0.253775030374527,-0.27308470010757446,0.019309669733047485,0.283815540283935
127,librispeech_original,HAM TO BE OR NOT TO BE,7,6,4,BE,0.0163568016141653,0.2424252336448598,-0.253775030374527,-0.24121025204658508,-0.012564778327941895,0.42020875557084636
127,librispeech_original,HAM TO BE OR NOT TO BE,7,4,5,NOT,0.0056209629401564,0.1413084112149534,-0.253775030374527,-0.26804208755493164,0.014267057180404663,0.3326196775700997
127,librispeech_original,HAM TO BE OR NOT TO BE,7,1,6,TO,0.0029593277722597,0.1349760514018692,-0.253775030374527,-0.2781897783279419,0.024414747953414917,0.17789690385689028
127,librispeech_original,HAM TO BE OR NOT TO BE,7,5,7,TO,0.000927189073991,0.04037383177570075,-0.253775030374527,-0.35603249073028564,0.10225746035575867,0.37536879699993214
134,librispeech_original,HE COULD WAIT NO LONGER,5,2,1,WAIT,0.0783144608139991,0.18844711538461545,-0.003022998571395874,-0.6255601048469543,0.6225371062755585,0.28049573760072233
134,librispeech_original,HE COULD WAIT NO LONGER,5,4,2,LONGER,0.049759317189455,0.44081249999999983,-0.003022998571395874,-0.02163652889430523,0.018613530322909355,0.4141420152009232
134,librispeech_original,HE COULD WAIT NO LONGER,5,0,3,HE,0.0409666821360588,0.14014903846153848,-0.003022998571395874,-0.013598247431218624,0.01057524885982275,0.1367658851988381
134,librispeech_original,HE COULD WAIT NO LONGER,5,1,4,COULD,0.0369497649371624,0.14033653846153848,-0.003022998571395874,-0.03444625437259674,0.03142325580120087,0.20677192159928381
134,librispeech_original,HE COULD WAIT NO LONGER,5,3,5,NO,0.0284190513193607,0.09021634615384633,-0.003022998571395874,-0.004606797359883785,0.0015837987884879112,0.3524006389983697
139,librispeech_original,HE LOOKED ROUND THE ROOM,5,1,1,LOOKED,0.0694971904158592,0.19106741573033714,-0.11903053522109985,-0.5107556581497192,0.3917251229286194,0.23309254399791826
139,librispeech_original,HE LOOKED ROUND THE ROOM,5,0,2,HE,0.0525600649416446,0.12025842696629213,-0.11903053522109985,-0.3428773581981659,0.22384682297706604,0.16864058279898017
139,librispeech_original,HE LOOKED ROUND THE ROOM,5,2,3,ROUND,0.0448944009840488,0.23129213483146072,-0.11903053522109985,-0.4657486379146576,0.34671810269355774,0.285613792197546
139,librispeech_original,HE LOOKED ROUND THE ROOM,5,4,4,ROOM,0.0364755094051361,0.3816713483146068,-0.11903053522109985,-0.044140588492155075,-0.07488994672894478,0.4545269239984918
139,librispeech_original,HE LOOKED ROUND THE ROOM,5,3,5,THE,0.0353312790393829,0.0703932584269662,-0.11903053522109985,-0.22611723840236664,0.10708670318126678,0.36251636300003154
143,librispeech_original,HE SAID THEY ARE NICE,5,4,1,NICE,0.1269861310720443,0.4225149253731344,-0.06389007717370987,-0.7142574787139893,0.6503674015402794,0.39391735759854785
143,librispeech_original,HE SAID THEY ARE NICE,5,1,2,SAID,0.0513057336211204,0.20149253731343275,-0.06389007717370987,-0.46320438385009766,0.3993143066763878,0.19605939899920485
143,librispeech_original,HE SAID THEY ARE NICE,5,3,3,ARE,0.0106610208749771,0.23811380597014908,-0.06389007717370987,-0.30708009004592896,0.24319001287221909,0.32730789039924274
143,librispeech_original,HE SAID THEY ARE NICE,5,0,4,HE,0.0089971162378788,0.1203292910447761,-0.06389007717370987,-0.0838479995727539,0.019957922399044037,0.14636921380006243
143,librispeech_original,HE SAID THEY ARE NICE,5,2,5,THEY,0.0054465569555759,0.6649253731343283,-0.06389007717370987,-1.114104151725769,1.0502140745520592,0.2615369813982397
144,librispeech_original,HE SAID WHY YOU,4,2,1,WHY,0.0906949639320373,0.7787432432432435,-0.2909090220928192,-3.179293394088745,2.888384371995926,0.39119194024897297
144,librispeech_original,HE SAID WHY YOU,4,0,2,HE,0.074117362499237,0.2404375,-0.2909090220928192,-0.7404894828796387,0.44958046078681946,0.19348154474937473
144,librispeech_original,HE SAID WHY YOU,4,1,3,SAID,0.036405324935913,0.3624324324324324,-0.2909090220928192,-0.4620775878429413,0.17116856575012207,0.28762420024941093
144,librispeech_original,HE SAID WHY YOU,4,3,4,YOU,0.0,-0.00359628378378396,-0.2909090220928192,-0.2750910222530365,-0.015817999839782715,0.5013392885011854
147,librispeech_original,HE TECK DAT TIME TOO,5,3,1,TIME,0.1010748967528343,0.4422680412371134,-0.04181632399559021,-1.0049772262573242,0.963160902261734,0.3949597195984097
147,librispeech_original,HE TECK DAT TIME TOO,5,1,2,TECK,0.0483456403017044,0.21684149484536075,-0.04181632399559021,-0.38862934708595276,0.34681302309036255,0.23651107260084245
147,librispeech_original,HE TECK DAT TIME TOO,5,0,3,HE,0.0469624176621437,0.20068041237113404,-0.04181632399559021,-2.111659288406372,2.069842964410782,0.1556121386005543
147,librispeech_original,HE TECK DAT TIME TOO,5,2,4,DAT,0.0392345935106277,0.16082474226804122,-0.04181632399559021,-0.9929733276367188,0.9511570036411285,0.30181091859994924
147,librispeech_original,HE TECK DAT TIME TOO,5,4,5,TOO,0.0242400430142879,0.28097422680412354,-0.04181632399559021,-1.322269320487976,1.2804529964923859,0.4648314947990002
148,librispeech_original,HE TOLD ME IN CONFIDENCE,5,4,1,CONFIDENCE,0.1302860230207443,0.7861825221238938,-0.09777500480413437,-1.2704870700836182,1.1727120652794838,0.4566703116026474
148,librispeech_original,HE TOLD ME IN CONFIDENCE,5,1,2,TOLD,0.0894703939557075,0.2925663716814159,-0.09777500480413437,-0.4954984188079834,0.39772341400384903,0.25302249760134143
148,librispeech_original,HE TOLD ME IN CONFIDENCE,5,0,3,HE,0.0403794012963771,0.20108130530973456,-0.09777500480413437,-0.6770455837249756,0.5792705789208412,0.16983636940130964
148,librispeech_original,HE TOLD ME IN CONFIDENCE,5,2,4,ME,0.0083613824099302,0.1311504424778761,-0.09777500480413437,-0.12015511095523834,0.022380106151103973,0.32753479560196863
148,librispeech_original,HE TOLD ME IN CONFIDENCE,5,3,5,IN,0.0058931931853294,0.08070796460176988,-0.09777500480413437,-0.1370360553264618,0.03926105052232742,0.39346712280239443
156,librispeech_original,HERE IS A NARROW CORNER AS,6,4,1,CORNER,0.1103215292096138,0.4136936936936937,-0.07028055191040039,-0.5423666834831238,0.4720861315727234,0.42156164850166533
156,librispeech_original,HERE IS A NARROW CORNER AS,6,3,2,NARROW,0.0902654081583023,0.3430630630630629,-0.07028055191040039,-1.4305148124694824,1.360234260559082,0.35560881033355446
156,librispeech_original,HERE IS A NARROW CORNER AS,6,0,3,HERE,0.006410741712898,0.34239808558558565,-0.07028055191040039,-0.11834077537059784,0.04806022346019745,0.1529655898339115
156,librispeech_original,HERE IS A NARROW CORNER AS,6,5,4,AS,0.0052159633487463,0.2717010135135134,-0.07028055191040039,-1.4357564449310303,1.3654758930206299,0.46243721633315243
156,librispeech_original,HERE IS A NARROW CORNER AS,6,1,5,IS,0.0018743386026471,0.08072072072072067,-0.07028055191040039,-0.14047718048095703,0.07019662857055664,0.22644153683359036
156,librispeech_original,HERE IS A NARROW CORNER AS,6,2,6,A,0.0012669356074184,0.020180180180180196,-0.07028055191040039,-0.08364273607730865,0.013362184166908264,0.28543855050035444
157,librispeech_original,HERE SOME OF YOU GIRLS,5,4,1,GIRLS,0.102224588394165,0.44262132352941186,-0.09833163768053055,-0.9240662455558777,0.8257346078753471,0.4595827026001643
157,librispeech_original,HERE SOME OF YOU GIRLS,5,0,2,HERE,0.0615484379231929,0.3217830882352941,-0.09833163768053055,-1.6658151149749756,1.567483477294445,0.16238572360016407
157,librispeech_original,HERE SOME OF YOU GIRLS,5,3,3,YOU,0.0377919524908065,0.10073529411764692,-0.09833163768053055,-0.06743700802326202,-0.030894629657268524,0.3775985346001107
157,librispeech_original,HERE SOME OF YOU GIRLS,5,1,4,SOME,0.0319597013294696,0.16117647058823525,-0.09833163768053055,-0.0904938131570816,-0.007837824523448944,0.23947485679818784
157,librispeech_original,HERE SOME OF YOU GIRLS,5,2,5,OF,0.0005782097578048,0.040294117647058814,-0.09833163768053055,-0.07771547138690948,-0.020616166293621063,0.3092430960008642
163,librispeech_original,I AM VERY GLAD,4,3,1,GLAD,0.1157157570123672,0.6548750000000001,-0.021325288340449333,-0.3001445233821869,0.27881923504173756,0.4003906772486516
163,librispeech_original,I AM VERY GLAD,4,0,2,I,0.0,0.07033333333333336,-0.021325288340449333,-0.016590382903814316,-0.004734905436635017,0.19939730399710243
163,librispeech_original,I AM VERY GLAD,4,1,3,AM,0.0,0.1507142857142857,-0.021325288340449333,-0.024774864315986633,0.0034495759755373,0.2610951347487571
163,librispeech_original,I AM VERY GLAD,4,2,4,VERY,0.0,0.45053869047619044,-0.021325288340449333,-0.03815091401338577,0.01682562567293644,0.321468189747975
168,librispeech_original,I DO THINK THIS IS,5,3,1,THIS,0.0537473261356353,0.14072916666666657,-0.0652984157204628,-0.1263626515865326,0.061064235866069794,0.309978380400571
168,librispeech_original,I DO THINK THIS IS,5,1,2,DO,0.0492825210094451,0.13670833333333343,-0.0652984157204628,-0.4249425530433655,0.3596441373229027,0.20366074719931931
168,librispeech_original,I DO THINK THIS IS,5,4,3,IS,0.0489976815879344,0.16041666666666665,-0.0652984157204628,-0.03908127173781395,-0.02621714398264885,0.3741663421998965
168,librispeech_original,I DO THINK THIS IS,5,2,4,THINK,0.0471444241702556,0.14881250000000001,-0.0652984157204628,-0.08634194731712341,0.021043531596660614,0.2515394638001453
168,librispeech_original,I DO THINK THIS IS,5,0,5,I,0.0087885661050677,0.1805416666666667,-0.0652984157204628,-0.07622796297073364,0.010929547250270844,0.13742698699934408
170,librispeech_original,I GIVE MY CONSENT,4,3,1,CONSENT,0.12557452917099,0.7655588842975207,-0.03337305039167404,-1.1167223453521729,1.0833492949604988,0.5049603122497501
170,librispeech_original,I GIVE MY CONSENT,4,1,2,GIVE,0.0262013096362352,0.254161673553719,-0.03337305039167404,-0.5523274540901184,0.5189544036984444,0.3029282685020007
170,librispeech_original,I GIVE MY CONSENT,4,2,3,MY,0.0151721350848674,0.3226446280991737,-0.03337305039167404,-0.015064883045852184,-0.018308167345821857,0.4067762010017759
170,librispeech_original,I GIVE MY CONSENT,4,0,4,I,0.0096355080604553,0.04101704545454543,-0.03337305039167404,-0.021742183715105057,-0.011630866676568985,0.20244400299998233
171,librispeech_original,I GRANT SAID THE SENATOR,5,4,1,SENATOR,0.1145005375146865,0.6013090596330275,-0.2902331054210663,-1.5022759437561035,1.2120428383350372,0.5406052779988386
171,librispeech_original,I GRANT SAID THE SENATOR,5,1,2,GRANT,0.0753635689616203,0.39774197247706444,-0.2902331054210663,-1.8238445520401,1.5336114466190338,0.25995036639797037
171,librispeech_original,I GRANT SAID THE SENATOR,5,0,3,I,0.0250391401350498,0.12474254587155975,-0.2902331054210663,-0.571426272392273,0.28119316697120667,0.1627938825986348
171,librispeech_original,I GRANT SAID THE SENATOR,5,2,4,SAID,0.0235535036772489,0.19367431192660556,-0.2902331054210663,-1.8517309427261353,1.561497837305069,0.3394698795978911
171,librispeech_original,I GRANT SAID THE SENATOR,5,3,5,THE,0.0061692362651228,0.09082568807339464,-0.2902331054210663,-0.3180701732635498,0.02783706784248352,0.4376076011976693
174,librispeech_original,I KNEW YOU ALSO,4,3,1,ALSO,0.0573815405368804,0.5360927197802199,-0.08382558077573776,-1.1608918905258179,1.07706630975008,0.4755740955006331
174,librispeech_original,I KNEW YOU ALSO,4,1,2,KNEW,0.0190946571528911,0.22181318681318674,-0.08382558077573776,-0.5271357893943787,0.4433102086186409,0.28466909874987323
174,librispeech_original,I KNEW YOU ALSO,4,0,3,I,0.0097576286643743,0.13044230769230758,-0.08382558077573776,-0.07443179935216904,-0.009393781423568726,0.19193807749979896
174,librispeech_original,I KNEW YOU ALSO,4,2,4,YOU,0.0097576286643743,0.11090659340659359,-0.08382558077573776,-0.11125152558088303,0.027425944805145264,0.3799338295029884
177,librispeech_original,I NEVER HAD ANY FAMILY,5,4,1,FAMILY,0.0905143320560455,0.5626149635036499,-0.00434027099981904,-0.9358404874801636,0.9315002164803445,0.45064451700018254
177,librispeech_original,I NEVER HAD ANY FAMILY,5,1,2,NEVER,0.0755298137664794,0.3016423357664233,-0.00434027099981904,-0.0396077036857605,0.03526743268594146,0.24133950420073233
177,librispeech_original,I NEVER HAD ANY FAMILY,5,3,3,ANY,0.0732578858733177,0.20109489051094864,-0.00434027099981904,-0.02483968250453472,0.02049941150471568,0.380912798200734
177,librispeech_original,I NEVER HAD ANY FAMILY,5,0,4,I,0.0349607579410076,0.18056660583941597,-0.00434027099981904,-0.25083446502685547,0.24649419402703643,0.1704297738004243
177,librispeech_original,I NEVER HAD ANY FAMILY,5,2,5,HAD,0.0023787068203091,0.24533713503649635,-0.00434027099981904,-0.01937003992497921,0.01502976892516017,0.2977053748007165
187,librispeech_original,I WILL PRACTICE IT,4,2,1,PRACTICE,0.142414391040802,0.4040816326530612,-0.010015342384576797,-1.4093513488769531,1.3993360064923763,0.38284740900053293
187,librispeech_original,I WILL PRACTICE IT,4,0,2,I,0.078434519469738,0.14062627551020412,-0.010015342384576797,-0.11076896637678146,0.10075362399220467,0.2045851920011046
187,librispeech_original,I WILL PRACTICE IT,4,1,3,WILL,0.0065101683139801,0.1536505102040816,-0.010015342384576797,-0.07696238905191422,0.06694704666733742,0.28267001525091473
187,librispeech_original,I WILL PRACTICE IT,4,3,4,IT,0.0006991536356508,0.3022308673469387,-0.010015342384576797,-0.009536183439195156,-0.0004791589453816414,0.47129200374911306
193,librispeech_original,IF NOT A CHASTENED PERFORMER,5,4,1,PERFORMER,0.0603039860725402,0.73925,-0.4682743549346924,-2.416597843170166,1.9483234882354736,0.42192047559947243
193,librispeech_original,IF NOT A CHASTENED PERFORMER,5,0,2,IF,0.0578616559505462,0.15653750000000005,-0.4682743549346924,-1.1196534633636475,0.6513791084289551,0.13713648220000324
193,librispeech_original,IF NOT A CHASTENED PERFORMER,5,3,3,CHASTENED,0.0380106084048748,0.44220000000000015,-0.4682743549346924,-3.812248945236206,3.3439745903015137,0.3538604127999861
193,librispeech_original,IF NOT A CHASTENED PERFORMER,5,1,4,NOT,0.0204246863722801,0.1809,-0.4682743549346924,-0.9533170461654663,0.4850426912307739,0.20684579999942798
193,librispeech_original,IF NOT A CHASTENED PERFORMER,5,2,5,A,0.00345014850609,0.020100000000000007,-0.4682743549346924,-0.349205881357193,-0.11906847357749939,0.2854765674012015
201,librispeech_original,IN VAIN IF NONE REGARD,5,1,1,VAIN,0.1135755479335784,0.28143637387387377,-0.3131468892097473,-0.39961493015289307,0.08646804094314575,0.2164484923996497
201,librispeech_original,IN VAIN IF NONE REGARD,5,4,2,REGARD,0.0707597285509109,0.501838963963964,-0.3131468892097473,-1.8203715085983276,1.5072246193885803,0.3854628650005907
201,librispeech_original,IN VAIN IF NONE REGARD,5,3,3,NONE,0.0458563193678855,0.21094594594594596,-0.3131468892097473,-0.9029290080070496,0.5897821187973022,0.3200070410006447
201,librispeech_original,IN VAIN IF NONE REGARD,5,2,4,IF,0.0411271750926971,0.10039076576576567,-0.3131468892097473,-0.2494903802871704,-0.0636565089225769,0.2658276197995292
201,librispeech_original,IN VAIN IF NONE REGARD,5,0,5,IN,0.0040671452879905,0.1604746621621621,-0.3131468892097473,-0.33982330560684204,0.026676416397094727,0.1502522221999243
206,librispeech_original,IT HAS JUST BEEN STATED,5,4,1,STATED,0.1015402823686599,0.4434622093023257,-0.09797148406505585,-1.491369605064392,1.3933981209993362,0.43156763739825693
206,librispeech_original,IT HAS JUST BEEN STATED,5,2,2,JUST,0.0539466477930545,0.18156976744186049,-0.09797148406505585,-0.8276796340942383,0.7297081500291824,0.31692225899896587
206,librispeech_original,IT HAS JUST BEEN STATED,5,3,3,BEEN,0.0458013042807579,0.1613953488372093,-0.09797148406505585,-0.11992894113063812,0.021957457065582275,0.38102721160103104
206,librispeech_original,IT HAS JUST BEEN STATED,5,0,4,IT,0.0350720584392547,0.11658139534883716,-0.09797148406505585,-0.07449830323457718,-0.023473180830478668,0.17568360999866856
206,librispeech_original,IT HAS JUST BEEN STATED,5,1,5,HAS,0.0062616751529276,0.1412209302325581,-0.09797148406505585,-0.11938391625881195,0.021412432193756104,0.25831033900030886
207,librispeech_original,IT IS A DUTY SAID I,6,3,1,DUTY,0.1174861565232276,0.3432075471698114,-0.12246989458799362,-0.7550376057624817,0.6325677111744881,0.29621638133297284
207,librispeech_original,IT IS A DUTY SAID I,6,4,2,SAID,0.0917212814092636,0.4643396226415095,-0.12246989458799362,-2.390472650527954,2.2680027559399605,0.3498503969991968
207,librispeech_original,IT IS A DUTY SAID I,6,5,3,I,0.0049669705331325,0.020188679245283003,-0.12246989458799362,-0.10473137348890305,-0.017738521099090576,0.40284535183309345
207,librispeech_original,IT IS A DUTY SAID I,6,1,4,IS,0.0017846494447439,0.12113207547169813,-0.12246989458799362,-0.3005255460739136,0.17805565148591995,0.17699200566615522
207,librispeech_original,IT IS A DUTY SAID I,6,2,5,A,0.0010502279037609,0.020188679245283003,-0.12246989458799362,-0.12332122027873993,0.0008513256907463074,0.23662555083380235
207,librispeech_original,IT IS A DUTY SAID I,6,0,6,IT,0.0004795402637682,0.13050707547169815,-0.12246989458799362,-0.15020939707756042,0.027739502489566803,0.11604468716541305
208,librispeech_original,IT IS A VERY STUPID STORY,6,4,1,STUPID,0.1477537006139755,0.4493633982035927,-0.021098408848047256,-0.7132569551467896,0.6921585462987423,0.3507374533316276
208,librispeech_original,IT IS A VERY STUPID STORY,6,3,2,VERY,0.0116958795115351,0.34097005988023943,-0.021098408848047256,-0.03151790797710419,0.01041949912905693,0.2716792430001078
208,librispeech_original,IT IS A VERY STUPID STORY,6,1,3,IS,0.0115880956873297,0.16872305389221554,-0.021098408848047256,-0.015280531719326973,-0.0058178771287202835,0.15961414916576663
208,librispeech_original,IT IS A VERY STUPID STORY,6,0,4,IT,0.0111213345080614,0.0764999999999999,-0.021098408848047256,-0.02611079439520836,0.005012385547161102,0.1035558063328305
208,librispeech_original,IT IS A VERY STUPID STORY,6,5,5,STORY,0.0069835339672863,0.6378821107784431,-0.021098408848047256,-0.09006121009588242,0.06896280124783516,0.4177862786649105
208,librispeech_original,IT IS A VERY STUPID STORY,6,2,6,A,0.0017484726849943,0.020059880239520878,-0.021098408848047256,-0.02010771632194519,-0.000990692526102066,0.2190837969998635
209,librispeech_original,IT IS IN FACT STATED,5,3,1,FACT,0.0677258446812629,0.36363636363636354,-0.15547451376914978,-0.24132677912712097,0.08585226535797119,0.337438720400678
209,librispeech_original,IT IS IN FACT STATED,5,4,2,STATED,0.0642935931682586,0.5353535353535355,-0.15547451376914978,-1.5707924365997314,1.4153179228305817,0.3940993058000458
209,librispeech_original,IT IS IN FACT STATED,5,1,3,IS,0.0383418425917625,0.26262626262626254,-0.15547451376914978,-0.22316162288188934,0.06768710911273956,0.19916682059993035
209,librispeech_original,IT IS IN FACT STATED,5,0,4,IT,0.034410785883665,0.140655303030303,-0.15547451376914978,-0.19082191586494446,0.03534740209579468,0.1478881276008906
209,librispeech_original,IT IS IN FACT STATED,5,2,5,IN,0.0103248916566371,0.12121212121212122,-0.15547451376914978,-0.1679968684911728,0.01252235472202301,0.27009389080049007
210,librispeech_original,IT IS PERHAPS WELL,4,2,1,PERHAPS,0.1063419878482818,0.4653070652173913,-0.17248059809207916,-1.1225415468215942,0.9500609487295151,0.4007555032512755
210,librispeech_original,IT IS PERHAPS WELL,4,3,2,WELL,0.0851871222257614,0.3567499999999999,-0.17248059809207916,-0.55231773853302,0.37983714044094086,0.5041100112503045
210,librispeech_original,IT IS PERHAPS WELL,4,0,3,IT,0.0318981409072876,0.16021739130434787,-0.17248059809207916,-0.2958979308605194,0.12341733276844025,0.19628298174939118
210,librispeech_original,IT IS PERHAPS WELL,4,1,4,IS,0.0305938515812158,0.14038043478260875,-0.17248059809207916,-0.18543317914009094,0.01295258104801178,0.3118959525017999
211,librispeech_original,IT IS REMARKED BY,4,2,1,REMARKED,0.1527507603168487,0.3411333333333332,-0.05033920705318451,-2.082071542739868,2.0317323356866837,0.3817172377493989
211,librispeech_original,IT IS REMARKED BY,4,1,2,IS,0.0074399812147021,0.09029999999999994,-0.05033920705318451,-0.030719025060534477,-0.019620181992650032,0.2687121217495587
211,librispeech_original,IT IS REMARKED BY,4,0,3,IT,0.0008673171978443,0.14024999999999999,-0.05033920705318451,-0.014308293350040913,-0.0360309137031436,0.1776799157523783
211,librispeech_original,IT IS REMARKED BY,4,3,4,BY,0.0003512802068144,0.040133333333333576,-0.05033920705318451,-0.041625671088695526,-0.008713535964488983,0.4826949369999056
212,librispeech_original,IT IS THE DELUGE,4,3,1,DELUGE,0.1476082652807235,1.0643124999999998,-0.2992505431175232,-2.909540891647339,2.6102903485298157,0.4939339877491875
212,librispeech_original,IT IS THE DELUGE,4,0,2,IT,0.0382541976869106,0.1803970588235294,-0.2992505431175232,-0.47171148657798767,0.17246094346046448,0.23367256524943514
212,librispeech_original,IT IS THE DELUGE,4,1,3,IS,0.0238373577594757,0.3094522058823529,-0.2992505431175232,-0.82149338722229,0.5222428441047668,0.31380499724764377
212,librispeech_original,IT IS THE DELUGE,4,2,4,THE,0.0169790759682655,0.06022058823529408,-0.2992505431175232,-0.38973695039749146,0.09048640727996826,0.39522520399987116
214,librispeech_original,IT SEEMS REAL STRANGE,4,3,1,STRANGE,0.1291746497154235,0.5812124999999999,-0.011912151239812374,-0.6183773875236511,0.6064652362838387,0.45259184274982545
214,librispeech_original,IT SEEMS REAL STRANGE,4,1,2,SEEMS,0.050018273293972,0.28069999999999995,-0.011912151239812374,-0.5501413345336914,0.538229183293879,0.2717941572482232
214,librispeech_original,IT SEEMS REAL STRANGE,4,2,3,REAL,0.0233122687786817,0.18045,-0.011912151239812374,-0.18403445184230804,0.17212230060249567,0.3737154672489851
214,librispeech_original,IT SEEMS REAL STRANGE,4,0,4,IT,0.0063007874414324,0.1121875,-0.011912151239812374,-0.20011921226978302,0.18820706102997065,0.18387831049767556
219,librispeech_original,IT WAS WHITE AND HARD,5,4,1,HARD,0.1287008970975875,0.5704374999999999,-0.014445649459958076,-0.937335729598999,0.922890080139041,0.4630048616003478
219,librispeech_original,IT WAS WHITE AND HARD,5,3,2,AND,0.0538371689617633,0.12055045871559633,-0.014445649459958076,-0.08142448961734772,0.06697884015738964,0.385822981398087
219,librispeech_original,IT WAS WHITE AND HARD,5,2,3,WHITE,0.0511370562016963,0.24110091743119266,-0.014445649459958076,-0.07350077480077744,0.05905512534081936,0.2983937625976978
219,librispeech_original,IT WAS WHITE AND HARD,5,1,4,WAS,0.0227661468088626,0.14064220183486242,-0.014445649459958076,-0.030906062573194504,0.016460413113236427,0.23186208219849505
219,librispeech_original,IT WAS WHITE AND HARD,5,0,5,IT,0.0111186178401112,0.1263807339449542,-0.014445649459958076,-0.022021010518074036,0.007575361058115959,0.1620042795984773
225,librispeech_original,LED BACK TO THE STARTING POINT,6,4,1,STARTING,0.0819459334015846,0.4235,-0.05418901890516281,-0.3020719885826111,0.24788296967744827,0.34064046766676864
225,librispeech_original,LED BACK TO THE STARTING POINT,6,5,2,POINT,0.0711072534322738,0.35129166666666656,-0.05418901890516281,-0.19195368885993958,0.13776466995477676,0.40072647149888024
225,librispeech_original,LED BACK TO THE STARTING POINT,6,1,3,BACK,0.0450028516352176,0.23854166666666676,-0.05418901890516281,-0.10425623506307602,0.05006721615791321,0.1677411928321817
225,librispeech_original,LED BACK TO THE STARTING POINT,6,2,4,TO,0.0444937199354171,0.10083333333333322,-0.05418901890516281,-0.06362459808588028,0.009435579180717468,0.22900941650004825
225,librispeech_original,LED BACK TO THE STARTING POINT,6,0,5,LED,0.0349736027419567,0.28170833333333334,-0.05418901890516281,-1.1191587448120117,1.064969725906849,0.12184820866483885
225,librispeech_original,LED BACK TO THE STARTING POINT,6,3,6,THE,0.0025185230188071,0.08066666666666644,-0.05418901890516281,-0.05324936285614967,-0.0009396560490131378,0.298726093499378
228,librispeech_original,LETTER FROM ADAM SMITH,4,2,1,ADAM,0.1051208972930908,0.3627232142857142,-0.21904948353767395,-0.7973642349243164,0.5783147513866425,0.3710955169990484
228,librispeech_original,LETTER FROM ADAM SMITH,4,0,2,LETTER,0.0786031782627105,0.3418839285714286,-0.21904948353767395,-1.4534941911697388,1.2344447076320648,0.18557350274932105
228,librispeech_original,LETTER FROM ADAM SMITH,4,3,3,SMITH,0.0336794480681419,0.48281249999999987,-0.21904948353767395,-0.48912182450294495,0.270072340965271,0.46834749174740864
228,librispeech_original,LETTER FROM ADAM SMITH,4,1,4,FROM,0.015745174139738,0.14100000000000001,-0.21904948353767395,-0.17868052423000336,-0.04036895930767059,0.27425025449701934
229,librispeech_original,LIKE A BEAUTIFUL FLOWER,4,3,1,FLOWER,0.0879276916384697,0.5259791666666669,-0.019450699910521507,-0.6383501887321472,0.6188994888216257,0.42643599124858156
229,librispeech_original,LIKE A BEAUTIFUL FLOWER,4,2,2,BEAUTIFUL,0.0572262480854988,0.4246388888888889,-0.019450699910521507,-0.8178662657737732,0.7984155658632517,0.3367995634980616
229,librispeech_original,LIKE A BEAUTIFUL FLOWER,4,1,3,A,0.0017080208053812,0.02022222222222214,-0.019450699910521507,-0.023868929594755173,0.0044182296842336655,0.249397539999336
229,librispeech_original,LIKE A BEAUTIFUL FLOWER,4,0,4,LIKE,0.0006285210838541,0.24182638888888897,-0.019450699910521507,-0.14935573935508728,0.12990503944456577,0.16274799024904496
230,librispeech_original,LIMITATIONS OF THIS SYSTEM,4,0,1,LIMITATIONS,0.1275689452886581,0.9047452290076334,-0.07767627388238907,-2.546053886413574,2.468377612531185,0.1827755359990988
230,librispeech_original,LIMITATIONS OF THIS SYSTEM,4,3,2,SYSTEM,0.0576625801622867,0.4018301526717558,-0.07767627388238907,-0.9760958552360535,0.8984195813536644,0.4446677689993521
230,librispeech_original,LIMITATIONS OF THIS SYSTEM,4,2,3,THIS,0.0037326614838093,0.1609160305343511,-0.07767627388238907,-0.6746823787689209,0.5970061048865318,0.35634123599811574
230,librispeech_original,LIMITATIONS OF THIS SYSTEM,4,1,4,OF,0.0031226277351379,0.21327528625954173,-0.07767627388238907,-0.09923894703388214,0.021562673151493073,0.26619468349963427
234,librispeech_original,LOOK AT THAT MAN,4,0,1,LOOK,0.0144661124795675,0.19293749999999998,-0.11953284591436386,-0.14221103489398956,0.022678188979625702,0.2116015782521572
234,librispeech_original,LOOK AT THAT MAN,4,1,2,AT,0.0144661124795675,0.1205357142857143,-0.11953284591436386,-0.2036418467760086,0.08410900086164474,0.31995350800207234
234,librispeech_original,LOOK AT THAT MAN,4,2,3,THAT,0.0144661124795675,0.140625,-0.11953284591436386,-0.15986067056655884,0.04032782465219498,0.4156529475003481
234,librispeech_original,LOOK AT THAT MAN,4,3,4,MAN,0.0144661124795675,0.28086607142857134,-0.11953284591436386,-0.304391473531723,0.18485862761735916,0.5171136405006109
239,librispeech_original,MAN IS ALWAYS THE MASTER,5,0,1,MAN,0.0946784764528274,0.20070794392523372,-0.06976684182882309,-0.5629934072494507,0.4932265654206276,0.16312009420071263
239,librispeech_original,MAN IS ALWAYS THE MASTER,5,4,2,MASTER,0.0901648253202438,0.4617389018691589,-0.06976684182882309,-0.40322861075401306,0.33346176892518997,0.524239426801796
239,librispeech_original,MAN IS ALWAYS THE MASTER,5,2,3,ALWAYS,0.049296174198389,0.2813084112149532,-0.06976684182882309,-0.09592573344707489,0.0261588916182518,0.3389114552002866
239,librispeech_original,MAN IS ALWAYS THE MASTER,5,1,4,IS,0.0162066482007503,0.08037383177570101,-0.06976684182882309,-0.05487661063671112,-0.014890231192111969,0.25486014439957216
239,librispeech_original,MAN IS ALWAYS THE MASTER,5,3,5,THE,0.0012211198918521,0.06028037383177565,-0.06976684182882309,-0.06277824193239212,-0.006988599896430969,0.41720880240027325
243,librispeech_original,MARY JANE IS A MAN,5,1,1,JANE,0.0948465168476104,0.28067307692307675,-0.05816830322146416,-0.08178959786891937,0.023621294647455215,0.2127533922001021
243,librispeech_original,MARY JANE IS A MAN,5,0,2,MARY,0.0913452878594398,0.25060096153846145,-0.05816830322146416,-0.08786351978778839,0.029695216566324234,0.1436354803998256
243,librispeech_original,MARY JANE IS A MAN,5,3,3,A,0.0599128752946853,1.3247067307692308,-0.05816830322146416,-3.1931848526000977,3.1350165493786335,0.3671860453992849
243,librispeech_original,MARY JANE IS A MAN,5,2,4,IS,0.0154539700597524,0.28067307692307697,-0.05816830322146416,-0.08687374740839005,0.028705444186925888,0.29195958519994747
243,librispeech_original,MARY JANE IS A MAN,5,4,5,MAN,0.0,0.06014423076923103,-0.05816830322146416,-0.040692705661058426,-0.01747559756040573,0.45477001660037786
246,librispeech_original,MINSTREL A D J,4,0,1,MINSTREL,0.1458822339773178,0.6024204545454543,-0.6587917804718018,-5.094087600708008,4.435295820236206,0.2314296615004423
246,librispeech_original,MINSTREL A D J,4,1,2,A,0.0489202812314033,0.18581818181818188,-0.6587917804718018,-0.9372766017913818,0.2784848213195801,0.3278659979987424
246,librispeech_original,MINSTREL A D J,4,2,3,D,0.0024130742531269,0.02009090909090916,-0.6587917804718018,-0.6467784643173218,-0.01201331615447998,0.40902692300005583
246,librispeech_original,MINSTREL A D J,4,3,4,J,0.0009089310187846,0.10813068181818197,-0.6587917804718018,-0.7720764875411987,0.11328470706939697,0.47226132249852526
254,librispeech_original,NO GOOD MY DEAR WATSON,5,0,1,NO,0.1026366576552391,0.22143118686868685,-0.04188041388988495,-1.2764490842819214,1.2345686703920364,0.1519563312001992
254,librispeech_original,NO GOOD MY DEAR WATSON,5,4,2,WATSON,0.0873793363571167,0.48484848484848464,-0.04188041388988495,-0.494843989610672,0.45296357572078705,0.4359861072007334
254,librispeech_original,NO GOOD MY DEAR WATSON,5,2,3,MY,0.0145063837990164,0.14141414141414121,-0.04188041388988495,-0.03243688493967056,-0.009443528950214386,0.2988850736001041
254,librispeech_original,NO GOOD MY DEAR WATSON,5,1,4,GOOD,0.0101552046835422,0.2541875,-0.04188041388988495,-0.26607629656791687,0.22419588267803192,0.21494889620225877
254,librispeech_original,NO GOOD MY DEAR WATSON,5,3,5,DEAR,0.0047593675553798,0.1515151515151516,-0.04188041388988495,-0.039067674428224564,-0.002812739461660385,0.3676126297999872
260,librispeech_original,NO SAID THE TREE,4,0,1,NO,0.1068602427840232,0.5627532894736842,-0.07265530526638031,-0.823889434337616,0.7512341290712357,0.18840128624651697
260,librispeech_original,NO SAID THE TREE,4,3,2,TREE,0.1061543598771095,0.562659304511278,-0.07265530526638031,-1.0519888401031494,0.9793335348367691,0.4756058292477974
260,librispeech_original,NO SAID THE TREE,4,1,3,SAID,0.0369401983916759,0.33536372180451113,-0.07265530526638031,-2.017460584640503,1.9448052793741226,0.2938303784976597
260,librispeech_original,NO SAID THE TREE,4,2,4,THE,0.0057058534584939,0.06033834586466158,-0.07265530526638031,-0.28918352723121643,0.21652822196483612,0.39455405624903506
261,librispeech_original,NO SIR CERTAINLY NOT,4,2,1,CERTAINLY,0.0359477140009403,1.0764071856287425,-0.2780972123146057,-1.5198758840560913,1.2417786717414856,0.3837784310017014
261,librispeech_original,NO SIR CERTAINLY NOT,4,3,2,NOT,0.0108597632497549,0.305993263473054,-0.2780972123146057,-0.2928757667541504,0.014778554439544678,0.4441475575004006
261,librispeech_original,NO SIR CERTAINLY NOT,4,0,3,NO,0.0029154866933822,0.10059880239520952,-0.2780972123146057,-0.21467363834381104,-0.06342357397079468,0.18816068950036424
261,librispeech_original,NO SIR CERTAINLY NOT,4,1,4,SIR,0.0009718289365991,0.3118562874251498,-0.2780972123146057,-0.18369892239570618,-0.09439828991889954,0.2879962102524587
262,librispeech_original,NO WHERE SAID DROUET,4,1,1,WHERE,0.0640940815210342,0.392681506849315,-0.3677821159362793,-1.38759446144104,1.0198123455047607,0.29628132524885586
262,librispeech_original,NO WHERE SAID DROUET,4,0,2,NO,0.0559499822556972,0.3284726027397259,-0.3677821159362793,-1.3040157556533813,0.936233639717102,0.21148810525119188
262,librispeech_original,NO WHERE SAID DROUET,4,2,3,SAID,0.0554580651223659,0.40104537671232854,-0.3677821159362793,-1.8227895498275757,1.4550074338912964,0.38302952500089305
262,librispeech_original,NO WHERE SAID DROUET,4,3,4,DROUET,0.0277945362031459,0.5407611301369863,-0.3677821159362793,-2.3528454303741455,1.9850633144378662,0.4882487979994039
264,librispeech_original,NOTHING CAN KILL ME WHY NOT,6,4,1,WHY,0.059204876422882,0.2977399475524476,-0.04341191053390503,-0.6403319835662842,0.5969200730323792,0.36113817616569577
264,librispeech_original,NOTHING CAN KILL ME WHY NOT,6,5,2,NOT,0.0237162839621305,0.2528256118881118,-0.04341191053390503,-0.0927356481552124,0.04932373762130737,0.4241382903322422
264,librispeech_original,NOTHING CAN KILL ME WHY NOT,6,2,3,KILL,0.0206967405974864,0.1605594405594406,-0.04341191053390503,-0.028861498460173607,-0.014550412073731422,0.2503285223331962
264,librispeech_original,NOTHING CAN KILL ME WHY NOT,6,3,4,ME,0.0206347927451133,0.14048951048951053,-0.04341191053390503,-0.050109799951314926,0.006697889417409897,0.3057510949996261
264,librispeech_original,NOTHING CAN KILL ME WHY NOT,6,1,5,CAN,0.0200638677924871,0.18062937062937046,-0.04341191053390503,-0.08082206547260284,0.037410154938697815,0.20565415783251714
264,librispeech_original,NOTHING CAN KILL ME WHY NOT,6,0,6,NOTHING,0.0033341639209538,0.26120192307692314,-0.04341191053390503,-0.0541088804602623,0.01069696992635727,0.1439290524989095
267,librispeech_original,NOW THAT TOO IS OVER,5,4,1,OVER,0.0870725885033607,0.6621854304635761,-0.07940278947353363,-0.5080608129501343,0.42865802347660065,0.5738601189979817
267,librispeech_original,NOW THAT TOO IS OVER,5,0,2,NOW,0.0492892898619174,0.3308658940397352,-0.07940278947353363,-0.7209706902503967,0.6415679007768631,0.20345934859942644
267,librispeech_original,NOW THAT TOO IS OVER,5,1,3,THAT,0.0472656525671482,0.2608609271523177,-0.07940278947353363,-1.7608805894851685,1.6814778000116348,0.30750471479841507
267,librispeech_original,NOW THAT TOO IS OVER,5,2,4,TOO,0.0230989437550306,0.34112582781456946,-0.07940278947353363,-0.9973742365837097,0.9179714471101761,0.40527168459957463
267,librispeech_original,NOW THAT TOO IS OVER,5,3,5,IS,0.0184121988713741,0.14645529801324497,-0.07940278947353363,-0.15029877424240112,0.07089598476886749,0.4916365482000401
268,librispeech_original,NOW TO BED BOY,4,2,1,BED,0.1001709848642349,0.3415887850467292,-0.04445166140794754,-0.8620415925979614,0.8175899311900139,0.34460505100287264
268,librispeech_original,NOW TO BED BOY,4,3,2,BOY,0.0626700595021247,0.3616822429906541,-0.04445166140794754,-1.5801160335540771,1.5356643721461296,0.4338429345007171
268,librispeech_original,NOW TO BED BOY,4,0,3,NOW,0.0033024898730218,0.2013644859813084,-0.04445166140794754,-0.06291569769382477,0.018464036285877228,0.1851073592515604
268,librispeech_original,NOW TO BED BOY,4,1,4,TO,9.39320307224989e-05,0.1205607476635514,-0.04445166140794754,-0.08245670795440674,0.0380050465464592,0.2538950427515374
276,librispeech_original,OF LIBERTY OR INDIFFERENCE,4,1,1,LIBERTY,0.0940388888120651,0.38092233009708737,-0.2854463458061218,-1.1497920751571655,0.8643457293510437,0.2921693429998413
276,librispeech_original,OF LIBERTY OR INDIFFERENCE,4,3,2,INDIFFERENCE,0.0859669670462608,0.5053307038834949,-0.2854463458061218,-1.5094623565673828,1.224016010761261,0.46588656050153077
276,librispeech_original,OF LIBERTY OR INDIFFERENCE,4,2,3,OR,0.0155479116365313,0.3708980582524274,-0.2854463458061218,-0.3636564612388611,0.07821011543273926,0.37605172600160586
276,librispeech_original,OF LIBERTY OR INDIFFERENCE,4,0,4,OF,0.0023062627296894,0.14020024271844667,-0.2854463458061218,-0.3515290319919586,0.06608268618583679,0.20456131225000718
279,librispeech_original,OF RESPECT AND CONTEMPT,4,3,1,CONTEMPT,0.1339984983205795,0.5068750000000002,-0.023279819637537003,-1.2092361450195312,1.1859563253819942,0.47567305700067664
279,librispeech_original,OF RESPECT AND CONTEMPT,4,1,2,RESPECT,0.0367327332496643,0.5026978417266186,-0.023279819637537003,-0.03706447407603264,0.013784654438495636,0.27443412600041484
279,librispeech_original,OF RESPECT AND CONTEMPT,4,2,3,AND,0.0209043733775615,0.2696955935251797,-0.023279819637537003,-0.0724894180893898,0.0492095984518528,0.37181336425055633
279,librispeech_original,OF RESPECT AND CONTEMPT,4,0,4,OF,0.0134692303836345,0.1504163669064748,-0.023279819637537003,-0.7314296364784241,0.7081498168408871,0.1831724959993153
285,librispeech_original,OH IT WILL BE ALL RIGHT,6,0,1,OH,0.1184735298156738,0.19031799450549458,-0.023602696135640144,-1.0018022060394287,0.9781995099037886,0.0972034821655446
285,librispeech_original,OH IT WILL BE ALL RIGHT,6,2,2,WILL,0.068323791027069,0.16043956043956065,-0.023602696135640144,-0.29880988597869873,0.2752071898430586,0.20313953366712667
285,librispeech_original,OH IT WILL BE ALL RIGHT,6,4,3,ALL,0.0383555740118026,0.15041208791208804,-0.023602696135640144,-0.13243208825588226,0.10882939212024212,0.3300747088336114
285,librispeech_original,OH IT WILL BE ALL RIGHT,6,5,4,RIGHT,0.0376612208783626,0.36489629120879097,-0.023602696135640144,-0.13138927519321442,0.10778657905757427,0.39279097633213195
285,librispeech_original,OH IT WILL BE ALL RIGHT,6,1,5,IT,0.0120471781119704,0.06016483516483517,-0.023602696135640144,-0.03711240366101265,0.013509707525372505,0.1496845004997643
285,librispeech_original,OH IT WILL BE ALL RIGHT,6,3,6,BE,0.012028687633574,0.06016483516483517,-0.023602696135640144,-0.052468717098236084,0.02886602096259594,0.26462499366607517
288,librispeech_original,OH YES THAT IS WELL,5,4,1,WELL,0.0553238242864608,0.3203106725146201,-0.29137203097343445,-1.7143844366073608,1.4230124056339264,0.4708039546007058
288,librispeech_original,OH YES THAT IS WELL,5,0,2,OH,0.0506071075797081,0.22021089181286557,-0.29137203097343445,-1.3095041513442993,1.0181321203708649,0.1753035172005184
288,librispeech_original,OH YES THAT IS WELL,5,3,3,IS,0.0452763922512531,0.08011695906432781,-0.29137203097343445,-0.49421077966690063,0.2028387486934662,0.40189692419953643
288,librispeech_original,OH YES THAT IS WELL,5,2,4,THAT,0.0438364334404468,1.1978750000000002,-0.29137203097343445,-0.8146268725395203,0.5232548415660858,0.33493086420057805
288,librispeech_original,OH YES THAT IS WELL,5,1,5,YES,0.0432405993342399,0.35654166666666687,-0.29137203097343445,-0.26312437653541565,-0.0282476544380188,0.26171871840197125
291,librispeech_original,ONCE UPON A TIME,4,0,1,ONCE,0.1585875749588012,0.3018206521739132,-0.11740420013666153,-0.5987014174461365,0.48129721730947495,0.1899812709998514
291,librispeech_original,ONCE UPON A TIME,4,1,2,UPON,0.0200313683599233,0.26211956521739144,-0.11740420013666153,-0.31076106429100037,0.19335686415433884,0.2969500262515794
291,librispeech_original,ONCE UPON A TIME,4,3,3,TIME,0.0127927027642726,0.6245543478260869,-0.11740420013666153,-0.2605268657207489,0.14312266558408737,0.5040632027521497
291,librispeech_original,ONCE UPON A TIME,4,2,4,A,0.0026909362059086,0.020163043478261145,-0.11740420013666153,-0.10950753837823868,-0.007896661758422852,0.39425838150054915
292,librispeech_original,ONCE YOUNG NOW OLD,4,0,1,ONCE,0.0802501663565635,0.29046797520661155,-0.14224135875701904,-0.9463064670562744,0.8040651082992554,0.18803765425036545
292,librispeech_original,ONCE YOUNG NOW OLD,4,3,2,OLD,0.0763353183865547,0.46095041322314056,-0.14224135875701904,-0.2647216022014618,0.12248024344444275,0.48193780624933424
292,librispeech_original,ONCE YOUNG NOW OLD,4,2,3,NOW,0.0543387122452259,0.7214876033057851,-0.14224135875701904,-0.7111318111419678,0.5688904523849487,0.3931885929996497
292,librispeech_original,ONCE YOUNG NOW OLD,4,1,4,YOUNG,0.0192462895065546,0.30864876033057853,-0.14224135875701904,-0.20197853446006775,0.059737175703048706,0.2992739957480808
295,librispeech_original,ONLY FOR A MINUTE OR SO,6,4,1,OR,0.005288892891258,0.4040816326530612,-0.09463408589363098,-0.178667351603508,0.08403326570987701,0.3663739461674898
295,librispeech_original,ONLY FOR A MINUTE OR SO,6,3,2,MINUTE,0.0042344806715846,0.22224489795918356,-0.09463408589363098,-0.10118082165718079,0.006546735763549805,0.3141425219995047
295,librispeech_original,ONLY FOR A MINUTE OR SO,6,0,3,ONLY,0.0028285984881222,0.2828571428571428,-0.09463408589363098,-0.07054673135280609,-0.02408735454082489,0.13897283550128728
295,librispeech_original,ONLY FOR A MINUTE OR SO,6,1,4,FOR,0.0008180747390724,0.13132653061224486,-0.09463408589363098,-0.09812343865633011,0.003489352762699127,0.2107697716661884
295,librispeech_original,ONLY FOR A MINUTE OR SO,6,2,5,A,0.0003637890331447,0.020204081632653192,-0.09463408589363098,-0.08107529580593109,-0.01355879008769989,0.25557529083259095
295,librispeech_original,ONLY FOR A MINUTE OR SO,6,5,6,SO,0.0001818945165723,0.04040816326530594,-0.09463408589363098,-0.13370099663734436,0.03906691074371338,0.4110774699996303
297,librispeech_original,OR HER SUFFERINGS TO NIGHT,5,2,1,SUFFERINGS,0.0893355533480644,0.564341085271318,-0.17582641541957855,-1.9919054508209229,1.8160790354013443,0.2977462351991562
297,librispeech_original,OR HER SUFFERINGS TO NIGHT,5,1,2,HER,0.0401340909302234,0.11085271317829459,-0.17582641541957855,-0.3242838978767395,0.14845748245716095,0.2216692839981988
297,librispeech_original,OR HER SUFFERINGS TO NIGHT,5,0,3,OR,0.0328873582184314,0.24125581395348838,-0.17582641541957855,-1.1807525157928467,1.0049261003732681,0.17244821999920532
297,librispeech_original,OR HER SUFFERINGS TO NIGHT,5,3,4,TO,0.0287378523498773,0.6411250000000002,-0.17582641541957855,-0.795153021812439,0.6193266063928604,0.3781552529981127
297,librispeech_original,OR HER SUFFERINGS TO NIGHT,5,4,5,NIGHT,0.0284943804144859,0.24200096899224777,-0.17582641541957855,-0.4699855148792267,0.29415909945964813,0.45548585779906714
312,librispeech_original,SAID COULSON HE'S SENT FOR,5,0,1,SAID,0.0632038116455078,0.2208939075630252,-0.46454280614852905,-3.0383152961730957,2.5737724900245667,0.15295933620072902
312,librispeech_original,SAID COULSON HE'S SENT FOR,5,2,2,HE'S,0.0585313886404037,0.24515598739495803,-0.46454280614852905,-1.8539540767669678,1.3894112706184387,0.2863243322004564
312,librispeech_original,SAID COULSON HE'S SENT FOR,5,1,3,COULSON,0.0572036243975162,0.4628991596638655,-0.46454280614852905,-1.9260705709457397,1.4615277647972107,0.21994967180071398
312,librispeech_original,SAID COULSON HE'S SENT FOR,5,3,4,SENT,0.0484719350934028,0.2012605042016804,-0.46454280614852905,-1.573129653930664,1.108586847782135,0.353173369000433
312,librispeech_original,SAID COULSON HE'S SENT FOR,5,4,5,FOR,0.0200735162943601,0.32182930672268917,-0.46454280614852905,-0.9225889444351196,0.4580461382865906,0.4401289480010746
323,librispeech_original,SO HERE I AM AGAIN,5,1,1,HERE,0.0892413631081581,0.48157894736842066,-0.023892397060990334,-0.22615432739257812,0.2022619303315878,0.22660051040002144
323,librispeech_original,SO HERE I AM AGAIN,5,4,2,AGAIN,0.0679835751652717,0.5016447368421053,-0.023892397060990334,-0.03495810180902481,0.011065704748034477,0.44574665699910837
323,librispeech_original,SO HERE I AM AGAIN,5,3,3,AM,0.0575090162456035,0.13036184210526347,-0.023892397060990334,-0.017464974895119667,-0.0064274221658706665,0.3695709403982619
323,librispeech_original,SO HERE I AM AGAIN,5,0,4,SO,0.0047043766826391,0.3412927631578946,-0.023892397060990334,-0.045934781432151794,0.02204238437116146,0.14794915480015333
323,librispeech_original,SO HERE I AM AGAIN,5,2,5,I,2.5182031095027924e-05,0.04013157894736885,-0.023892397060990334,-0.01804390363395214,-0.005848493427038193,0.30114884859940505
328,librispeech_original,SO LET A SAGE DWELL,5,4,1,DWELL,0.0839596763253212,0.38149999999999995,-0.10882817953824997,-0.8412154912948608,0.7323873117566109,0.5366952007985674
328,librispeech_original,SO LET A SAGE DWELL,5,3,2,SAGE,0.0746971368789672,0.3618000000000001,-0.10882817953824997,-1.5488322973251343,1.4400041177868843,0.4512555071996758
328,librispeech_original,SO LET A SAGE DWELL,5,1,3,LET,0.0612372532486915,0.1326750000000001,-0.10882817953824997,-1.7849647998809814,1.6761366203427315,0.2711311266000848
328,librispeech_original,SO LET A SAGE DWELL,5,0,4,SO,0.009319806471467,0.24083750000000004,-0.10882817953824997,-1.0423465967178345,0.9335184171795845,0.16810344900004565
328,librispeech_original,SO LET A SAGE DWELL,5,2,5,A,0.0026402173098176,0.020100000000000007,-0.10882817953824997,-0.09886091947555542,-0.00996726006269455,0.37903626819897906
344,librispeech_original,THE BEAU IMPATIENT SITS,4,2,1,IMPATIENT,0.1062799841165542,0.7412904676258991,-0.10330023616552353,-4.055003643035889,3.951703406870365,0.44004935400153045
344,librispeech_original,THE BEAU IMPATIENT SITS,4,1,2,BEAU,0.059822741895914,0.3647171762589928,-0.10330023616552353,-1.5041310787200928,1.4008308425545692,0.32900383200103533
344,librispeech_original,THE BEAU IMPATIENT SITS,4,0,3,THE,0.0382346175611019,0.16017580935251796,-0.10330023616552353,-1.2463980913162231,1.1430978551506996,0.20731320874983794
344,librispeech_original,THE BEAU IMPATIENT SITS,4,3,4,SITS,0.0362729094922542,0.24054676258992824,-0.10330023616552353,-0.3111228942871094,0.20782265812158585,0.539839349250542
346,librispeech_original,THE CHILD TURNED BACK,4,1,1,CHILD,0.0949381738901138,0.34163461538461537,-0.02514011040329933,-1.3201079368591309,1.2949678264558315,0.2991814084998623
346,librispeech_original,THE CHILD TURNED BACK,4,3,2,BACK,0.0905514433979988,0.2853461538461537,-0.02514011040329933,-0.4835045337677002,0.45836442336440086,0.5059694745032175
346,librispeech_original,THE CHILD TURNED BACK,4,2,3,TURNED,0.0680202320218086,0.22506249999999994,-0.02514011040329933,-1.7370237112045288,1.7118836008012295,0.40001549100270495
346,librispeech_original,THE CHILD TURNED BACK,4,0,4,THE,0.0059596551582217,0.1604182692307693,-0.02514011040329933,-0.34761613607406616,0.32247602567076683,0.20580682575018727
347,librispeech_original,THE COMMON HOUSE FLY,4,1,1,COMMON,0.078532375395298,0.5741105769230771,-0.240825816988945,-0.9567824602127075,0.7159566432237625,0.3068754119994992
347,librispeech_original,THE COMMON HOUSE FLY,4,3,2,FLY,0.0668287053704261,0.24943749999999998,-0.240825816988945,-1.6096305847167969,1.3688047677278519,0.4945703132507333
347,librispeech_original,THE COMMON HOUSE FLY,4,2,3,HOUSE,0.0563616901636123,0.3223076923076924,-0.240825816988945,-0.5513632297515869,0.3105374127626419,0.39718787125093513
347,librispeech_original,THE COMMON HOUSE FLY,4,0,4,THE,0.0175460334867239,0.16062500000000007,-0.240825816988945,-1.6797606945037842,1.4389348775148392,0.21775623099892982
359,librispeech_original,THE MAN IN THE MOON,5,0,1,THE,0.0690072923898696,0.16071195652173909,-0.08958321064710617,-0.7270256876945496,0.6374424770474434,0.15557100419828201
359,librispeech_original,THE MAN IN THE MOON,5,4,2,MOON,0.0628750100731849,0.6655054347826086,-0.08958321064710617,-0.36185896396636963,0.27227575331926346,0.5505671288003213
359,librispeech_original,THE MAN IN THE MOON,5,1,3,MAN,0.0603609532117843,0.30260869565217385,-0.08958321064710617,-0.10667047649621964,0.017087265849113464,0.24741790239932016
359,librispeech_original,THE MAN IN THE MOON,5,3,4,THE,0.0078200101852417,0.07060869565217387,-0.08958321064710617,-0.08899598568677902,-0.0005872249603271484,0.4602056465984788
359,librispeech_original,THE MAN IN THE MOON,5,2,5,IN,0.0070534739643335,0.09078260869565202,-0.08958321064710617,-0.15060590207576752,0.061022691428661346,0.3429264081991278
360,librispeech_original,THE MOAT AND THE TENTS,5,4,1,TENTS,0.1068527400493621,0.28077637614678896,-0.2318069189786911,-1.3643752336502075,1.1325683146715164,0.527202390000457
360,librispeech_original,THE MOAT AND THE TENTS,5,1,2,MOAT,0.0664793103933334,0.27061926605504594,-0.2318069189786911,-0.5104383230209351,0.27863140404224396,0.23911457679932938
360,librispeech_original,THE MOAT AND THE TENTS,5,0,3,THE,0.0549033284187316,0.15019438073394495,-0.2318069189786911,-0.7374333143234253,0.5056263953447342,0.15775771620101295
360,librispeech_original,THE MOAT AND THE TENTS,5,2,4,AND,0.0254929102957248,0.5010733944954128,-0.2318069189786911,-0.9675053358078003,0.7356984168291092,0.3397908612008905
360,librispeech_original,THE MOAT AND THE TENTS,5,3,5,THE,0.0080718230456113,0.06013761467889922,-0.2318069189786911,-0.264395534992218,0.032588616013526917,0.43573124399990776
366,librispeech_original,THE PORTER DID NOT STIR,5,1,1,PORTER,0.1273147016763687,0.32326530612244886,-0.0666588768362999,-1.6929361820220947,1.6262773051857948,0.24461446079949384
366,librispeech_original,THE PORTER DID NOT STIR,5,2,2,DID,0.0800434574484825,0.1738239795918366,-0.0666588768362999,-0.10733475536108017,0.04067587852478027,0.29270128079806457
366,librispeech_original,THE PORTER DID NOT STIR,5,3,3,NOT,0.0319000408053398,0.12122448979591827,-0.0666588768362999,-0.08109229058027267,0.014433413743972778,0.3575939164002193
366,librispeech_original,THE PORTER DID NOT STIR,5,0,4,THE,0.0209697093814611,0.16085969387755106,-0.0666588768362999,-0.768403172492981,0.7017442956566811,0.17009559799917043
366,librispeech_original,THE PORTER DID NOT STIR,5,4,5,STIR,0.0129891149699687,0.26183545918367357,-0.0666588768362999,-0.1869501769542694,0.12029130011796951,0.4271541801979765
368,librispeech_original,THE PROBLEM WAS SOLVED,4,3,1,SOLVED,0.1524616181850433,0.5830572478991598,-0.023088175803422928,-0.3559768497943878,0.3328886739909649,0.42554494499927387
368,librispeech_original,THE PROBLEM WAS SOLVED,4,1,2,PROBLEM,0.039808552712202,0.4891223739495798,-0.023088175803422928,-0.12153656780719757,0.09844839200377464,0.25902590675104875
368,librispeech_original,THE PROBLEM WAS SOLVED,4,0,3,THE,0.0315039232373237,0.16425840336134456,-0.023088175803422928,-0.25389131903648376,0.23080314323306084,0.18188942924825824
368,librispeech_original,THE PROBLEM WAS SOLVED,4,2,4,WAS,0.0058771921321749,0.20454569327731087,-0.023088175803422928,-0.6126434206962585,0.5895552448928356,0.33819324399883044
373,librispeech_original,THE STORY OF THE GRECIAN KING,6,4,1,GRECIAN,0.1360317766666412,0.3274124999999999,-0.15679939091205597,-1.4839975833892822,1.3271981924772263,0.4004965588343718
373,librispeech_original,THE STORY OF THE GRECIAN KING,6,5,2,KING,0.069523200392723,0.29056250000000006,-0.15679939091205597,-0.44650760293006897,0.289708212018013,0.45313681233286235
373,librispeech_original,THE STORY OF THE GRECIAN KING,6,1,3,STORY,0.0364832952618598,0.25250000000000006,-0.15679939091205597,-0.12821441888809204,-0.028584972023963928,0.214905572332403
373,librispeech_original,THE STORY OF THE GRECIAN KING,6,0,4,THE,0.0307503677904605,0.15262500000000007,-0.15679939091205597,-0.3702097535133362,0.2134103626012802,0.14468865216622362
373,librispeech_original,THE STORY OF THE GRECIAN KING,6,2,5,OF,0.0029213954694569,0.04039999999999988,-0.15679939091205597,-0.147126242518425,-0.009673148393630981,0.2701797015009409
373,librispeech_original,THE STORY OF THE GRECIAN KING,6,3,6,THE,0.0009026697371155,0.06059999999999999,-0.15679939091205597,-0.13815054297447205,-0.018648847937583923,0.34048279233441764
374,librispeech_original,THE THREE MODES OF MANAGEMENT,5,4,1,MANAGEMENT,0.0991305559873581,0.6042784090909092,-0.17078249156475067,-0.7463985681533813,0.5756160765886307,0.3722276198008331
374,librispeech_original,THE THREE MODES OF MANAGEMENT,5,0,2,THE,0.0668194442987442,0.18087241735537185,-0.17078249156475067,-1.8833410739898682,1.7125585824251175,0.13402392780117225
374,librispeech_original,THE THREE MODES OF MANAGEMENT,5,2,3,MODES,0.0574398525059223,0.3730578512396694,-0.17078249156475067,-0.8076713681221008,0.6368888765573502,0.24553264119895174
374,librispeech_original,THE THREE MODES OF MANAGEMENT,5,1,4,THREE,0.0210661329329013,0.2825170454545454,-0.17078249156475067,-0.2059006541967392,0.035118162631988525,0.18292449899890925
374,librispeech_original,THE THREE MODES OF MANAGEMENT,5,3,5,OF,0.0013161584502086,0.04033057851239663,-0.17078249156475067,-0.10849793255329132,-0.06228455901145935,0.3070253904006677
377,librispeech_original,THE WHOLE OF THIS ITINERARY,5,4,1,ITINERARY,0.1285720765590667,0.7815178571428572,-0.08820521831512451,-2.319225311279297,2.2310200929641724,0.43463331980165093
377,librispeech_original,THE WHOLE OF THIS ITINERARY,5,3,2,THIS,0.0466408021748065,0.16035714285714286,-0.08820521831512451,-0.11469930410385132,0.026494085788726807,0.3702087470010156
377,librispeech_original,THE WHOLE OF THIS ITINERARY,5,1,3,WHOLE,0.0239973701536655,0.2305133928571429,-0.08820521831512451,-0.07104092091321945,-0.01716429740190506,0.23914427400159183
377,librispeech_original,THE WHOLE OF THIS ITINERARY,5,2,4,OF,0.0147438580170273,0.06013392857142863,-0.08820521831512451,-0.0601922981441021,-0.028012920171022415,0.3071419348008931
377,librispeech_original,THE WHOLE OF THIS ITINERARY,5,0,5,THE,0.0019556302577257,0.13224107142857144,-0.08820521831512451,-0.08349635452032089,-0.004708863794803619,0.16198611200088636
382,librispeech_original,THERE IS ONE I MUST CONSULT,6,5,1,CONSULT,0.1234683245420456,0.7214935747663553,-0.024077173322439194,-1.0054298639297485,0.9813526906073093,0.403542812501352
382,librispeech_original,THERE IS ONE I MUST CONSULT,6,0,2,THERE,0.0284711439162492,0.2203872663551401,-0.024077173322439194,-0.18274813890457153,0.15867096558213234,0.12362837183415347
382,librispeech_original,THERE IS ONE I MUST CONSULT,6,3,3,I,0.0101142367348074,0.02004672897196269,-0.024077173322439194,-0.021428367123007774,-0.0026488061994314194,0.3048813421676944
382,librispeech_original,THERE IS ONE I MUST CONSULT,6,4,4,MUST,0.0042802095413208,0.18042056074766344,-0.024077173322439194,-0.04314501956105232,0.01906784623861313,0.3483602855000451
382,librispeech_original,THERE IS ONE I MUST CONSULT,6,1,5,IS,0.0042313495650887,0.09021028037383172,-0.024077173322439194,-0.03812490776181221,0.014047734439373016,0.1863147399999434
382,librispeech_original,THERE IS ONE I MUST CONSULT,6,2,6,ONE,0.0024914594832807,0.19044392523364484,-0.024077173322439194,-0.06979592889547348,0.045718755573034286,0.2420371061671176
384,librispeech_original,THERE SEEMS TO BE DANGER,5,4,1,DANGER,0.1653854846954345,0.6646532258064519,-0.06445234268903732,-1.1683257818222046,1.1038734391331673,0.4345202021999285
384,librispeech_original,THERE SEEMS TO BE DANGER,5,1,2,SEEMS,0.0389553420245647,0.3326612903225806,-0.06445234268903732,-0.1550673246383667,0.09061498194932938,0.22598569319816306
384,librispeech_original,THERE SEEMS TO BE DANGER,5,0,3,THERE,0.0345891118049621,0.30180645161290315,-0.06445234268903732,-1.5802266597747803,1.515774317085743,0.1524271771981148
384,librispeech_original,THERE SEEMS TO BE DANGER,5,2,4,TO,0.0032078721560537,0.07647379032258073,-0.06445234268903732,-0.07179426401853561,0.007341921329498291,0.2833021167985862
384,librispeech_original,THERE SEEMS TO BE DANGER,5,3,5,BE,0.0030284821987152,0.10080645161290303,-0.06445234268903732,-0.08260944485664368,0.018157102167606354,0.37067447179870217
393,librispeech_original,TIED TO A WOMAN,4,1,1,TO,0.0972472801804542,0.16114314516129036,-0.022955238819122314,-0.415380597114563,0.3924253582954407,0.27242269724956714
393,librispeech_original,TIED TO A WOMAN,4,0,2,TIED,0.0831141322851181,0.4816290322580647,-0.022955238819122314,-1.9322853088378906,1.9093300700187683,0.18390538150197244
393,librispeech_original,TIED TO A WOMAN,4,3,3,WOMAN,0.0486940369009971,0.5820141129032255,-0.022955238819122314,-0.22976569831371307,0.20681045949459076,0.5096434264996788
393,librispeech_original,TIED TO A WOMAN,4,2,4,A,0.0071386196650564,0.020080645161290267,-0.022955238819122314,-0.016249187290668488,-0.006706051528453827,0.4126300647512835
394,librispeech_original,TO A MAN REVIEW,4,2,1,MAN,0.0949229523539543,0.24067415730337083,-0.3438502252101898,-1.1903877258300781,0.8465375006198883,0.3720614107514848
394,librispeech_original,TO A MAN REVIEW,4,3,2,REVIEW,0.0861576721072197,0.59775,-0.3438502252101898,-3.831677198410034,3.4878269731998444,0.453029527750914
394,librispeech_original,TO A MAN REVIEW,4,0,3,TO,0.0051869647577404,0.1401741573033708,-0.3438502252101898,-0.31159231066703796,-0.032257914543151855,0.212095556253189
394,librispeech_original,TO A MAN REVIEW,4,1,4,A,0.0029101567342877,0.020056179775280902,-0.3438502252101898,-0.36558088660240173,0.021730661392211914,0.30208011500144494
396,librispeech_original,TO DAY I SHOUTED,4,3,1,SHOUTED,0.1171315461397171,0.5642767857142859,-0.12121521681547165,-2.5052998065948486,2.384084589779377,0.4847613572492264
396,librispeech_original,TO DAY I SHOUTED,4,1,2,DAY,0.0552875138819217,0.3430357142857142,-0.12121521681547165,-0.34912797808647156,0.2279127612709999,0.3122843519995513
396,librispeech_original,TO DAY I SHOUTED,4,0,3,TO,0.0376275219023227,0.16077678571428572,-0.12121521681547165,-0.15665818750858307,0.03544297069311142,0.20754793900050572
396,librispeech_original,TO DAY I SHOUTED,4,2,4,I,0.0160940326750278,0.1901250000000001,-0.12121521681547165,-0.4126124382019043,0.29139722138643265,0.3727715522509243
400,librispeech_original,TO REVIVE THE SICK MAN,5,1,1,REVIVE,0.1316697746515274,0.6813076923076924,-0.11591504514217377,-1.0319068431854248,0.915991798043251,0.21603273059881758
400,librispeech_original,TO REVIVE THE SICK MAN,5,3,2,SICK,0.0770698487758636,0.16030769230769226,-0.11591504514217377,-0.7144238948822021,0.5985088497400284,0.3784081217978382
400,librispeech_original,TO REVIVE THE SICK MAN,5,4,3,MAN,0.0156653616577386,0.4807548076923076,-0.11591504514217377,-0.535780131816864,0.41986508667469025,0.44515071099740455
400,librispeech_original,TO REVIVE THE SICK MAN,5,2,4,THE,0.009812768548727,0.3046923076923078,-0.11591504514217377,-0.28292858600616455,0.16701354086399078,0.31138549259922
400,librispeech_original,TO REVIVE THE SICK MAN,5,0,5,TO,0.0040140156634151,0.06412019230769234,-0.11591504514217377,-0.23190832138061523,0.11599327623844147,0.13738844079780393
401,librispeech_original,TO RULE BY AGA'S SIDE,5,1,1,RULE,0.0844780653715133,0.3916249999999999,-0.2931259572505951,-0.8552041053771973,0.5620781481266022,0.253659436799353
401,librispeech_original,TO RULE BY AGA'S SIDE,5,3,2,AGA'S,0.0501854605972766,0.40166666666666684,-0.2931259572505951,-2.2038040161132812,1.9106780588626862,0.4323305381985847
401,librispeech_original,TO RULE BY AGA'S SIDE,5,4,3,SIDE,0.0474836379289627,0.5423333333333336,-0.2931259572505951,-2.088067054748535,1.79494109749794,0.5124334708001698
401,librispeech_original,TO RULE BY AGA'S SIDE,5,0,4,TO,0.0462860316038131,0.14025,-0.2931259572505951,-0.634951651096344,0.3418256938457489,0.1730664330010768
401,librispeech_original,TO RULE BY AGA'S SIDE,5,2,5,BY,0.0209771990776062,0.2008333333333333,-0.2931259572505951,-0.4917928874492645,0.19866693019866943,0.3513854383985745
407,librispeech_original,VERY GOOD NOW OBSERVE,4,3,1,OBSERVE,0.0912371128797531,0.7411708860759489,-0.07386010140180588,-1.9939868450164795,1.9201267436146736,0.42397307724968414
407,librispeech_original,VERY GOOD NOW OBSERVE,4,0,2,VERY,0.0588082559406757,0.3204248417721519,-0.07386010140180588,-0.09235185384750366,0.018491752445697784,0.1687329195010534
407,librispeech_original,VERY GOOD NOW OBSERVE,4,1,3,GOOD,0.0448116138577461,0.28049446202531647,-0.07386010140180588,-0.11322721093893051,0.039367109537124634,0.2528634967493417
407,librispeech_original,VERY GOOD NOW OBSERVE,4,2,4,NOW,0.0239179376512765,0.4908061708860758,-0.07386010140180588,-0.16873274743556976,0.09487264603376389,0.33834778649907093
408,librispeech_original,VERY WELL HE SAID,4,0,1,VERY,0.1152311563491821,0.36211249999999995,-0.15311811864376068,-0.46828973293304443,0.31517161428928375,0.20884519449828076
408,librispeech_original,VERY WELL HE SAID,4,1,2,WELL,0.071465216577053,0.31037499999999996,-0.15311811864376068,-0.12859471142292023,-0.024523407220840454,0.3045044294995023
408,librispeech_original,VERY WELL HE SAID,4,3,3,SAID,0.0619954094290733,0.5238999999999998,-0.15311811864376068,-0.18597465753555298,0.0328565388917923,0.5079673132495373
408,librispeech_original,VERY WELL HE SAID,4,2,4,HE,0.0109538044780492,0.1007499999999999,-0.15311811864376068,-0.15226873755455017,-0.0008493810892105103,0.4068655682494864
419,librispeech_original,WHERE THE INTERFERENCE PROVED,4,2,1,INTERFERENCE,0.1276531815528869,0.6862962962962962,-0.027053404599428177,-1.3316421508789062,1.304588746279478,0.41468344574968796
419,librispeech_original,WHERE THE INTERFERENCE PROVED,4,3,2,PROVED,0.0631598159670829,0.46875,-0.027053404599428177,-1.838653564453125,1.8116001598536968,0.5047533479992126
419,librispeech_original,WHERE THE INTERFERENCE PROVED,4,0,3,WHERE,0.0376816652715206,0.29025925925925933,-0.027053404599428177,-0.7002529501914978,0.6731995455920696,0.2097656937476131
419,librispeech_original,WHERE THE INTERFERENCE PROVED,4,1,4,THE,0.0060402601957321,0.11710879629629634,-0.027053404599428177,-0.0478791669011116,0.020825762301683426,0.3015940879995469
423,librispeech_original,WHY THIS WAS MACKAY,4,3,1,MACKAY,0.1219954192638397,0.47375999999999996,-0.14649973809719086,-2.6781601905822754,2.5316604524850845,0.5393767382483929
423,librispeech_original,WHY THIS WAS MACKAY,4,1,2,THIS,0.0057538552209734,0.2620800000000001,-0.14649973809719086,-0.10024113953113556,-0.0462585985660553,0.34008289450139273
423,librispeech_original,WHY THIS WAS MACKAY,4,2,3,WAS,0.0057538552209734,0.10080000000000022,-0.14649973809719086,-0.17208342254161835,0.02558368444442749,0.4384670069994172
423,librispeech_original,WHY THIS WAS MACKAY,4,0,4,WHY,0.0,0.22175999999999996,-0.14649973809719086,-0.11882541328668594,-0.027674324810504913,0.2270012967492221
433,librispeech_original,WOMAN SIREN THAT YOU ARE,5,0,1,WOMAN,0.0920665636658668,0.39765371621621626,-0.15233445167541504,-1.6336039304733276,1.4812694787979126,0.16224394380114973
433,librispeech_original,WOMAN SIREN THAT YOU ARE,5,1,2,SIREN,0.0257081426680088,0.6637922297297296,-0.15233445167541504,-2.431581735610962,2.279247283935547,0.23247937360138166
433,librispeech_original,WOMAN SIREN THAT YOU ARE,5,4,3,ARE,0.0250899232923984,0.012255067567567668,-0.15233445167541504,-0.16687162220478058,0.01453717052936554,0.48608572680095674
433,librispeech_original,WOMAN SIREN THAT YOU ARE,5,2,4,THAT,0.0133644621819257,0.11055743243243255,-0.15233445167541504,-0.17888258397579193,0.026548132300376892,0.29832553880114576
433,librispeech_original,WOMAN SIREN THAT YOU ARE,5,3,5,YOU,0.0107464082539081,0.1304560810810811,-0.15233445167541504,-0.19104677438735962,0.03871232271194458,0.40020310459949543
447,librispeech_original,YOUR FRIEND AS EVER,4,1,1,FRIEND,0.1144918054342269,0.3810106382978724,-0.19615523517131805,-0.5731492042541504,0.37699396908283234,0.26038104874896817
447,librispeech_original,YOUR FRIEND AS EVER,4,3,2,EVER,0.0922659337520599,0.48106117021276584,-0.19615523517131805,-0.7616252303123474,0.5654699951410294,0.4464268554984301
447,librispeech_original,YOUR FRIEND AS EVER,4,0,3,YOUR,0.0268035791814327,0.22038962765957448,-0.19615523517131805,-1.5742301940917969,1.3780749589204788,0.17878614399887738
447,librispeech_original,YOUR FRIEND AS EVER,4,2,4,AS,0.0208571702241897,0.1804787234042553,-0.19615523517131805,-0.9301590323448181,0.7340037971735001,0.3460736644992721
