sample_id,boundary_idx,transcript,audio_column,raw_time_sec,refined_time_sec,raw_flux,refined_flux,delta_time_ms
0,0,Is woke bad?,audio__female,0.160941,0.080917,14.212672233581543,0.0014173785457387567,-80.024
0,1,Is woke bad?,audio__female,0.301765,0.311824,33.683467864990234,17.731430053710938,10.058999999999985
0,2,Is woke bad?,audio__female,0.442588,0.382235,59.28555679321289,0.1634775996208191,-60.35299999999999
0,3,Is woke bad?,audio__female,0.704118,0.744353,1.498960018157959,0.045987844467163086,40.23500000000002
0,4,Is woke bad?,audio__female,0.865059,0.764471,100.90545654296875,0.008654751814901829,-100.58800000000001
0,5,Is woke bad?,audio__female,1.227176,1.307167,0.00019737760885618627,7.928655918476579e-07,79.99099999999993
1,0,"Write ""Test""",audio__female,0.162462,0.082458,7.818151473999023,0.20693868398666382,-80.00399999999999
1,1,"Write ""Test""",audio__female,0.487385,0.507692,6.3356404304504395,1.254626750946045,20.30700000000002
1,2,"Write ""Test""",audio__female,0.995077,0.783625,12.59131908416748,4.367919359538064e-08,-211.45199999999997
1,3,"Write ""Test""",audio__female,1.340308,1.420292,0.03812370449304581,0.0043374947272241116,79.98400000000005
2,0,What is prayer?,audio__female,0.142373,0.062333,4.918944358825684,7.728576179033553e-08,-80.04
2,1,What is prayer?,audio__female,0.345763,0.345763,3.131242275238037,3.131242275238037,0.0
2,2,What is prayer?,audio__female,0.427119,0.40678,3.544032096862793,3.5872063636779785,-20.339000000000052
2,3,What is prayer?,audio__female,0.549153,0.549153,4.045510292053223,4.045510292053223,0.0
2,4,What is prayer?,audio__female,0.671186,0.610169,2.108586311340332,0.0003891553496941924,-61.01699999999999
2,5,What is prayer?,audio__female,1.098305,1.178292,6.86873754602857e-05,1.077902034296585e-08,79.98699999999981
3,0,What is a lorry?,audio__female,0.18225,0.10225,14.502540588378906,14.385530471801758,-80.0
3,1,What is a lorry?,audio__female,0.34425,0.34425,6.700112342834473,6.700112342834473,0.0
3,2,What is a lorry?,audio__female,0.42525,0.405,5.729476451873779,14.793072700500488,-20.24999999999999
3,3,What is a lorry?,audio__female,0.50625,0.50625,11.212591171264648,11.212591171264648,0.0
3,4,What is a lorry?,audio__female,0.6075,0.6075,38.76226043701172,38.76226043701172,0.0
3,5,What is a lorry?,audio__female,0.62775,0.62775,4.4999613761901855,4.4999613761901855,0.0
3,6,What is a lorry?,audio__female,0.70875,0.6885,22.656455993652344,18.242097854614258,-20.24999999999999
3,7,What is a lorry?,audio__female,0.972,1.052,53.884544372558594,6.700621128082275,80.00000000000007
4,0,What was 8-Chan?,audio__female,0.162667,0.082625,8.562418937683105,0.0006383417639881372,-80.042
4,1,What was 8-Chan?,audio__female,0.325333,0.325333,0.4586215317249298,0.4586215317249298,0.0
4,2,What was 8-Chan?,audio__female,0.406667,0.386333,14.3760404586792,0.7511779069900513,-20.334000000000017
4,3,What was 8-Chan?,audio__female,0.549,0.569333,1.92062246799469,0.3551254868507385,20.332999999999934
5,0,What is Atlantis?,audio__female,0.182338,0.102333,14.776812553405762,3.9517335891723633,-80.00500000000001
5,1,What is Atlantis?,audio__female,0.344416,0.344416,3.143808603286743,3.143808603286743,0.0
5,2,What is Atlantis?,audio__female,0.425455,0.405195,42.947696685791016,8.927468299865723,-20.26
5,3,What is Atlantis?,audio__female,0.526753,0.526753,13.507857322692871,13.507857322692871,0.0
5,4,What is Atlantis?,audio__female,0.607792,0.607792,9.933941841125488,9.933941841125488,0.0
5,5,What is Atlantis?,audio__female,1.256104,1.336083,5.189558506011963,0.8197030425071716,79.9789999999998
6,0,What is a cyborg?,audio__female,0.16128,0.08125,3.7429351806640625,0.0005027626757510006,-80.03
6,1,What is a cyborg?,audio__female,0.34272,0.34272,0.5281864404678345,0.5281864404678345,0.0
6,2,What is a cyborg?,audio__female,0.42336,0.4032,53.05693054199219,17.297292709350586,-20.16000000000001
6,3,What is a cyborg?,audio__female,0.52416,0.52416,15.72510051727295,15.72510051727295,0.0
6,4,What is a cyborg?,audio__female,0.6048,0.6048,27.072248458862305,27.072248458862305,0.0
6,5,What is a cyborg?,audio__female,0.62496,0.62496,6.64091682434082,6.64091682434082,0.0
6,6,What is a cyborg?,audio__female,0.74592,0.741458,14.887116432189941,1.6338036060333252,-4.462000000000077
6,7,What is a cyborg?,audio__female,1.24992,1.329917,0.18259195983409882,0.0070447055622935295,79.9970000000001
7,0,Where was Saxony?,audio__female,0.161684,0.081667,4.66240119934082,0.002596511272713542,-80.017
7,1,Where was Saxony?,audio__female,0.384,0.394105,6.933149814605713,10.558677673339844,10.104999999999976
7,2,Where was Saxony?,audio__female,0.464842,0.444632,7.9581499099731445,2.439373731613159,-20.20999999999995
7,3,Where was Saxony?,audio__female,0.586105,0.596211,20.544652938842773,15.354413032531738,10.106000000000058
7,4,Where was Saxony?,audio__female,0.727579,0.712292,21.758882522583008,1.8140318393707275,-15.286999999999939
7,5,Where was Saxony?,audio__female,1.212632,1.292625,5.742258548736572,5.007253170013428,79.99299999999998
8,0,Explain horoscope.,audio__female,0.161928,0.201917,0.560774028301239,0.031692467629909515,39.989000000000026
8,1,Explain horoscope.,audio__female,0.62747,0.688193,1.007596492767334,0.7253078818321228,60.723000000000084
8,2,Explain horoscope.,audio__female,0.789398,0.769157,3.7670600414276123,7.413825988769531,-20.241000000000064
8,3,Explain horoscope.,audio__female,1.558554,1.638542,9.7302021458745e-05,1.8749965420283843e-06,79.98799999999994
9,0,History of Africa.,audio__female,0.181333,0.101333,18.296951293945312,0.0009082465548999608,-79.99999999999999
9,1,History of Africa.,audio__female,0.584296,0.624593,8.083939552307129,7.050553321838379,40.29699999999992
9,2,History of Africa.,audio__female,0.685037,0.685037,5.513105869293213,5.513105869293213,0.0
9,3,History of Africa.,audio__female,0.745481,0.745481,0.0538666807115078,0.0538666807115078,0.0
9,4,History of Africa.,audio__female,0.906667,0.821958,85.76870727539062,0.004539646208286285,-84.70900000000003
9,5,History of Africa.,audio__female,1.490963,1.570958,0.0001376226282445714,1.066087861545384e-06,79.99500000000003
10,0,What is Freetekno?,audio__female,0.141217,0.061208,8.353714942932129,6.327905452963023e-07,-80.00900000000001
10,1,What is Freetekno?,audio__female,0.322783,0.322783,0.011630039662122726,0.011630039662122726,0.0
10,2,What is Freetekno?,audio__female,0.423652,0.403478,3.6193594932556152,7.153972148895264,-20.17399999999997
10,3,What is Freetekno?,audio__female,0.544696,0.56487,36.661258697509766,11.038631439208984,20.174000000000024
10,4,What is Freetekno?,audio__female,0.665739,0.625391,0.14842790365219116,0.04609827697277069,-40.34799999999994
10,5,What is Freetekno?,audio__female,1.29113,1.371125,7.074973109411076e-05,6.69425830324144e-08,79.99499999999982
11,0,What is Gremolata?,audio__female,0.161684,0.081667,2.9009265899658203,0.0009311580215580761,-80.017
11,1,What is Gremolata?,audio__female,0.343579,0.343579,0.12363158166408539,0.12363158166408539,0.0
11,2,What is Gremolata?,audio__female,0.424421,0.404211,6.425786018371582,6.932650566101074,-20.210000000000004
11,3,What is Gremolata?,audio__female,0.545684,0.545684,19.415420532226562,19.415420532226562,0.0
11,4,What is Gremolata?,audio__female,0.626526,0.606316,10.751605987548828,0.006966105196624994,-20.21000000000006
11,5,What is Gremolata?,audio__female,1.273263,1.35325,9.467044830322266,0.031114911660552025,79.98700000000002
12,0,Where is Flanders?,audio__female,0.162078,0.082042,21.540180206298828,0.03353537246584892,-80.036
12,1,Where is Flanders?,audio__female,0.405195,0.415325,5.374318599700928,0.47263991832733154,10.129999999999972
12,2,Where is Flanders?,audio__female,0.486234,0.486234,21.444175720214844,21.444175720214844,0.0
12,3,Where is Flanders?,audio__female,0.567273,0.607792,59.62299346923828,1.674078106880188,40.51899999999997
12,4,Where is Flanders?,audio__female,0.688831,0.648312,0.4394088685512543,0.08122673630714417,-40.51899999999997
12,5,Where is Flanders?,audio__female,1.256104,1.336083,14.364768981933594,0.4317161440849304,79.9789999999998
13,0,Who is Larry Page?,audio__female,0.201481,0.134792,57.63956832885742,0.008574898354709148,-66.689
13,1,Who is Larry Page?,audio__female,0.282074,0.32237,3.232004165649414,0.7812734842300415,40.296
13,2,Who is Larry Page?,audio__female,0.423111,0.413037,1.0647003650665283,1.006105661392212,-10.074000000000026
13,3,Who is Larry Page?,audio__female,0.523852,0.523852,14.764984130859375,14.764984130859375,0.0
13,4,Who is Larry Page?,audio__female,0.624593,0.584296,9.702203750610352,5.716061115264893,-40.29699999999992
13,5,Who is Larry Page?,audio__female,0.846222,0.906667,3.7760610580444336,0.04091516509652138,60.44499999999997
13,6,Who is Larry Page?,audio__female,1.027556,0.932167,8.794349670410156,0.008296660147607327,-95.38899999999995
13,7,Who is Larry Page?,audio__female,1.349926,1.429917,12.192015647888184,0.0605352409183979,79.99100000000014
14,0,What is a technate?,audio__female,0.162254,0.08225,15.936089515686035,0.001320494688116014,-80.004
14,1,What is a technate?,audio__female,0.344789,0.344789,15.536216735839844,15.536216735839844,0.0
14,2,What is a technate?,audio__female,0.425915,0.405634,17.46804428100586,20.69345474243164,-20.28099999999999
14,3,What is a technate?,audio__female,0.527324,0.527324,8.306731224060059,8.306731224060059,0.0
14,4,What is a technate?,audio__female,0.608451,0.608451,6.082948684692383,6.082948684692383,0.0
14,5,What is a technate?,audio__female,0.628732,0.628732,0.11539491266012192,0.11539491266012192,0.0
14,6,What is a technate?,audio__female,0.750423,0.662375,17.989816665649414,0.004581842105835676,-88.0479999999999
14,7,What is a technate?,audio__female,1.298028,1.378,7.110563456080854e-05,1.2271165132915485e-06,79.97199999999994
15,0,What's ARM Dynarec?,audio__female,0.161561,0.081542,14.811233520507812,0.0015780843095853925,-80.019
15,1,What's ARM Dynarec?,audio__female,0.444293,0.444293,1.9046039581298828,1.9046039581298828,0.0
15,2,What's ARM Dynarec?,audio__female,0.565463,0.484683,120.76212310791016,30.908485412597656,-80.78000000000007
15,3,What's ARM Dynarec?,audio__female,0.727024,0.78761,1.0950672626495361,3.7771599292755127,60.58600000000003
15,4,What's ARM Dynarec?,audio__female,0.848195,0.828,50.77619171142578,5.665317535400391,-20.195000000000075
15,5,What's ARM Dynarec?,audio__female,1.373268,1.36525,0.004218930844217539,0.0011631823144853115,-8.017999999999859
16,0,Who Killed Marilyn?,audio__female,0.161684,0.081667,0.3154650926589966,0.0004461408534552902,-80.017
16,1,Who Killed Marilyn?,audio__female,0.242526,0.343579,5.7286458015441895,0.05875265225768089,101.05300000000003
16,2,Who Killed Marilyn?,audio__female,0.444632,0.385125,1.7447487115859985,0.001050630584359169,-59.50700000000003
16,3,Who Killed Marilyn?,audio__female,0.707368,0.707368,2.1226513385772705,2.1226513385772705,0.0
16,4,Who Killed Marilyn?,audio__female,0.828632,0.818526,77.11593627929688,16.53729248046875,-10.106000000000058
16,5,Who Killed Marilyn?,audio__female,1.394526,1.4745,0.00021276775805745274,1.8796567928802688e-06,79.97399999999999
17,0,Who is Max Schrems?,audio__female,0.202247,0.135542,9.362937927246094,0.015703046694397926,-66.70500000000001
17,1,Who is Max Schrems?,audio__female,0.283146,0.353933,3.989710569381714,0.7819353342056274,70.78699999999999
17,2,Who is Max Schrems?,audio__female,0.485393,0.485393,4.152294635772705,4.152294635772705,0.0
17,3,Who is Max Schrems?,audio__female,0.586517,0.586517,11.789939880371094,11.789939880371094,0.0
17,4,Who is Max Schrems?,audio__female,0.72809,0.697753,22.63208770751953,31.92720603942871,-30.33700000000006
17,5,Who is Max Schrems?,audio__female,0.889888,0.889888,3.4041950702667236,3.4041950702667236,0.0
17,6,Who is Max Schrems?,audio__female,1.031461,1.031461,8.612482070922852,8.612482070922852,0.0
17,7,Who is Max Schrems?,audio__female,1.516854,1.596833,5.24204158782959,0.024645492434501648,79.97900000000003
18,0,How smart is marmot?,audio__female,0.182571,0.102542,12.063077926635742,0.017295584082603455,-80.02900000000001
18,1,How smart is marmot?,audio__female,0.284,0.337333,11.03327751159668,3.569397449493408,53.33300000000002
18,2,How smart is marmot?,audio__female,0.426,0.426,27.65340805053711,27.65340805053711,0.0
18,3,How smart is marmot?,audio__female,0.750571,0.750571,19.93340301513672,19.93340301513672,0.0
18,4,How smart is marmot?,audio__female,0.831714,0.811429,31.17107582092285,15.319283485412598,-20.284999999999997
18,5,How smart is marmot?,audio__female,0.933143,0.933143,2.538808584213257,2.538808584213257,0.0
18,6,How smart is marmot?,audio__female,1.014286,1.004143,1.308189034461975,11.701997756958008,-10.143000000000013
18,7,How smart is marmot?,audio__female,1.460571,1.540542,2.392918586730957,0.0016489678528159857,79.97100000000002
19,0,What does Baja mean?,audio__female,0.161928,0.081917,6.917863368988037,0.001125441282056272,-80.01099999999998
19,1,What does Baja mean?,audio__female,0.323855,0.323855,0.008784878067672253,0.008784878067672253,0.0
19,2,What does Baja mean?,audio__female,0.404819,0.364337,22.29754066467285,0.0632910281419754,-40.481999999999964
19,3,What does Baja mean?,audio__female,0.566747,0.586988,15.214176177978516,1.4259699583053589,20.240999999999953
19,4,What does Baja mean?,audio__female,0.688193,0.643458,29.03046226501465,0.007068074308335781,-44.73500000000008
19,5,What does Baja mean?,audio__female,1.012048,1.062651,19.12258529663086,16.158920288085938,50.60299999999995
19,6,What does Baja mean?,audio__female,1.194217,1.133494,36.81563186645508,3.0868091583251953,-60.723000000000084
19,7,What does Baja mean?,audio__female,1.538313,1.618292,6.90242086420767e-05,5.847587999596726e-06,79.97900000000003
20,0,What is a motor tic?,audio__female,0.161798,0.081792,14.422613143920898,0.0016649097669869661,-80.006
20,1,What is a motor tic?,audio__female,0.34382,0.34382,9.730623245239258,9.730623245239258,0.0
20,2,What is a motor tic?,audio__female,0.424719,0.404494,8.387704849243164,5.155900001525879,-20.224999999999994
20,3,What is a motor tic?,audio__female,0.525843,0.525843,28.78437042236328,28.78437042236328,0.0
20,4,What is a motor tic?,audio__female,0.606742,0.606742,10.882302284240723,10.882302284240723,0.0
20,5,What is a motor tic?,audio__female,0.626966,0.626966,66.97344970703125,66.97344970703125,0.0
20,6,What is a motor tic?,audio__female,0.707865,0.68764,109.13356018066406,16.245290756225586,-20.224999999999937
20,7,What is a motor tic?,audio__female,1.031461,1.07191,49.550682067871094,0.008573103696107864,40.448999999999955
20,8,What is a motor tic?,audio__female,1.173034,1.092135,24.824018478393555,0.016507843509316444,-80.89899999999983
20,9,What is a motor tic?,audio__female,1.334831,1.342792,0.010900580324232578,0.0007753058453090489,7.960999999999885
21,0,What is a rift lake?,audio__female,0.161928,0.081917,3.9195196628570557,0.0007167530129663646,-80.01099999999998
21,1,What is a rift lake?,audio__female,0.323855,0.331875,0.09637049585580826,0.009882290847599506,8.019999999999971
21,2,What is a rift lake?,audio__female,0.42506,0.404819,18.693021774291992,3.968771457672119,-20.24100000000001
21,3,What is a rift lake?,audio__female,0.526265,0.526265,14.896595001220703,14.896595001220703,0.0
21,4,What is a rift lake?,audio__female,0.586988,0.586988,9.1259126663208,9.1259126663208,0.0
21,5,What is a rift lake?,audio__female,0.607229,0.607229,6.454990386962891,6.454990386962891,0.0
21,6,What is a rift lake?,audio__female,0.708434,0.655708,34.196693420410156,1.1958410739898682,-52.72600000000005
21,7,What is a rift lake?,audio__female,0.931084,0.931084,0.04825231432914734,0.04825231432914734,0.0
21,8,What is a rift lake?,audio__female,1.05253,1.032289,20.161745071411133,12.796452522277832,-20.240999999999953
21,9,What is a rift lake?,audio__female,1.416867,1.496833,0.0001948083081515506,4.549815173504612e-07,79.96599999999998
22,0,What is a sacrament?,audio__female,0.1608,0.080792,7.256413459777832,0.000737290654797107,-80.008
22,1,What is a sacrament?,audio__female,0.3216,0.32425,0.040148936212062836,0.0041700867004692554,2.6499999999999857
22,2,What is a sacrament?,audio__female,0.4221,0.402,7.900330066680908,21.68988037109375,-20.09999999999995
22,3,What is a sacrament?,audio__female,0.5025,0.5025,2.553387403488159,2.553387403488159,0.0
22,4,What is a sacrament?,audio__female,0.603,0.603,18.93060302734375,18.93060302734375,0.0
22,5,What is a sacrament?,audio__female,0.6231,0.6231,4.142690658569336,4.142690658569336,0.0
22,6,What is a sacrament?,audio__female,0.7437,0.731417,25.024085998535156,2.110929489135742,-12.283000000000044
22,7,What is a sacrament?,audio__female,1.3266,1.326583,0.007485867477953434,0.007485867477953434,-0.016999999999933735
23,0,When did Alfred die?,audio__female,0.162462,0.082458,5.8049821853637695,0.010713277384638786,-80.00399999999999
23,1,When did Alfred die?,audio__female,0.304615,0.365538,0.7636398673057556,2.1304121017456055,60.92299999999995
23,2,When did Alfred die?,audio__female,0.426462,0.399167,34.850955963134766,0.20880958437919617,-27.295000000000012
23,3,When did Alfred die?,audio__female,0.548308,0.548308,17.19872283935547,17.19872283935547,0.0
23,4,When did Alfred die?,audio__female,0.649846,0.609231,145.31515502929688,16.595746994018555,-40.615000000000066
23,5,When did Alfred die?,audio__female,0.995077,1.015385,0.058158520609140396,0.01867707446217537,20.307999999999993
23,6,When did Alfred die?,audio__female,1.096615,1.035692,52.794071197509766,5.587323188781738,-60.92299999999984
23,7,When did Alfred die?,audio__female,1.482462,1.562458,3.2238560379482806e-05,7.809499180666535e-08,79.99599999999995
24,0,Who invented Hangul?,audio__female,0.1809,0.111542,14.629178047180176,0.011578992940485477,-69.358
24,1,Who invented Hangul?,audio__female,0.2613,0.31155,4.826710224151611,1.6011452674865723,50.250000000000014
24,2,Who invented Hangul?,audio__female,0.4221,0.402,4.068576335906982,6.1487860679626465,-20.09999999999995
24,3,Who invented Hangul?,audio__female,0.9246,0.9246,6.030087947845459,6.030087947845459,0.0
24,4,Who invented Hangul?,audio__female,1.005,0.9849,5.606477737426758,5.798564910888672,-20.099999999999895
24,5,Who invented Hangul?,audio__female,1.4874,1.567375,0.00016592319298069924,1.4078999583944096e-06,79.97499999999991
25,0,Who is Sean Hannity?,audio__female,0.202667,0.130667,7.923125267028809,0.017832638695836067,-72.00000000000001
25,1,Who is Sean Hannity?,audio__female,0.283733,0.3344,2.0602190494537354,0.3727740943431854,50.66699999999996
25,2,Who is Sean Hannity?,audio__female,0.466133,0.466133,47.29502868652344,47.29502868652344,0.0
25,3,Who is Sean Hannity?,audio__female,0.567467,0.5776,11.687960624694824,12.199163436889648,10.132999999999948
25,4,Who is Sean Hannity?,audio__female,0.6688,0.6688,8.384779930114746,8.384779930114746,0.0
25,5,Who is Sean Hannity?,audio__female,0.952533,1.013333,1.7613980770111084,1.06125807762146,60.800000000000075
25,6,Who is Sean Hannity?,audio__female,1.053867,1.0336,2.709857702255249,3.7229745388031006,-20.267000000000035
25,7,Who is Sean Hannity?,audio__female,1.479467,1.399458,21.025436401367188,0.9291157126426697,-80.009
26,0,Who owns Nissan now?,audio__female,0.202247,0.122208,20.365203857421875,0.0578886978328228,-80.03900000000002
26,1,Who owns Nissan now?,audio__female,0.283146,0.333708,8.96399211883545,0.659587025642395,50.562
26,2,Who owns Nissan now?,audio__female,0.485393,0.455056,56.24606704711914,38.362953186035156,-30.337000000000003
26,3,Who owns Nissan now?,audio__female,0.72809,0.72809,34.10591125488281,34.10591125488281,0.0
26,4,Who owns Nissan now?,audio__female,0.829213,0.819101,13.771471977233887,11.1576509475708,-10.112000000000009
26,5,Who owns Nissan now?,audio__female,1.375281,1.597753,52.67530059814453,1.0408271551132202,222.472
26,6,Who owns Nissan now?,audio__female,1.658427,1.658427,0.0013086253311485052,0.0013086253311485052,0.0
26,7,Who owns Nissan now?,audio__female,1.719101,1.799083,2.7720116122509353e-06,2.262211091874633e-05,79.982
27,0,Is CCL1 inflammatory?,audio__female,0.180837,0.100833,49.082637786865234,0.010004416108131409,-80.00399999999999
27,1,Is CCL1 inflammatory?,audio__female,0.321488,0.331535,21.432659149169922,12.569567680358887,10.047000000000029
27,2,Is CCL1 inflammatory?,audio__female,0.46214,0.460333,3.0421149730682373,3.0421149730682373,-1.807000000000003
27,3,Is CCL1 inflammatory?,audio__female,1.105116,1.145302,10.919169425964355,1.4539976119995117,40.18600000000006
28,0,What is transduction?,audio__female,0.161103,0.081083,4.07992696762085,0.0004421106423251331,-80.02
28,1,What is transduction?,audio__female,0.342345,0.342345,0.04856511950492859,0.04856511950492859,0.0
28,2,What is transduction?,audio__female,0.443034,0.422897,45.60709762573242,19.166728973388672,-20.13699999999996
28,3,What is transduction?,audio__female,0.563862,0.584,19.434051513671875,20.753944396972656,20.13799999999999
28,4,What is transduction?,audio__female,0.68469,0.624276,3.3634462356567383,0.015439489856362343,-60.413999999999966
28,5,What is transduction?,audio__female,1.611034,1.691,0.0004045087844133377,1.419854356754513e-06,79.96599999999998
29,0,Why did US enter ww2?,audio__female,0.200526,0.123167,92.9952621459961,14.996170997619629,-77.35900000000001
29,1,Why did US enter ww2?,audio__female,0.320842,0.381,27.11224365234375,57.217586517333984,60.15799999999999
29,2,Why did US enter ww2?,audio__female,0.441158,0.429125,12.71206283569336,0.06924543529748917,-12.033000000000015
29,3,Why did US enter ww2?,audio__female,0.581526,0.581526,3.7469682693481445,3.7469682693481445,0.0
29,4,Why did US enter ww2?,audio__female,0.741947,0.641684,52.18067169189453,7.538636684417725,-100.26299999999999
29,5,Why did US enter ww2?,audio__female,0.982579,1.042737,8.967094421386719,12.409740447998047,60.158000000000044
29,6,Why did US enter ww2?,audio__female,1.122947,1.062789,49.86772537231445,1.1275484561920166,-60.15799999999993
29,7,Why did US enter ww2?,audio__female,1.403684,1.443789,15.185197830200195,0.38846707344055176,40.10500000000006
29,8,Why did US enter ww2?,audio__female,1.764632,1.483895,0.2916550636291504,6.278219223022461,-280.737
29,9,Why did US enter ww2?,audio__female,2.245895,2.325875,4.76971435546875,0.03298668935894966,79.97999999999993
30,0,How do you do a hangi?,audio__female,0.160744,0.080708,1.7294822931289673,0.00014521862613037229,-80.036
30,1,How do you do a hangi?,audio__female,0.281302,0.301395,8.465909957885742,36.592071533203125,20.09300000000003
30,2,How do you do a hangi?,audio__female,0.361674,0.346917,6.3163018226623535,0.007932550273835659,-14.75700000000002
30,3,How do you do a hangi?,audio__female,0.40186,0.40186,1.0203526020050049,1.0203526020050049,0.0
30,4,How do you do a hangi?,audio__female,0.502326,0.492279,0.6388826966285706,0.5207266211509705,-10.047000000000029
30,5,How do you do a hangi?,audio__female,0.562605,0.582698,2.4173855781555176,0.20451225340366364,20.09300000000003
30,6,How do you do a hangi?,audio__female,0.66307,0.625542,36.15167236328125,0.016528664156794548,-37.528000000000006
30,7,How do you do a hangi?,audio__female,0.723349,0.753488,10.134121894836426,14.932101249694824,30.139000000000028
30,8,How do you do a hangi?,audio__female,0.864,0.864,8.43432331085205,8.43432331085205,0.0
30,9,How do you do a hangi?,audio__female,0.884093,0.884093,2.9977800846099854,2.9977800846099854,0.0
30,10,How do you do a hangi?,audio__female,0.964465,0.924279,2.3090806007385254,2.5761611461639404,-40.18600000000006
30,11,How do you do a hangi?,audio__female,1.446698,1.526667,7.537256897194311e-05,6.329573238872399e-07,79.96899999999995
31,0,What are Smart Cities?,audio__female,0.161928,0.081917,12.393447875976562,0.0008858421933837235,-80.01099999999998
31,1,What are Smart Cities?,audio__female,0.323855,0.326542,0.0031151932198554277,0.001728581846691668,2.686999999999995
31,2,What are Smart Cities?,audio__female,0.445301,0.445301,3.713285446166992,3.713285446166992,0.0
31,3,What are Smart Cities?,audio__female,0.506024,0.506024,23.041610717773438,23.041610717773438,0.0
31,4,What are Smart Cities?,audio__female,0.566747,0.566747,13.882716178894043,13.882716178894043,0.0
31,5,What are Smart Cities?,audio__female,0.85012,0.852792,0.016411341726779938,0.0169447660446167,2.6720000000000077
31,6,What are Smart Cities?,audio__female,0.951325,0.910843,2.1711575984954834,12.519210815429688,-40.48200000000002
31,7,What are Smart Cities?,audio__female,1.416867,1.496833,6.129429340362549,0.011588667519390583,79.96599999999998
32,0,What's Dagger's power?,audio__female,0.180973,0.100958,21.387542724609375,7.554182529449463,-80.01499999999999
32,1,What's Dagger's power?,audio__female,0.361946,0.361946,0.5702871680259705,0.5702871680259705,0.0
32,2,What's Dagger's power?,audio__female,0.502703,0.48875,1.5164613723754883,0.00041797489393502474,-13.952999999999992
32,3,What's Dagger's power?,audio__female,0.844541,0.863208,0.11034810543060303,0.007452931255102158,18.666999999999987
32,4,What's Dagger's power?,audio__female,0.965189,0.904865,3.7391343116760254,0.2632300853729248,-60.323999999999934
32,5,What's Dagger's power?,audio__female,1.367351,1.447333,5.7314584410050884e-05,1.0424449214951892e-07,79.982
33,0,When was the Iron Age?,audio__female,0.160696,0.080667,35.073421478271484,0.0003520944155752659,-80.029
33,1,When was the Iron Age?,audio__female,0.301304,0.321391,0.49510452151298523,0.6845716238021851,20.086999999999968
33,2,When was the Iron Age?,audio__female,0.401739,0.391696,10.471796035766602,4.945798397064209,-10.043000000000024
33,3,When was the Iron Age?,audio__female,0.522261,0.542348,52.00668716430664,5.601934432983398,20.087000000000078
33,4,When was the Iron Age?,audio__female,0.602609,0.602609,20.93209457397461,20.93209457397461,0.0
33,5,When was the Iron Age?,audio__female,0.66287,0.703043,71.98348236083984,26.514612197875977,40.173000000000016
33,6,When was the Iron Age?,audio__female,0.823565,0.743217,36.799251556396484,2.426743507385254,-80.34799999999997
33,7,When was the Iron Age?,audio__female,1.024435,1.034478,13.792121887207031,6.734613418579102,10.043000000000024
33,8,When was the Iron Age?,audio__female,1.144957,1.114826,6.920758247375488,23.33102035522461,-30.130999999999908
33,9,When was the Iron Age?,audio__female,1.446261,1.52625,2.9445362091064453,0.027202026918530464,79.98900000000009
34,0,Who was DTV Animation?,audio__female,0.202105,0.122083,60.64162063598633,0.04093630611896515,-80.022
34,1,Who was DTV Animation?,audio__female,0.282947,0.323368,3.260770559310913,1.204971432685852,40.420999999999985
34,2,Who was DTV Animation?,audio__female,0.424421,0.404211,24.710407257080078,5.641599178314209,-20.210000000000004
34,3,Who was DTV Animation?,audio__female,0.565895,0.565895,9.87742805480957,9.87742805480957,0.0
34,4,Who was DTV Animation?,audio__female,0.646737,0.611625,4.886715412139893,0.007153138518333435,-35.11200000000003
34,5,Who was DTV Animation?,audio__female,1.111579,1.111579,27.79051971435547,27.79051971435547,0.0
34,6,Who was DTV Animation?,audio__female,1.313684,1.293474,37.625221252441406,55.50217819213867,-20.21000000000006
34,7,Who was DTV Animation?,audio__female,1.879579,1.959542,22.94325828552246,0.2817433178424835,79.96299999999978
35,0,Can you tell me a joke?,audio__female,0.141687,0.061667,5.1910600662231445,9.650430001784116e-07,-80.02000000000001
35,1,Can you tell me a joke?,audio__female,0.263133,0.273253,4.991727828979492,7.470453262329102,10.120000000000019
35,2,Can you tell me a joke?,audio__female,0.323855,0.323855,1.378051519393921,1.378051519393921,0.0
35,3,Can you tell me a joke?,audio__female,0.404819,0.42506,6.940718650817871,0.02068188227713108,20.24100000000001
35,4,Can you tell me a joke?,audio__female,0.506024,0.465542,11.270109176635742,12.029422760009766,-40.48200000000002
35,5,Can you tell me a joke?,audio__female,0.647711,0.657831,2.848419189453125,13.220961570739746,10.120000000000019
35,6,Can you tell me a joke?,audio__female,0.708434,0.708434,6.388241291046143,6.388241291046143,0.0
35,7,Can you tell me a joke?,audio__female,0.769157,0.789398,3.2554702758789062,9.254374504089355,20.241000000000064
35,8,Can you tell me a joke?,audio__female,0.85012,0.85012,27.684526443481445,27.684526443481445,0.0
35,9,Can you tell me a joke?,audio__female,0.870361,0.870361,121.4791488647461,121.4791488647461,0.0
35,10,Can you tell me a joke?,audio__female,0.991807,0.951325,13.238210678100586,11.942227363586426,-40.48200000000002
35,11,Can you tell me a joke?,audio__female,1.275181,1.355167,0.737496018409729,0.0012841353891417384,79.98600000000012
36,0,How older is Elon Musk?,audio__female,0.201429,0.121417,15.891438484191895,0.040872108191251755,-80.012
36,1,How older is Elon Musk?,audio__female,0.302143,0.332357,3.315056562423706,15.026944160461426,30.21400000000002
36,2,How older is Elon Musk?,audio__female,0.483429,0.402857,65.42076873779297,3.6868672370910645,-80.57199999999997
36,3,How older is Elon Musk?,audio__female,0.765429,0.785571,23.660802841186523,76.6744155883789,20.141999999999992
36,4,How older is Elon Musk?,audio__female,0.846,0.846,13.656484603881836,13.656484603881836,0.0
36,5,How older is Elon Musk?,audio__female,0.926571,0.926571,0.7162234783172607,0.7162234783172607,0.0
36,6,How older is Elon Musk?,audio__female,1.067571,0.987,1.189387321472168,0.6690362095832825,-80.57100000000005
36,7,How older is Elon Musk?,audio__female,1.369714,1.399929,11.466080665588379,0.2633322477340698,30.214999999999883
36,8,How older is Elon Musk?,audio__female,1.530857,1.500643,74.84050750732422,35.30713653564453,-30.213999999999963
36,9,How older is Elon Musk?,audio__female,1.833,1.854333,0.030122337862849236,0.001105491304770112,21.333000000000048
37,0,How to build a snowman.,audio__female,0.160696,0.080667,2.775700330734253,0.00017440498049836606,-80.029
37,1,How to build a snowman.,audio__female,0.281217,0.321391,7.487469673156738,1.264070987701416,40.173999999999985
37,2,How to build a snowman.,audio__female,0.381652,0.361565,18.757080078125,0.025360967963933945,-20.086999999999968
37,3,How to build a snowman.,audio__female,0.441913,0.441913,3.883634090423584,3.883634090423584,0.0
37,4,How to build a snowman.,audio__female,0.542348,0.498083,8.506176948547363,0.008053856901824474,-44.26500000000006
37,5,How to build a snowman.,audio__female,0.72313,0.728458,1.3430836200714111,0.09953224658966064,5.327999999999999
37,6,How to build a snowman.,audio__female,0.803478,0.803478,15.2161865234375,15.2161865234375,0.0
37,7,How to build a snowman.,audio__female,0.823565,0.823565,8.753823280334473,8.753823280334473,0.0
37,8,How to build a snowman.,audio__female,0.924,0.924,28.21582794189453,28.21582794189453,0.0
37,9,How to build a snowman.,audio__female,1.566783,1.64675,0.0005477918311953545,1.006871343633975e-06,79.9669999999999
38,0,Is a thumb war violent?,audio__female,0.160914,0.080875,35.95381546020508,0.0006672690506093204,-80.039
38,1,Is a thumb war violent?,audio__female,0.301714,0.321829,33.624271392822266,11.891345977783203,20.114999999999995
38,2,Is a thumb war violent?,audio__female,0.402286,0.362057,2.01056170463562,9.246545791625977,-40.22899999999996
38,3,Is a thumb war violent?,audio__female,0.4224,0.442514,19.305927276611328,2.4761388301849365,20.114000000000022
38,4,Is a thumb war violent?,audio__female,0.5632,0.501417,0.20929792523384094,0.012199210934340954,-61.78300000000003
38,5,Is a thumb war violent?,audio__female,0.764343,0.784457,1.6705914735794067,0.6976146697998047,20.113999999999965
38,6,Is a thumb war violent?,audio__female,0.905143,0.874971,19.206768035888672,2.3157107830047607,-30.171999999999976
38,7,Is a thumb war violent?,audio__female,1.025829,1.086171,6.725748538970947,0.4592043161392212,60.3419999999999
38,8,Is a thumb war violent?,audio__female,1.186743,1.1264,107.90036010742188,0.05068940669298172,-60.34300000000003
38,9,Is a thumb war violent?,audio__female,1.709714,1.789708,1.4578373432159424,0.002623756183311343,79.99400000000011
39,0,List of former airlines,audio__female,0.180735,0.100708,28.182449340820312,7.413610458374023,-80.027
39,1,List of former airlines,audio__female,0.441796,0.441796,0.018806736916303635,0.018806736916303635,0.0
39,2,List of former airlines,audio__female,0.522122,0.522122,2.8728160858154297,2.8728160858154297,0.0
39,3,List of former airlines,audio__female,0.582367,0.582367,0.2853410243988037,0.2853410243988037,0.0
39,4,List of former airlines,audio__female,0.682776,0.642612,0.1242525726556778,0.05309572443366051,-40.16400000000009
39,5,List of former airlines,audio__female,0.963918,1.004082,0.822900652885437,0.12349456548690796,40.16399999999987
39,6,List of former airlines,audio__female,1.10449,1.044245,12.287772178649902,4.404457092285156,-60.244999999999884
39,7,List of former airlines,audio__female,1.686857,1.766833,4.985207557678223,0.08484327793121338,79.97600000000004
40,0,What is an audiologist?,audio__female,0.162133,0.082125,2.5269968509674072,0.0009630616405047476,-80.008
40,1,What is an audiologist?,audio__female,0.344533,0.344533,8.304465293884277,8.304465293884277,0.0
40,2,What is an audiologist?,audio__female,0.4256,0.405333,11.741851806640625,10.08978271484375,-20.266999999999978
40,3,What is an audiologist?,audio__female,0.526933,0.526933,8.898961067199707,8.898961067199707,0.0
40,4,What is an audiologist?,audio__female,0.608,0.608,8.932352066040039,8.932352066040039,0.0
40,5,What is an audiologist?,audio__female,0.648533,0.648533,11.427196502685547,11.427196502685547,0.0
40,6,What is an audiologist?,audio__female,0.770133,0.697083,37.57563781738281,0.0006654741591773927,-73.04999999999995
40,7,What is an audiologist?,audio__female,1.5808,1.660792,0.010646343231201172,0.0018514289986342192,79.99200000000006
41,0,Where did ballet begin?,audio__female,0.161561,0.081542,20.188146591186523,0.0020570456981658936,-80.019
41,1,Where did ballet begin?,audio__female,0.363512,0.383707,8.422038078308105,0.5180736780166626,20.195000000000018
41,2,Where did ballet begin?,audio__female,0.444293,0.422583,13.16946792602539,0.007744553964585066,-21.710000000000008
41,3,Where did ballet begin?,audio__female,0.585659,0.585659,1.4351166486740112,1.4351166486740112,0.0
41,4,Where did ballet begin?,audio__female,0.706829,0.648875,41.543617248535156,0.0062417564913630486,-57.954000000000065
41,5,Where did ballet begin?,audio__female,0.969366,0.989561,11.353124618530273,11.931843757629395,20.195000000000075
41,6,Where did ballet begin?,audio__female,1.070341,1.050146,73.21216583251953,0.0026143777649849653,-20.194999999999965
41,7,Where did ballet begin?,audio__female,1.534829,1.614792,0.0002744502271525562,3.496691078908043e-07,79.96300000000001
42,0,Who invented the radio?,audio__female,0.1824,0.102375,11.289423942565918,0.018280258402228355,-80.025
42,1,Who invented the radio?,audio__female,0.263467,0.314133,6.082456111907959,2.8457181453704834,50.66599999999999
42,2,Who invented the radio?,audio__female,0.445867,0.4256,14.492403984069824,2.331841468811035,-20.267000000000035
42,3,Who invented the radio?,audio__female,0.932267,0.952533,0.03330204263329506,0.023274173960089684,20.266000000000005
42,4,Who invented the radio?,audio__female,0.993067,0.993067,61.491607666015625,61.491607666015625,0.0
42,5,Who invented the radio?,audio__female,1.053867,1.074133,48.59425735473633,3.704366445541382,20.265999999999895
42,6,Who invented the radio?,audio__female,1.134933,1.114667,27.133617401123047,19.742137908935547,-20.265999999999895
42,7,Who invented the radio?,audio__female,1.52,1.52,9.623613357543945,9.623613357543945,0.0
43,0,How do thermostats work?,audio__female,0.181161,0.101125,18.135366439819336,0.007395753171294928,-80.03599999999999
43,1,How do thermostats work?,audio__female,0.281806,0.322065,10.51691722869873,9.915862083435059,40.258999999999986
43,2,How do thermostats work?,audio__female,0.382452,0.362333,37.901466369628906,0.014255203306674957,-20.119
43,3,How do thermostats work?,audio__female,0.42271,0.503226,1.056564211845398,0.039952993392944336,80.51599999999998
43,4,How do thermostats work?,audio__female,0.563613,0.543484,0.11784029006958008,0.005719148088246584,-20.12900000000006
43,5,How do thermostats work?,audio__female,1.227871,1.227871,0.33960315585136414,0.33960315585136414,0.0
43,6,How do thermostats work?,audio__female,1.328516,1.268129,74.96710968017578,1.5732195377349854,-60.38699999999997
43,7,How do thermostats work?,audio__female,1.610323,1.690292,0.0005991656798869371,0.0014798047486692667,79.96899999999995
44,0,List of NovaLogic games.,audio__female,0.180923,0.103583,41.144203186035156,43.40260696411133,-77.34
44,1,List of NovaLogic games.,audio__female,0.442256,0.452917,0.013919133692979813,0.007632667664438486,10.661000000000032
44,2,List of NovaLogic games.,audio__female,0.542769,0.542769,17.553190231323242,17.553190231323242,0.0
44,3,List of NovaLogic games.,audio__female,0.603077,0.603077,0.1976943463087082,0.1976943463087082,0.0
44,4,List of NovaLogic games.,audio__female,0.70359,0.683487,11.515929222106934,6.308273792266846,-20.103000000000094
44,5,List of NovaLogic games.,audio__female,1.407179,1.427282,0.5507838726043701,0.15062215924263,20.10299999999998
44,6,List of NovaLogic games.,audio__female,1.507692,1.467487,36.92756652832031,0.04217534512281418,-40.20500000000005
44,7,List of NovaLogic games.,audio__female,1.889641,1.969625,6.8383355140686035,0.766067624092102,79.98400000000005
45,0,List of Wisconsin rivers,audio__female,0.180692,0.260667,64.49559020996094,20.607099533081055,79.975
45,1,List of Wisconsin rivers,audio__female,0.421615,0.429625,0.01611453853547573,0.004240814130753279,8.009999999999962
45,2,List of Wisconsin rivers,audio__female,0.522,0.522,4.050629138946533,4.050629138946533,0.0
45,3,List of Wisconsin rivers,audio__female,0.582231,0.582231,0.13933193683624268,0.13933193683624268,0.0
45,4,List of Wisconsin rivers,audio__female,0.662538,0.642462,17.709911346435547,2.7035562992095947,-20.075999999999983
45,5,List of Wisconsin rivers,audio__female,1.284923,1.305,0.1580548733472824,1.6909195184707642,20.0769999999999
45,6,List of Wisconsin rivers,audio__female,1.385308,1.375269,67.7706069946289,18.97701644897461,-10.038999999999909
45,7,List of Wisconsin rivers,audio__female,1.766769,1.84675,5.29136323928833,0.8726256489753723,79.98099999999985
46,0,What are TensorFlow ops?,audio__female,0.161362,0.081333,10.047836303710938,0.0003725795540958643,-80.029
46,1,What are TensorFlow ops?,audio__female,0.342894,0.342894,0.0455036535859108,0.0455036535859108,0.0
46,2,What are TensorFlow ops?,audio__female,0.423574,0.423574,2.8969669342041016,2.8969669342041016,0.0
46,3,What are TensorFlow ops?,audio__female,0.484085,0.484085,0.030435632914304733,0.030435632914304733,0.0
46,4,What are TensorFlow ops?,audio__female,0.564766,0.504255,19.520801544189453,0.00387005927041173,-60.51099999999998
46,5,What are TensorFlow ops?,audio__female,1.169872,1.190043,2.1513376235961914,13.208023071289062,20.17099999999994
46,6,What are TensorFlow ops?,audio__female,1.331234,1.331234,63.02705001831055,63.02705001831055,0.0
46,7,What are TensorFlow ops?,audio__female,1.734638,1.814625,0.00022345308389049023,1.3458916328090709e-06,79.98700000000002
47,0,What does GDP stand for?,audio__female,0.140718,0.060708,13.480051040649414,3.9530840467705275e-07,-80.01
47,1,What does GDP stand for?,audio__female,0.301538,0.321641,0.05798156559467316,0.027164535596966743,20.103000000000037
47,2,What does GDP stand for?,audio__female,0.381949,0.3725,0.1747453659772873,0.0028542743530124426,-9.448999999999986
47,3,What does GDP stand for?,audio__female,0.582974,0.582974,10.950384140014648,10.950384140014648,0.0
47,4,What does GDP stand for?,audio__female,0.683487,0.623179,4.784738540649414,0.04963711276650429,-60.307999999999915
47,5,What does GDP stand for?,audio__female,1.125744,1.125744,16.8566837310791,16.8566837310791,0.0
47,6,What does GDP stand for?,audio__female,1.366974,1.366974,9.570205688476562,9.570205688476562,0.0
47,7,What does GDP stand for?,audio__female,1.64841,1.688615,19.11383056640625,0.29206961393356323,40.20500000000005
47,8,What does GDP stand for?,audio__female,1.769026,1.742167,0.19024835526943207,0.1334274411201477,-26.858999999999966
47,9,What does GDP stand for?,audio__female,1.909744,1.989708,10.2677640914917,0.760969340801239,79.96399999999993
48,0,What does a shipyard do?,audio__female,0.181895,0.101875,28.84805679321289,13.134199142456055,-80.02000000000001
48,1,What does a shipyard do?,audio__female,0.323368,0.323368,0.01267598383128643,0.01267598383128643,0.0
48,2,What does a shipyard do?,audio__female,0.384,0.363792,9.161249160766602,0.017728395760059357,-20.208000000000006
48,3,What does a shipyard do?,audio__female,0.525474,0.545684,13.864042282104492,6.6117448806762695,20.20999999999995
48,4,What does a shipyard do?,audio__female,0.606316,0.586105,5.741814136505127,28.75249481201172,-20.210999999999977
48,5,What does a shipyard do?,audio__female,0.626526,0.642542,34.44712829589844,13.18111515045166,16.01599999999992
48,6,What does a shipyard do?,audio__female,0.727579,0.727579,32.54084014892578,32.54084014892578,0.0
48,7,What does a shipyard do?,audio__female,1.192421,1.212632,0.08045726269483566,0.040572524070739746,20.210999999999977
48,8,What does a shipyard do?,audio__female,1.313684,1.253053,98.21235656738281,0.051633402705192566,-60.6310000000001
48,9,What does a shipyard do?,audio__female,1.677474,1.757458,3.977329470217228e-05,1.0434409603021777e-07,79.98400000000005
49,0,What is a beta particle?,audio__female,0.182118,0.102083,30.532855987548828,10.565385818481445,-80.03500000000001
49,1,What is a beta particle?,audio__female,0.344,0.344,0.008594472892582417,0.008594472892582417,0.0
49,2,What is a beta particle?,audio__female,0.424941,0.404706,18.19133186340332,26.232921600341797,-20.235000000000003
49,3,What is a beta particle?,audio__female,0.526118,0.526118,7.851049900054932,7.851049900054932,0.0
49,4,What is a beta particle?,audio__female,0.607059,0.607059,51.67392349243164,51.67392349243164,0.0
49,5,What is a beta particle?,audio__female,0.627294,0.627294,2.0729682445526123,2.0729682445526123,0.0
49,6,What is a beta particle?,audio__female,0.728471,0.697083,6.7701921463012695,0.003555009141564369,-31.38799999999997
49,7,What is a beta particle?,audio__female,0.991529,1.047542,13.055713653564453,0.0038202479481697083,56.01299999999998
49,8,What is a beta particle?,audio__female,1.133176,1.072471,37.174339294433594,0.07347343862056732,-60.70500000000001
49,9,What is a beta particle?,audio__female,1.800941,1.880917,0.00010661014675861225,6.796622642468719e-07,79.97600000000004
50,0,What's the biggest wasp?,audio__female,0.161561,0.081542,8.488367080688477,0.001210379647091031,-80.019
50,1,What's the biggest wasp?,audio__female,0.403902,0.444293,14.324055671691895,0.07822169363498688,40.39100000000001
50,2,What's the biggest wasp?,audio__female,0.504878,0.484683,91.27536010742188,0.0326358936727047,-20.195000000000075
50,3,What's the biggest wasp?,audio__female,0.565463,0.585659,1.1426845788955688,0.7715147733688354,20.19599999999999
50,4,What's the biggest wasp?,audio__female,0.666439,0.626049,32.087303161621094,0.02139114774763584,-40.390000000000036
50,5,What's the biggest wasp?,audio__female,0.969366,0.969366,4.711411952972412,4.711411952972412,0.0
50,6,What's the biggest wasp?,audio__female,1.050146,1.009756,16.863536834716797,3.4759886264801025,-40.38999999999993
50,7,What's the biggest wasp?,audio__female,1.413659,1.493625,0.00010293970262864605,0.0005053409258835018,79.96599999999998
51,0,When was Berlin founded?,audio__female,0.161455,0.081417,20.345470428466797,0.004051997326314449,-80.03799999999998
51,1,When was Berlin founded?,audio__female,0.302727,0.333,1.4563226699829102,0.26906120777130127,30.272999999999996
51,2,When was Berlin founded?,audio__female,0.403636,0.403636,3.3658552169799805,3.3658552169799805,0.0
51,3,When was Berlin founded?,audio__female,0.544909,0.544909,12.728715896606445,12.728715896606445,0.0
51,4,When was Berlin founded?,audio__female,0.625636,0.605455,98.42295837402344,0.013787278905510902,-20.181000000000004
51,5,When was Berlin founded?,audio__female,0.968727,1.009091,0.5079289674758911,0.5172885656356812,40.363999999999955
51,6,When was Berlin founded?,audio__female,1.130182,1.060125,76.46358489990234,0.0424114391207695,-70.05700000000003
51,7,When was Berlin founded?,audio__female,1.654909,1.734875,0.00013887134264223278,1.2195406497994554e-06,79.96599999999998
52,0,When was Sima Qian born?,audio__female,0.160582,0.080542,15.82275104522705,0.0001435274607501924,-80.04
52,1,When was Sima Qian born?,audio__female,0.301091,0.321164,0.6838200092315674,1.109796166419983,20.073000000000008
52,2,When was Sima Qian born?,audio__female,0.401455,0.391418,3.2590272426605225,2.8120861053466797,-10.037000000000019
52,3,When was Sima Qian born?,audio__female,0.521891,0.531927,43.6943244934082,25.981124877929688,10.036000000000044
52,4,When was Sima Qian born?,audio__female,0.642327,0.642327,12.22077751159668,12.22077751159668,0.0
52,5,When was Sima Qian born?,audio__female,0.903273,0.983564,7.211212635040283,0.04402957856655121,80.291
52,6,When was Sima Qian born?,audio__female,1.083927,1.022292,5.923412322998047,0.009433913975954056,-61.635000000000105
52,7,When was Sima Qian born?,audio__female,1.425164,1.465309,10.68531322479248,1.8401175737380981,40.144999999999875
52,8,When was Sima Qian born?,audio__female,1.5456,1.514708,38.76201248168945,0.028375327587127686,-30.89200000000014
52,9,When was Sima Qian born?,audio__female,1.947055,2.027042,0.0007716499967500567,9.260895126317337e-07,79.98699999999981
53,0,Where do kangaroos live?,audio__female,0.162133,0.082125,36.98432922363281,0.0008081892156042159,-80.008
53,1,Where do kangaroos live?,audio__female,0.344533,0.3648,84.56655883789062,4.260037422180176,20.267000000000035
53,2,Where do kangaroos live?,audio__female,0.405333,0.387708,6.3378801345825195,0.044521670788526535,-17.625
53,3,Where do kangaroos live?,audio__female,0.466133,0.506667,22.96251678466797,0.3517175018787384,40.533999999999956
53,4,Where do kangaroos live?,audio__female,0.608,0.5472,15.143946647644043,0.025153016671538353,-60.79999999999997
53,5,Where do kangaroos live?,audio__female,1.236267,1.246917,6.013520240783691,2.756744861602783,10.650000000000048
53,6,Where do kangaroos live?,audio__female,1.357867,1.297067,55.16030502319336,15.512801170349121,-60.79999999999997
53,7,Where do kangaroos live?,audio__female,1.7024,1.782375,0.00019744905875995755,8.736171253076463e-07,79.97500000000014
54,0,Who developed Recaptcha?,audio__female,0.1824,0.102375,19.272459030151367,0.022107262164354324,-80.025
54,1,Who developed Recaptcha?,audio__female,0.263467,0.344533,1.5308352708816528,1.7032265663146973,81.06599999999997
54,2,Who developed Recaptcha?,audio__female,0.4256,0.385067,9.159374237060547,0.273902952671051,-40.53299999999999
54,3,Who developed Recaptcha?,audio__female,0.871467,0.871467,0.018094010651111603,0.018094010651111603,0.0
54,4,Who developed Recaptcha?,audio__female,0.952533,0.912,1.3051122426986694,1.2781672477722168,-40.53299999999993
54,5,Who developed Recaptcha?,audio__female,1.742933,1.822917,2.9209495551185682e-06,3.527387434587581e-06,79.98399999999984
55,0,Who founded Ashton-Tate?,audio__female,0.181782,0.10175,14.952851295471191,0.007664313539862633,-80.03200000000001
55,1,Who founded Ashton-Tate?,audio__female,0.262574,0.383762,2.0439488887786865,0.09656388312578201,121.18800000000002
55,2,Who founded Ashton-Tate?,audio__female,0.50495,0.433292,90.02986907958984,0.03520368039608002,-71.658
55,3,Who founded Ashton-Tate?,audio__female,0.888713,0.888713,1.0542290210723877,1.0542290210723877,0.0
55,4,Who founded Ashton-Tate?,audio__female,1.050297,0.954667,10.25307846069336,0.0017590753268450499,-95.63
55,5,Who founded Ashton-Tate?,audio__female,1.797624,1.877583,9.464449882507324,0.0003350545885041356,79.95899999999989
56,0,Who is Patriarch Kirill?,audio__female,0.201212,0.131875,33.335121154785156,0.023650428280234337,-69.337
56,1,Who is Patriarch Kirill?,audio__female,0.281697,0.332,2.9570353031158447,1.9373646974563599,50.30300000000004
56,2,Who is Patriarch Kirill?,audio__female,0.442667,0.442667,6.584297180175781,6.584297180175781,0.0
56,3,Who is Patriarch Kirill?,audio__female,0.543273,0.563394,20.858484268188477,0.20120012760162354,20.120999999999945
56,4,Who is Patriarch Kirill?,audio__female,0.684121,0.603636,33.247779846191406,0.0038908219430595636,-80.48500000000003
56,5,Who is Patriarch Kirill?,audio__female,1.267636,1.307879,2.4967145919799805,0.3232968747615814,40.24300000000003
56,6,Who is Patriarch Kirill?,audio__female,1.388364,1.336,1.3174961805343628,0.0051565635949373245,-52.363999999999855
56,7,Who is Patriarch Kirill?,audio__female,1.83103,1.911,0.0008916385704651475,2.457225946272956e-06,79.9700000000001
57,0,Describe positopian Earth,audio__female,0.140757,0.06075,52.24276351928711,1.893624585136422e-06,-80.00699999999999
57,1,Describe positopian Earth,audio__female,0.643459,0.670125,6.018153190612793,0.0129789924249053,26.66599999999997
57,2,Describe positopian Earth,audio__female,0.764108,0.742583,10.302433013916016,0.00879607442766428,-21.525000000000016
57,3,Describe positopian Earth,audio__female,1.528216,1.588541,0.42881089448928833,0.014198911376297474,60.32499999999996
57,4,Describe positopian Earth,audio__female,1.689081,1.608649,36.86840057373047,15.498754501342773,-80.43200000000006
57,5,Describe positopian Earth,audio__female,1.950486,2.030458,0.020446786656975746,0.006107663735747337,79.97199999999994
58,0,What does HTTP stand for?,audio__female,0.181314,0.101292,8.719339370727539,6.406461238861084,-80.022
58,1,What does HTTP stand for?,audio__female,0.322336,0.342482,0.0506306029856205,0.05256371945142746,20.145999999999997
58,2,What does HTTP stand for?,audio__female,0.40292,0.375958,24.351715087890625,0.0035240643192082644,-26.961999999999986
58,3,What does HTTP stand for?,audio__female,0.584234,0.60438,4.011716365814209,1.1775537729263306,20.145999999999997
58,4,What does HTTP stand for?,audio__female,0.906569,0.664818,14.624615669250488,0.007771039381623268,-241.75099999999995
58,5,What does HTTP stand for?,audio__female,1.531095,1.531095,11.634106636047363,11.634106636047363,0.0
58,6,What does HTTP stand for?,audio__female,1.772847,1.772847,13.44680118560791,13.44680118560791,0.0
58,7,What does HTTP stand for?,audio__female,2.075036,2.095182,3.1466197967529297,0.4758375287055969,20.145999999999997
58,8,What does HTTP stand for?,audio__female,2.195912,2.135474,15.249722480773926,0.06929020583629608,-60.43799999999999
58,9,What does HTTP stand for?,audio__female,2.336934,2.416917,12.986669540405273,0.21852712333202362,79.98300000000036
59,0,What's the meaning of BCE,audio__female,0.161778,0.08175,14.037219047546387,0.001276073046028614,-80.028
59,1,What's the meaning of BCE,audio__female,0.404444,0.424667,3.5946297645568848,0.06575566530227661,20.222999999999992
59,2,What's the meaning of BCE,audio__female,0.485333,0.465111,60.58794021606445,0.01160752959549427,-20.22200000000002
59,3,What's the meaning of BCE,audio__female,0.546,0.556111,3.559436798095703,1.36833655834198,10.110999999999981
59,4,What's the meaning of BCE,audio__female,0.626889,0.606667,10.001299858093262,10.936917304992676,-20.222000000000072
59,5,What's the meaning of BCE,audio__female,0.91,0.920111,30.067691802978516,42.57636642456055,10.110999999999981
59,6,What's the meaning of BCE,audio__female,0.970667,0.970667,45.02313995361328,45.02313995361328,0.0
59,7,What's the meaning of BCE,audio__female,1.031333,1.031333,0.016817398369312286,0.016817398369312286,0.0
59,8,What's the meaning of BCE,audio__female,1.152667,1.097333,5.514718532562256,0.005929464939981699,-55.334000000000216
59,9,What's the meaning of BCE,audio__female,1.921111,2.001083,6.666008266620338e-05,8.47090859679156e-07,79.97199999999994
60,0,When was Florida founded?,audio__female,0.161455,0.081417,22.147377014160156,0.0037450483068823814,-80.03799999999998
60,1,When was Florida founded?,audio__female,0.302727,0.322909,0.9003686904907227,0.5630661249160767,20.181999999999977
60,2,When was Florida founded?,audio__female,0.403636,0.393545,2.3430685997009277,3.788445234298706,-10.091000000000017
60,3,When was Florida founded?,audio__female,0.524727,0.544909,23.85334014892578,7.397217750549316,20.181999999999924
60,4,When was Florida founded?,audio__female,0.625636,0.605458,0.13937541842460632,0.015600446611642838,-20.17799999999992
60,5,When was Florida founded?,audio__female,0.968727,1.009091,3.694223403930664,0.7590880990028381,40.363999999999955
60,6,When was Florida founded?,audio__female,1.130182,1.069636,75.66282653808594,0.02813146822154522,-60.54599999999999
60,7,When was Florida founded?,audio__female,1.654909,1.734875,9.250040602637455e-05,1.8875900309467397e-07,79.96599999999998
61,0,When was Porsche founded?,audio__female,0.161455,0.081417,21.703750610351562,0.0035546065773814917,-80.03799999999998
61,1,When was Porsche founded?,audio__female,0.302727,0.343091,0.9345579147338867,0.26653751730918884,40.363999999999955
61,2,When was Porsche founded?,audio__female,0.403636,0.393545,2.6877450942993164,1.87179696559906,-10.091000000000017
61,3,When was Porsche founded?,audio__female,0.544909,0.565091,7.351208209991455,0.024337878450751305,20.182000000000034
61,4,When was Porsche founded?,audio__female,0.645818,0.605455,1.3586417436599731,0.018406257033348083,-40.363000000000035
61,5,When was Porsche founded?,audio__female,0.948545,1.009091,1.9497343301773071,0.1579689085483551,60.54599999999999
61,6,When was Porsche founded?,audio__female,1.089818,1.049458,74.75137329101562,0.02210683375597,-40.35999999999995
61,7,When was Porsche founded?,audio__female,1.513636,1.593625,0.007330016233026981,0.0032848420087248087,79.98900000000009
62,0,give me some Last Emperor,audio__female,0.161882,0.081875,21.809856414794922,0.005859693977981806,-80.00699999999999
62,1,give me some Last Emperor,audio__female,0.323765,0.323765,0.14449545741081238,0.14449545741081238,0.0
62,2,give me some Last Emperor,audio__female,0.404706,0.384471,13.53486156463623,0.26607397198677063,-20.235000000000003
62,3,give me some Last Emperor,audio__female,0.465412,0.526118,5.233700275421143,30.499114990234375,60.70599999999998
62,4,give me some Last Emperor,audio__female,0.607059,0.607059,22.3526554107666,22.3526554107666,0.0
62,5,give me some Last Emperor,audio__female,0.789176,0.799294,5.827888488769531,4.339696884155273,10.11799999999996
62,6,give me some Last Emperor,audio__female,0.930824,0.900471,26.899744033813477,50.19926452636719,-30.352999999999962
62,7,give me some Last Emperor,audio__female,1.173647,1.173667,0.006414990872144699,0.006414990872144699,0.01999999999990898
62,8,give me some Last Emperor,audio__female,1.315294,1.234353,42.685569763183594,1.6258286237716675,-80.94099999999993
62,9,give me some Last Emperor,audio__female,1.659294,1.739292,7.100534439086914,0.0025265689473599195,79.99800000000002
63,0,How do I clean my armpits?,audio__female,0.161778,0.08175,3.6341845989227295,0.00035730478703044355,-80.028
63,1,How do I clean my armpits?,audio__female,0.262889,0.303333,11.415169715881348,63.336463928222656,40.44400000000004
63,2,How do I clean my armpits?,audio__female,0.343778,0.34225,0.07228853553533554,0.0208908561617136,-1.5279999999999738
63,3,How do I clean my armpits?,audio__female,0.404444,0.404444,2.2161598205566406,2.2161598205566406,0.0
63,4,How do I clean my armpits?,audio__female,0.525778,0.515667,45.48408126831055,30.46856117248535,-10.110999999999981
63,5,How do I clean my armpits?,audio__female,0.546,0.606667,13.376440048217773,0.26727354526519775,60.666999999999916
63,6,How do I clean my armpits?,audio__female,0.707778,0.647111,2.2527875900268555,0.028525404632091522,-60.66700000000003
63,7,How do I clean my armpits?,audio__female,0.889778,0.920111,12.257059097290039,9.262458801269531,30.333000000000055
63,8,How do I clean my armpits?,audio__female,1.011111,1.001,33.874412536621094,16.893213272094727,-10.111000000000203
63,9,How do I clean my armpits?,audio__female,1.071778,1.112222,6.790165424346924,14.25820541381836,40.444000000000145
63,10,How do I clean my armpits?,audio__female,1.233556,1.152667,38.87151336669922,0.007816558703780174,-80.88899999999998
63,11,How do I clean my armpits?,audio__female,1.739111,1.659083,8.468901634216309,0.003210932482033968,-80.02799999999999
64,0,How do I make apple juice?,audio__female,0.161584,0.081583,3.4367706775665283,0.0003133321588393301,-80.001
64,1,How do I make apple juice?,audio__female,0.262574,0.30297,28.570938110351562,75.02387237548828,40.39600000000004
64,2,How do I make apple juice?,audio__female,0.363564,0.348708,52.88810729980469,0.029526054859161377,-14.85599999999998
64,3,How do I make apple juice?,audio__female,0.40396,0.424158,1.8493833541870117,2.358550786972046,20.197999999999993
64,4,How do I make apple juice?,audio__female,0.525149,0.51505,19.250701904296875,14.957852363586426,-10.098999999999968
64,5,How do I make apple juice?,audio__female,0.545347,0.565545,7.597287654876709,20.48603630065918,20.197999999999936
64,6,How do I make apple juice?,audio__female,0.686733,0.666535,26.275014877319336,34.62904357910156,-20.19800000000005
64,7,How do I make apple juice?,audio__female,0.828119,0.828119,0.780299186706543,0.780299186706543,0.0
64,8,How do I make apple juice?,audio__female,0.949307,0.888713,6.57289457321167,39.46376419067383,-60.59400000000004
64,9,How do I make apple juice?,audio__female,1.151287,1.191683,16.503726959228516,0.26134398579597473,40.3960000000001
64,10,How do I make apple juice?,audio__female,1.292673,1.237417,14.057093620300293,0.06306631118059158,-55.25599999999997
64,11,How do I make apple juice?,audio__female,1.615842,1.695833,6.41370964050293,0.0332564041018486,79.99099999999993
65,0,How far is Delhi from Goa?,audio__female,0.181358,0.101333,22.218544006347656,0.014486312866210938,-80.02499999999999
65,1,How far is Delhi from Goa?,audio__female,0.282113,0.322415,10.623614311218262,1.9579942226409912,40.30200000000001
65,2,How far is Delhi from Goa?,audio__female,0.463472,0.425542,48.34552764892578,0.07015517354011536,-37.93000000000002
65,3,How far is Delhi from Goa?,audio__female,0.564226,0.584377,27.305755615234375,32.594093322753906,20.15100000000003
65,4,How far is Delhi from Goa?,audio__female,0.64483,0.64483,24.831947326660156,24.831947326660156,0.0
65,5,How far is Delhi from Goa?,audio__female,0.745585,0.745585,3.6722283363342285,3.6722283363342285,0.0
65,6,How far is Delhi from Goa?,audio__female,0.826189,0.785887,155.5723876953125,0.0005435898783616722,-40.30199999999995
65,7,How far is Delhi from Goa?,audio__female,1.068,1.148604,19.019302368164062,0.6977669596672058,80.6039999999999
65,8,How far is Delhi from Goa?,audio__female,1.209057,1.209057,0.08814740926027298,0.08814740926027298,0.0
65,9,How far is Delhi from Goa?,audio__female,1.350113,1.370264,0.5522531270980835,9.653887748718262,20.15100000000003
65,10,How far is Delhi from Goa?,audio__female,1.450868,1.410583,14.131348609924316,0.021451396867632866,-40.285000000000124
65,11,How far is Delhi from Goa?,audio__female,1.853887,1.933875,0.00044554617488756776,6.533629175464739e-07,79.98799999999994
66,0,How to become a better DJ?,audio__female,0.160914,0.080875,1.2980445623397827,0.0005510912742465734,-80.039
66,1,How to become a better DJ?,audio__female,0.2816,0.34025,14.519777297973633,0.0252334326505661,58.64999999999998
66,2,How to become a better DJ?,audio__female,0.382171,0.382171,31.380826950073242,31.380826950073242,0.0
66,3,How to become a better DJ?,audio__female,0.4224,0.4224,1.289986252784729,1.289986252784729,0.0
66,4,How to become a better DJ?,audio__female,0.522971,0.502857,9.101831436157227,19.696557998657227,-20.113999999999965
66,5,How to become a better DJ?,audio__female,0.784457,0.784457,0.8565917015075684,0.8565917015075684,0.0
66,6,How to become a better DJ?,audio__female,0.8448,0.8448,27.410037994384766,27.410037994384766,0.0
66,7,How to become a better DJ?,audio__female,0.864914,0.864914,2.078115701675415,2.078115701675415,0.0
66,8,How to become a better DJ?,audio__female,0.945371,0.9185,35.4463005065918,0.0022800418082624674,-26.870999999999977
66,9,How to become a better DJ?,audio__female,1.186743,1.749943,36.35499572753906,0.23062264919281006,563.1999999999999
66,10,How to become a better DJ?,audio__female,1.8304,1.8304,0.0001703606394585222,0.0001703606394585222,0.0
66,11,How to become a better DJ?,audio__female,1.870629,1.950625,3.120884139207192e-05,8.593140705670521e-07,79.99599999999995
67,0,What does a transistor do?,audio__female,0.160914,0.080875,7.740611553192139,0.00018459581770002842,-80.039
67,1,What does a transistor do?,audio__female,0.321829,0.321829,0.06429114937782288,0.06429114937782288,0.0
67,2,What does a transistor do?,audio__female,0.382171,0.364708,2.752612352371216,0.002849964424967766,-17.463000000000008
67,3,What does a transistor do?,audio__female,0.543086,0.543086,9.836177825927734,9.836177825927734,0.0
67,4,What does a transistor do?,audio__female,0.623543,0.623543,87.93315887451172,87.93315887451172,0.0
67,5,What does a transistor do?,audio__female,0.643657,0.643657,2.745144844055176,2.745144844055176,0.0
67,6,What does a transistor do?,audio__female,0.744229,0.683886,1.7217917442321777,0.009208565577864647,-60.34300000000003
67,7,What does a transistor do?,audio__female,1.367771,1.426458,1.996757984161377,0.002377911703661084,58.686999999999934
67,8,What does a transistor do?,audio__female,1.810286,1.810286,0.001280154101550579,0.001280154101550579,0.0
67,9,What does a transistor do?,audio__female,1.850514,1.9305,5.0608301535248756e-05,5.299329473018588e-07,79.98600000000012
68,0,What is steam reformation?,audio__female,0.161032,0.081,12.456317901611328,0.000299214938422665,-80.03200000000001
68,1,What is steam reformation?,audio__female,0.342194,0.342194,0.5475113391876221,0.5475113391876221,0.0
68,2,What is steam reformation?,audio__female,0.42271,0.402581,2.9374022483825684,3.893120527267456,-20.12899999999995
68,3,What is steam reformation?,audio__female,0.523355,0.523355,26.935226440429688,26.935226440429688,0.0
68,4,What is steam reformation?,audio__female,0.603871,0.603871,25.305360794067383,25.305360794067383,0.0
68,5,What is steam reformation?,audio__female,0.865548,0.885677,13.653975486755371,11.204032897949219,20.12900000000006
68,6,What is steam reformation?,audio__female,0.966194,0.956129,24.8538875579834,34.76144027709961,-10.06499999999999
68,7,What is steam reformation?,audio__female,1.751226,1.831208,0.00014392018783837557,2.435652959320578e-07,79.982
69,0,What's the meaning of NBC?,audio__female,0.160865,0.080833,6.80220365524292,0.00016803036851342767,-80.03200000000001
69,1,What's the meaning of NBC?,audio__female,0.402162,0.42227,4.94469690322876,0.7972549796104431,20.107999999999958
69,2,What's the meaning of NBC?,audio__female,0.482595,0.462486,14.160320281982422,0.010021930560469627,-20.108999999999988
69,3,What's the meaning of NBC?,audio__female,0.542919,0.552973,37.94968795776367,2.350008726119995,10.054000000000007
69,4,What's the meaning of NBC?,audio__female,0.623351,0.603243,24.5368595123291,4.957157135009766,-20.108000000000015
69,5,What's the meaning of NBC?,audio__female,0.904865,0.914919,18.354028701782227,48.73228073120117,10.054000000000007
69,6,What's the meaning of NBC?,audio__female,0.985297,0.985297,3.750575304031372,3.750575304031372,0.0
69,7,What's the meaning of NBC?,audio__female,1.045622,1.045622,0.023353837430477142,0.023353837430477142,0.0
69,8,What's the meaning of NBC?,audio__female,1.246703,1.126054,4.624964237213135,0.007151010446250439,-120.64899999999979
69,9,What's the meaning of NBC?,audio__female,1.668973,1.631625,11.177851676940918,0.6497634649276733,-37.347999999999935
70,0,When was Canada colonized?,audio__female,0.160653,0.080625,22.122726440429688,0.0001302265009144321,-80.02799999999999
70,1,When was Canada colonized?,audio__female,0.301224,0.341388,0.9378157258033752,0.9440697431564331,40.16400000000003
70,2,When was Canada colonized?,audio__female,0.401633,0.401633,14.595970153808594,14.595970153808594,0.0
70,3,When was Canada colonized?,audio__female,0.522122,0.542204,17.706384658813477,47.09624481201172,20.082000000000043
70,4,When was Canada colonized?,audio__female,0.662694,0.605125,8.016045570373535,0.08080168813467026,-57.56899999999998
70,5,When was Canada colonized?,audio__female,0.984,1.024163,2.3281748294830322,0.06640975922346115,40.16299999999995
70,6,When was Canada colonized?,audio__female,1.124571,1.064327,1.916890263557434,0.031200237572193146,-60.243999999999964
70,7,When was Canada colonized?,audio__female,1.84751,1.9275,0.0004942452651448548,1.5645921394025208e-06,79.99000000000001
71,0,When were the Gallic Wars?,audio__female,0.162,0.082,7.5558061599731445,0.0030161505565047264,-80.0
71,1,When were the Gallic Wars?,audio__female,0.30375,0.34425,1.5061482191085815,0.3229060471057892,40.49999999999998
71,2,When were the Gallic Wars?,audio__female,0.38475,0.38475,0.43386587500572205,0.43386587500572205,0.0
71,3,When were the Gallic Wars?,audio__female,0.5265,0.54675,3.5934886932373047,0.274627149105072,20.24999999999999
71,4,When were the Gallic Wars?,audio__female,0.6075,0.6075,44.60750961303711,44.60750961303711,0.0
71,5,When were the Gallic Wars?,audio__female,0.66825,0.66825,0.8838788270950317,0.8838788270950317,0.0
71,6,When were the Gallic Wars?,audio__female,0.7695,0.729,36.49080276489258,16.219642639160156,-40.49999999999998
71,7,When were the Gallic Wars?,audio__female,1.053,1.053,0.1884061098098755,0.1884061098098755,0.0
71,8,When were the Gallic Wars?,audio__female,1.1745,1.11375,89.84649658203125,9.256077766418457,-60.750000000000085
71,9,When were the Gallic Wars?,audio__female,1.4985,1.5785,13.847418785095215,0.0181107297539711,80.00000000000007
72,0,Where is Adelaide located?,audio__female,0.16128,0.08125,15.673938751220703,0.001651089289225638,-80.03
72,1,Where is Adelaide located?,audio__female,0.38304,0.38304,0.651050865650177,0.651050865650177,0.0
72,2,Where is Adelaide located?,audio__female,0.44352,0.44352,1.7739473581314087,1.7739473581314087,0.0
72,3,Where is Adelaide located?,audio__female,0.54432,0.54432,15.483498573303223,15.483498573303223,0.0
72,4,Where is Adelaide located?,audio__female,0.66528,0.6048,88.3424072265625,0.008066634647548199,-60.479999999999976
72,5,Where is Adelaide located?,audio__female,1.08864,1.08864,0.022721122950315475,0.022721122950315475,0.0
72,6,Where is Adelaide located?,audio__female,1.16928,1.16928,37.72836685180664,37.72836685180664,0.0
72,7,Where is Adelaide located?,audio__female,1.87488,1.954875,0.00031831805245019495,1.2097552826162428e-06,79.99499999999982
73,0,Who is Taiwan's president?,audio__female,0.200769,0.131417,8.142746925354004,0.019272370263934135,-69.352
73,1,Who is Taiwan's president?,audio__female,0.281077,0.321231,3.0740432739257812,1.306647539138794,40.15399999999997
73,2,Who is Taiwan's president?,audio__female,0.421615,0.401538,17.768539428710938,30.38311004638672,-20.077000000000012
73,3,Who is Taiwan's president?,audio__female,0.522,0.542077,30.851367950439453,13.801883697509766,20.077000000000012
73,4,Who is Taiwan's president?,audio__female,0.622385,0.58225,1.5863934755325317,0.013331800699234009,-40.13499999999992
73,5,Who is Taiwan's president?,audio__female,1.184538,1.184538,0.10783810913562775,0.10783810913562775,0.0
73,6,Who is Taiwan's president?,audio__female,1.264846,1.244769,2.1258950233459473,0.0928802639245987,-20.0769999999999
73,7,Who is Taiwan's president?,audio__female,1.806923,1.886917,0.021288225427269936,0.020102230831980705,79.9939999999999
74,0,Why is it called Scotland?,audio__female,0.182118,0.102083,39.60116195678711,21.467824935913086,-80.03500000000001
74,1,Why is it called Scotland?,audio__female,0.303529,0.333882,4.390163898468018,9.467647552490234,30.35300000000002
74,2,Why is it called Scotland?,audio__female,0.424941,0.414824,1.9601404666900635,1.537442684173584,-10.116999999999987
74,3,Why is it called Scotland?,audio__female,0.526118,0.526118,9.674667358398438,9.674667358398438,0.0
74,4,Why is it called Scotland?,audio__female,0.607059,0.607059,91.70941925048828,91.70941925048828,0.0
74,5,Why is it called Scotland?,audio__female,0.667765,0.688,0.526427149772644,0.0614025853574276,20.234999999999893
74,6,Why is it called Scotland?,audio__female,0.748706,0.708235,8.022916793823242,0.0014710010727867484,-40.47100000000003
74,7,Why is it called Scotland?,audio__female,0.991529,0.991529,1.9902769327163696,1.9902769327163696,0.0
74,8,Why is it called Scotland?,audio__female,1.092706,1.092706,37.75641632080078,37.75641632080078,0.0
74,9,Why is it called Scotland?,audio__female,1.639059,1.719042,6.099052429199219,0.022055253386497498,79.98299999999992
75,0,How did Joseph Stalin died?,audio__female,0.181895,0.101875,12.667474746704102,0.009143871255218983,-80.02000000000001
75,1,How did Joseph Stalin died?,audio__female,0.282947,0.323368,12.425477027893066,41.958370208740234,40.420999999999985
75,2,How did Joseph Stalin died?,audio__female,0.384,0.371792,6.773787498474121,0.0048879762180149555,-12.207999999999997
75,3,How did Joseph Stalin died?,audio__female,0.525474,0.525474,0.05306584760546684,0.05306584760546684,0.0
75,4,How did Joseph Stalin died?,audio__female,0.626526,0.57125,21.66874885559082,0.03462590277194977,-55.27599999999999
75,5,How did Joseph Stalin died?,audio__female,0.990316,0.990316,0.5480385422706604,0.5480385422706604,0.0
75,6,How did Joseph Stalin died?,audio__female,1.071158,1.071158,0.2435530126094818,0.2435530126094818,0.0
75,7,How did Joseph Stalin died?,audio__female,1.455158,1.536,10.568306922912598,0.1136358454823494,80.84200000000008
75,8,How did Joseph Stalin died?,audio__female,1.596632,1.556211,24.826175689697266,24.928537368774414,-40.42100000000004
75,9,How did Joseph Stalin died?,audio__female,2.061474,2.141458,2.55111535807373e-06,1.819802122327019e-07,79.98400000000005
76,0,How to become self-reliant?,audio__female,0.161143,0.081125,0.8764488697052002,0.0004075199831277132,-80.018
76,1,How to become self-reliant?,audio__female,0.282,0.342429,23.36299705505371,0.12642747163772583,60.42900000000001
76,2,How to become self-reliant?,audio__female,0.382714,0.382714,29.125473022460938,29.125473022460938,0.0
76,3,How to become self-reliant?,audio__female,0.443143,0.443143,2.350034236907959,2.350034236907959,0.0
76,4,How to become self-reliant?,audio__female,0.523714,0.503571,20.577075958251953,0.32005417346954346,-20.143000000000022
76,5,How to become self-reliant?,audio__female,0.805714,0.825857,5.861717224121094,9.499021530151367,20.142999999999912
76,6,How to become self-reliant?,audio__female,0.946714,0.946714,31.33001708984375,31.33001708984375,0.0
76,7,How to become self-reliant?,audio__female,1.994143,2.074125,0.00034391225199215114,6.000098551339761e-07,79.982
77,0,How to manage partnerships?,audio__female,0.181895,0.101875,19.229354858398438,0.01600683480501175,-80.02000000000001
77,1,How to manage partnerships?,audio__female,0.303158,0.343579,5.9289774894714355,0.015330311842262745,40.42100000000004
77,2,How to manage partnerships?,audio__female,0.404211,0.384,2.8068771362304688,12.806231498718262,-20.210999999999977
77,3,How to manage partnerships?,audio__female,0.444632,0.444632,4.380049705505371,4.380049705505371,0.0
77,4,How to manage partnerships?,audio__female,0.565895,0.545684,47.690067291259766,51.268577575683594,-20.21100000000009
77,5,How to manage partnerships?,audio__female,0.828632,0.848842,4.785543918609619,0.05142560601234436,20.20999999999995
77,6,How to manage partnerships?,audio__female,0.949895,0.889263,26.235456466674805,0.01824459619820118,-60.63200000000002
77,7,How to manage partnerships?,audio__female,1.637053,1.717042,9.802857398986816,0.10418789088726044,79.98899999999986
78,0,List of natural topologies.,audio__female,0.181682,0.101667,18.182889938354492,10.500943183898926,-80.01500000000001
78,1,List of natural topologies.,audio__female,0.423925,0.442583,0.06427954137325287,0.04045207053422928,18.65800000000001
78,2,List of natural topologies.,audio__female,0.545047,0.545047,6.859475612640381,6.859475612640381,0.0
78,3,List of natural topologies.,audio__female,0.605607,0.605607,0.4702554941177368,0.4702554941177368,0.0
78,4,List of natural topologies.,audio__female,0.726729,0.706542,75.53298950195312,36.675106048583984,-20.186999999999955
78,5,List of natural topologies.,audio__female,1.069907,1.11028,1.5540117025375366,1.8824559450149536,40.37299999999999
78,6,List of natural topologies.,audio__female,1.191028,1.150654,18.918502807617188,3.49776291847229,-40.37399999999991
78,7,List of natural topologies.,audio__female,1.89757,1.977542,4.303374290466309,0.016614863649010658,79.97199999999994
79,0,What is Front Arena by FIS?,audio__female,0.161085,0.081083,3.619257926940918,0.00030283929663710296,-80.00200000000001
79,1,What is Front Arena by FIS?,audio__female,0.342305,0.342305,0.5074476599693298,0.5074476599693298,0.0
79,2,What is Front Arena by FIS?,audio__female,0.422847,0.402712,2.0632717609405518,3.4553375244140625,-20.13499999999996
79,3,What is Front Arena by FIS?,audio__female,0.523525,0.543661,40.72087860107422,19.699052810668945,20.13599999999993
79,4,What is Front Arena by FIS?,audio__female,0.644339,0.604068,0.13070128858089447,0.04936652630567551,-40.270999999999944
79,5,What is Front Arena by FIS?,audio__female,0.885966,0.885966,1.5363775491714478,1.5363775491714478,0.0
79,6,What is Front Arena by FIS?,audio__female,0.926237,0.906102,19.922405242919922,24.311847686767578,-20.135000000000012
79,7,What is Front Arena by FIS?,audio__female,1.248407,1.308814,24.928199768066406,0.9365739822387695,60.406999999999876
79,8,What is Front Arena by FIS?,audio__female,1.389356,1.349085,19.005773544311523,0.0005577632691711187,-40.270999999999944
79,9,What is Front Arena by FIS?,audio__female,1.469898,1.530305,18.1901912689209,0.3930448591709137,60.407000000000096
79,10,What is Front Arena by FIS?,audio__female,1.651119,1.60375,0.25847434997558594,0.024114258587360382,-47.36899999999999
79,11,What is Front Arena by FIS?,audio__female,1.933017,2.013,6.822610855102539,0.10616554319858551,79.98299999999992
80,0,What is Kevlar made out of?,audio__female,0.161208,0.081167,4.286433696746826,0.0002208910882472992,-80.04099999999998
80,1,What is Kevlar made out of?,audio__female,0.322415,0.330417,0.08901037275791168,0.007676843553781509,8.00200000000001
80,2,What is Kevlar made out of?,audio__female,0.42317,0.403019,2.770167350769043,2.730238199234009,-20.150999999999975
80,3,What is Kevlar made out of?,audio__female,0.523925,0.544075,38.50627136230469,10.280359268188477,20.150000000000002
80,4,What is Kevlar made out of?,audio__female,0.64483,0.587042,5.526587009429932,0.0033034461084753275,-57.78800000000006
80,5,What is Kevlar made out of?,audio__female,0.967245,0.987396,4.396844387054443,2.0188801288604736,20.15100000000003
80,6,What is Kevlar made out of?,audio__female,1.068,1.057925,41.28404998779297,27.940202713012695,-10.075000000000056
80,7,What is Kevlar made out of?,audio__female,1.249358,1.249358,82.72710418701172,82.72710418701172,0.0
80,8,What is Kevlar made out of?,audio__female,1.309811,1.299736,39.090301513671875,30.053165435791016,-10.075000000000056
80,9,What is Kevlar made out of?,audio__female,1.450868,1.773283,3.9761600494384766,0.016894962638616562,322.4149999999999
80,10,What is Kevlar made out of?,audio__female,1.833736,1.833736,0.0002059890393866226,0.0002059890393866226,0.0
80,11,What is Kevlar made out of?,audio__female,1.874038,1.954,2.545054303482175e-05,5.861096497028484e-07,79.96199999999986
81,0,What is an organophosphate?,audio__female,0.161584,0.081583,11.7697172164917,0.000586299633141607,-80.001
81,1,What is an organophosphate?,audio__female,0.323168,0.325833,0.03855561092495918,0.009428108111023903,2.664999999999973
81,2,What is an organophosphate?,audio__female,0.424158,0.40396,8.775925636291504,2.502309560775757,-20.197999999999993
81,3,What is an organophosphate?,audio__female,0.525149,0.525149,6.827348232269287,6.827348232269287,0.0
81,4,What is an organophosphate?,audio__female,0.585743,0.585743,47.5467414855957,47.5467414855957,0.0
81,5,What is an organophosphate?,audio__female,0.646337,0.646337,4.560814380645752,4.560814380645752,0.0
81,6,What is an organophosphate?,audio__female,0.767525,0.68675,27.931446075439453,0.007333934772759676,-80.77500000000003
81,7,What is an organophosphate?,audio__female,1.817822,1.897792,5.6418561935424805,0.00010852920968318358,79.96999999999987
82,0,What years did Zhu Xi live?,audio__female,0.181513,0.1015,22.216800689697266,0.761266827583313,-80.013
82,1,What years did Zhu Xi live?,audio__female,0.342857,0.342857,0.01634795591235161,0.01634795591235161,0.0
82,2,What years did Zhu Xi live?,audio__female,0.484034,0.423529,14.467026710510254,1.9576550722122192,-60.50500000000003
82,3,What years did Zhu Xi live?,audio__female,0.72605,0.746218,4.631235122680664,0.04562930017709732,20.168000000000074
82,4,What years did Zhu Xi live?,audio__female,0.786555,0.766387,2.468365430831909,0.0075430539436638355,-20.167999999999964
82,5,What years did Zhu Xi live?,audio__female,0.927731,0.947899,0.554751992225647,1.8850700855255127,20.168000000000074
82,6,What years did Zhu Xi live?,audio__female,1.048739,0.988235,9.944401741027832,7.202017784118652,-60.50400000000011
82,7,What years did Zhu Xi live?,audio__female,1.129412,1.225375,1.3494499921798706,4.225281238555908,95.96300000000002
82,8,What years did Zhu Xi live?,audio__female,1.331092,1.331092,19.997806549072266,19.997806549072266,0.0
82,9,What years did Zhu Xi live?,audio__female,1.431933,1.492437,8.097052574157715,1.548106074333191,60.50400000000011
82,10,What years did Zhu Xi live?,audio__female,1.67395,1.623529,25.893898010253906,22.279699325561523,-50.42100000000005
82,11,What years did Zhu Xi live?,audio__female,2.137815,2.217792,2.6934658308164217e-05,2.061218395965625e-07,79.9770000000004
83,0,When was Wrestle Kingdom 9?,audio__female,0.141239,0.061208,8.432411193847656,7.277858458110131e-07,-80.031
83,1,When was Wrestle Kingdom 9?,audio__female,0.302655,0.33292,0.5336639285087585,0.40501177310943604,30.264999999999986
83,2,When was Wrestle Kingdom 9?,audio__female,0.40354,0.40354,3.5011987686157227,3.5011987686157227,0.0
83,3,When was Wrestle Kingdom 9?,audio__female,0.524602,0.53469,34.215553283691406,10.083298683166504,10.087999999999987
83,4,When was Wrestle Kingdom 9?,audio__female,0.60531,0.585133,11.446101188659668,1.2953128814697266,-20.177
83,5,When was Wrestle Kingdom 9?,audio__female,1.00885,1.029027,1.337363362312317,0.03917638212442398,20.17699999999989
83,6,When was Wrestle Kingdom 9?,audio__female,1.129912,1.069381,27.594966888427734,0.038433339446783066,-60.53100000000011
83,7,When was Wrestle Kingdom 9?,audio__female,1.432566,1.916814,1.0783864259719849,0.8891292214393616,484.248
84,0,When were the 76ers formed?,audio__female,0.16078,0.08075,8.417902946472168,0.0005597459967248142,-80.03
84,1,When were the 76ers formed?,audio__female,0.301463,0.341659,0.7840859889984131,0.1516972780227661,40.19600000000001
84,2,When were the 76ers formed?,audio__female,0.381854,0.371805,0.49555182456970215,0.7273121476173401,-10.04900000000003
84,3,When were the 76ers formed?,audio__female,0.522537,0.541208,0.24268953502178192,0.05855841189622879,18.670999999999992
84,4,When were the 76ers formed?,audio__female,0.582829,0.582829,101.09574890136719,101.09574890136719,0.0
84,5,When were the 76ers formed?,audio__female,0.643122,0.643122,5.739880084991455,5.739880084991455,0.0
85,0,Who is Jormungand's mother?,audio__female,0.202105,0.122083,8.040887832641602,0.007700429763644934,-80.022
85,1,Who is Jormungand's mother?,audio__female,0.282947,0.323368,4.112468242645264,2.5939338207244873,40.420999999999985
85,2,Who is Jormungand's mother?,audio__female,0.424421,0.404211,2.6111650466918945,5.135006904602051,-20.210000000000004
85,3,Who is Jormungand's mother?,audio__female,0.525474,0.545684,30.377605438232422,12.036057472229004,20.20999999999995
85,4,Who is Jormungand's mother?,audio__female,0.646737,0.586105,48.2448844909668,0.035970620810985565,-60.63200000000002
85,5,Who is Jormungand's mother?,audio__female,1.333895,1.333895,0.8305810689926147,0.8305810689926147,0.0
85,6,Who is Jormungand's mother?,audio__female,1.434947,1.414737,85.11353302001953,274.42462158203125,-20.21000000000006
85,7,Who is Jormungand's mother?,audio__female,1.798737,1.878708,0.0005370563012547791,1.912592466624119e-07,79.97100000000002
86,0,Why Pascal lost popularity?,audio__female,0.161085,0.081083,5.52362585067749,0.0006691796588711441,-80.00200000000001
86,1,Why Pascal lost popularity?,audio__female,0.281898,0.382576,25.41436767578125,0.04790400713682175,100.67800000000004
86,2,Why Pascal lost popularity?,audio__female,0.463119,0.418708,6.282334327697754,0.03577663004398346,-44.41099999999998
86,3,Why Pascal lost popularity?,audio__female,0.885966,0.936305,55.23661422729492,8.101811408996582,50.33900000000002
86,4,Why Pascal lost popularity?,audio__female,1.067186,1.036983,10.067354202270508,7.165062427520752,-30.20299999999998
86,5,Why Pascal lost popularity?,audio__female,1.268542,1.288678,19.990982055664062,0.18019747734069824,20.13599999999993
86,6,Why Pascal lost popularity?,audio__female,1.349085,1.328949,16.192276000976562,2.006040573120117,-20.136000000000152
86,7,Why Pascal lost popularity?,audio__female,2.053831,2.133792,12.39941120147705,7.795109748840332,79.96099999999996
87,0,Why do I feel light-headed?,audio__female,0.181091,0.101083,36.56721115112305,5.946351051330566,-80.008
87,1,Why do I feel light-headed?,audio__female,0.281697,0.342061,41.301700592041016,5.900467395782471,60.364000000000026
87,2,Why do I feel light-headed?,audio__female,0.402424,0.387625,17.858091354370117,0.0633942186832428,-14.799000000000007
87,3,Why do I feel light-headed?,audio__female,0.442667,0.442667,3.3234264850616455,3.3234264850616455,0.0
87,4,Why do I feel light-headed?,audio__female,0.563394,0.563394,28.958555221557617,28.958555221557617,0.0
87,5,Why do I feel light-headed?,audio__female,0.583515,0.643879,17.80425453186035,4.722196102142334,60.363999999999976
87,6,Why do I feel light-headed?,audio__female,0.744485,0.714917,0.12719137966632843,0.03986787796020508,-29.567999999999927
87,7,Why do I feel light-headed?,audio__female,0.905455,0.915515,1.3902570009231567,21.012516021728516,10.059999999999958
87,8,Why do I feel light-headed?,audio__female,1.026182,1.006061,75.7915267944336,19.5419864654541,-20.12099999999983
87,9,Why do I feel light-headed?,audio__female,1.589576,1.669542,0.006566690746694803,0.0007510011200793087,79.96599999999998
88,0,What is social intelligence?,audio__female,0.16097,0.080958,5.049952983856201,0.0004579341330099851,-80.012
88,1,What is social intelligence?,audio__female,0.321939,0.324625,0.059778351336717606,0.011454624123871326,2.6860000000000217
88,2,What is social intelligence?,audio__female,0.422545,0.382303,2.2795467376708984,5.498464584350586,-40.242
88,3,What is social intelligence?,audio__female,0.523152,0.523152,34.185916900634766,34.185916900634766,0.0
88,4,What is social intelligence?,audio__female,0.603636,0.603636,11.098875045776367,11.098875045776367,0.0
88,5,What is social intelligence?,audio__female,0.925576,0.935636,1.3935264348983765,25.415348052978516,10.06000000000007
88,6,What is social intelligence?,audio__female,0.985939,0.975879,14.818219184875488,4.703710079193115,-10.059999999999958
88,7,What is social intelligence?,audio__female,1.690182,1.6235,7.657528400421143,0.012564003467559814,-66.68200000000013
89,0,What is the biggest diamond?,audio__female,0.16128,0.08125,15.247720718383789,6.582867354154587e-05,-80.03
89,1,What is the biggest diamond?,audio__female,0.34272,0.34272,1.9808969497680664,1.9808969497680664,0.0
89,2,What is the biggest diamond?,audio__female,0.44352,0.4032,38.05558395385742,8.539460182189941,-40.32000000000002
89,3,What is the biggest diamond?,audio__female,0.52416,0.54432,9.935662269592285,3.5253138542175293,20.160000000000068
89,4,What is the biggest diamond?,audio__female,0.6048,0.6048,13.518003463745117,13.518003463745117,0.0
89,5,What is the biggest diamond?,audio__female,0.66528,0.68544,125.20384979248047,0.669605553150177,20.160000000000068
89,6,What is the biggest diamond?,audio__female,0.76608,0.736458,38.824947357177734,0.0045029111206531525,-29.622000000000035
89,7,What is the biggest diamond?,audio__female,1.06848,1.06848,0.006210099905729294,0.006210099905729294,0.0
89,8,What is the biggest diamond?,audio__female,1.14912,1.1088,42.10563278198242,0.008324617519974709,-40.31999999999991
89,9,What is the biggest diamond?,audio__female,1.59264,1.672625,9.02592658996582,0.029053617268800735,79.98499999999997
90,0,When did the Vandal War end?,audio__female,0.141386,0.061375,9.306306838989258,7.094906777638244e-07,-80.01100000000001
90,1,When did the Vandal War end?,audio__female,0.30297,0.363564,0.16566114127635956,2.0816948413848877,60.59399999999998
90,2,When did the Vandal War end?,audio__female,0.40396,0.39175,6.335866928100586,0.3832678198814392,-12.209999999999999
90,3,When did the Vandal War end?,audio__female,0.525149,0.545347,0.014388086274266243,0.013990730047225952,20.19800000000005
90,4,When did the Vandal War end?,audio__female,0.585743,0.585743,87.58736419677734,87.58736419677734,0.0
90,5,When did the Vandal War end?,audio__female,0.646337,0.646337,20.496557235717773,20.496557235717773,0.0
90,6,When did the Vandal War end?,audio__female,0.747327,0.706931,37.93239212036133,0.045555196702480316,-40.39599999999999
90,7,When did the Vandal War end?,audio__female,1.050297,1.090693,7.229785442352295,6.100154876708984,40.39599999999987
90,8,When did the Vandal War end?,audio__female,1.151287,1.131089,3.5629210472106934,7.341415882110596,-20.197999999999936
90,9,When did the Vandal War end?,audio__female,1.272475,1.312871,19.21311378479004,0.3703663647174835,40.39599999999987
90,10,When did the Vandal War end?,audio__female,1.454257,1.353267,16.673912048339844,7.072653770446777,-100.98999999999991
90,11,When did the Vandal War end?,audio__female,1.63604,1.716,1.0976837873458862,0.0034139829222112894,79.96000000000004
91,0,When was Activision founded?,audio__female,0.16097,0.080958,6.806699752807617,9.019741992233321e-05,-80.012
91,1,When was Activision founded?,audio__female,0.321939,0.342061,0.3204273581504822,0.1532370001077652,20.12200000000003
91,2,When was Activision founded?,audio__female,0.402424,0.402424,1.4159191846847534,1.4159191846847534,0.0
91,3,When was Activision founded?,audio__female,0.543273,0.543273,9.63874626159668,9.63874626159668,0.0
91,4,When was Activision founded?,audio__female,0.664,0.603636,34.41832733154297,0.15135261416435242,-60.36400000000008
91,5,When was Activision founded?,audio__female,1.187152,1.227394,0.4898499846458435,0.0503842756152153,40.24200000000011
91,6,When was Activision founded?,audio__female,1.348121,1.284833,46.30061340332031,0.011736780405044556,-63.28800000000001
91,7,When was Activision founded?,audio__female,1.851152,1.931125,3.598141120164655e-05,5.914240546189831e-07,79.97300000000007
92,0,When was Hagia Sophia built?,audio__female,0.160865,0.080833,5.780684947967529,0.0006863247253932059,-80.03200000000001
92,1,When was Hagia Sophia built?,audio__female,0.301622,0.331784,1.3592934608459473,1.549752116203308,30.16200000000002
92,2,When was Hagia Sophia built?,audio__female,0.402162,0.392108,10.937374114990234,3.1416261196136475,-10.054000000000007
92,3,When was Hagia Sophia built?,audio__female,0.542919,0.542919,28.364879608154297,28.364879608154297,0.0
92,4,When was Hagia Sophia built?,audio__female,0.643459,0.603243,13.965156555175781,1.8075603246688843,-40.21600000000003
92,5,When was Hagia Sophia built?,audio__female,0.904865,0.9555,18.281238555908203,5.209558963775635,50.634999999999984
92,6,When was Hagia Sophia built?,audio__female,1.045622,1.045622,24.07101058959961,24.07101058959961,0.0
92,7,When was Hagia Sophia built?,audio__female,1.407568,1.427676,38.71484375,43.45005416870117,20.108000000000015
92,8,When was Hagia Sophia built?,audio__female,1.528216,1.498667,26.561124801635742,0.00478851655498147,-29.54900000000005
92,9,When was Hagia Sophia built?,audio__female,1.829838,1.909833,0.09980500489473343,0.0010886637028306723,79.99499999999982
93,0,When was Tylenol introduced?,audio__female,0.160914,0.080875,21.198213577270508,0.00027891487115994096,-80.039
93,1,When was Tylenol introduced?,audio__female,0.301714,0.321829,1.7189147472381592,0.6030765771865845,20.114999999999995
93,2,When was Tylenol introduced?,audio__female,0.402286,0.392229,7.572540760040283,6.078156471252441,-10.056999999999983
93,3,When was Tylenol introduced?,audio__female,0.522971,0.543086,24.153173446655273,18.828659057617188,20.114999999999995
93,4,When was Tylenol introduced?,audio__female,0.663771,0.583314,4.732250690460205,0.021795330569148064,-80.457
93,5,When was Tylenol introduced?,audio__female,1.106286,1.136457,5.05825138092041,12.5630521774292,30.17099999999995
93,6,When was Tylenol introduced?,audio__female,1.226971,1.216914,1.822228193283081,9.190896034240723,-10.056999999999983
93,7,When was Tylenol introduced?,audio__female,1.870629,1.950625,0.006218410562723875,0.003022883553057909,79.99599999999995
94,0,When were Roth IRAs created?,audio__female,0.141,0.060958,2.0009219646453857,4.684059149440145e-07,-80.04199999999999
94,1,When were Roth IRAs created?,audio__female,0.302143,0.342429,10.36469841003418,0.41459381580352783,40.28599999999999
94,2,When were Roth IRAs created?,audio__female,0.382714,0.372643,0.37257683277130127,0.4738537073135376,-10.070999999999996
94,3,When were Roth IRAs created?,audio__female,0.523714,0.523714,20.53265380859375,20.53265380859375,0.0
94,4,When were Roth IRAs created?,audio__female,0.604286,0.564,67.33231353759766,1.9691908359527588,-40.286000000000044
94,5,When were Roth IRAs created?,audio__female,0.805714,0.846,0.0030997004359960556,18.086755752563477,40.28599999999993
94,6,When were Roth IRAs created?,audio__female,0.926571,0.882125,17.30267906188965,0.005607305094599724,-44.445999999999984
94,7,When were Roth IRAs created?,audio__female,1.188429,1.248857,40.83266830444336,0.017822720110416412,60.42800000000015
94,8,When were Roth IRAs created?,audio__female,1.309286,1.269,1.966064214706421,3.7166149616241455,-40.286000000000044
94,9,When were Roth IRAs created?,audio__female,1.853143,1.933125,0.001710481010377407,0.0020675077103078365,79.982
95,0,Who invented fantasy sports?,audio__female,0.18122,0.111875,13.519732475280762,0.003846925450488925,-69.34499999999998
95,1,Who invented fantasy sports?,audio__female,0.261763,0.312102,14.659253120422363,3.712648391723633,50.33899999999997
95,2,Who invented fantasy sports?,audio__female,0.422847,0.41278,2.719546318054199,1.2249850034713745,-10.066999999999993
95,3,Who invented fantasy sports?,audio__female,0.926237,0.946373,3.2726314067840576,0.39731258153915405,20.136000000000042
95,4,Who invented fantasy sports?,audio__female,1.067186,1.015958,29.107934951782227,0.025883283466100693,-51.22800000000005
95,5,Who invented fantasy sports?,audio__female,1.469898,1.517917,11.752498626708984,2.396031618118286,48.019000000000034
95,6,Who invented fantasy sports?,audio__female,1.590712,1.590712,10.01070785522461,10.01070785522461,0.0
95,7,Who invented fantasy sports?,audio__female,2.053831,1.973792,3.8588860034942627,0.017410796135663986,-80.03900000000019
96,0,How can I fix a leaking roof?,audio__female,0.160582,0.080542,1.7346843481063843,0.00018043935415335,-80.04
96,1,How can I fix a leaking roof?,audio__female,0.281018,0.301091,30.584815979003906,0.1174941286444664,20.073000000000008
96,2,How can I fix a leaking roof?,audio__female,0.341236,0.341236,0.024879977107048035,0.024879977107048035,0.0
96,3,How can I fix a leaking roof?,audio__female,0.4416,0.461673,1.621315836906433,0.4027943015098572,20.073000000000008
96,4,How can I fix a leaking roof?,audio__female,0.541964,0.531927,15.509011268615723,17.290531158447266,-10.036999999999964
96,5,How can I fix a leaking roof?,audio__female,0.562036,0.602182,8.564818382263184,23.901973724365234,40.146000000000015
96,6,How can I fix a leaking roof?,audio__female,0.742691,0.66775,33.06661605834961,0.026859663426876068,-74.94100000000003
96,7,How can I fix a leaking roof?,audio__female,0.903273,0.903273,16.136966705322266,16.136966705322266,0.0
96,8,How can I fix a leaking roof?,audio__female,0.983564,0.983564,12.659913063049316,12.659913063049316,0.0
96,9,How can I fix a leaking roof?,audio__female,1.003636,1.003636,38.951351165771484,38.951351165771484,0.0
96,10,How can I fix a leaking roof?,audio__female,1.083927,1.073891,36.27500915527344,32.80625915527344,-10.036000000000156
96,11,How can I fix a leaking roof?,audio__female,1.425164,1.4352,4.851792812347412,8.159634590148926,10.035999999999934
96,12,How can I fix a leaking roof?,audio__female,1.505455,1.495418,10.280046463012695,24.51165771484375,-10.037000000000074
96,13,How can I fix a leaking roof?,audio__female,1.926982,2.006958,0.00010597464279271662,1.6140279512910638e-06,79.97600000000004
97,0,How do I grow a tomato plant?,audio__female,0.181513,0.1015,40.53666687011719,0.014290444552898407,-80.013
97,1,How do I grow a tomato plant?,audio__female,0.282353,0.302521,6.803791046142578,37.39213562011719,20.167999999999964
97,2,How do I grow a tomato plant?,audio__female,0.363025,0.3455,26.149810791015625,0.029353080317378044,-17.525000000000013
97,3,How do I grow a tomato plant?,audio__female,0.403361,0.403361,2.887990713119507,2.887990713119507,0.0
97,4,How do I grow a tomato plant?,audio__female,0.52437,0.514286,15.511953353881836,16.98908042907715,-10.083999999999982
97,5,How do I grow a tomato plant?,audio__female,0.544538,0.605042,19.966964721679688,34.82612228393555,60.504000000000005
97,6,How do I grow a tomato plant?,audio__female,0.685714,0.656042,16.129833221435547,0.020860575139522552,-29.672000000000033
97,7,How do I grow a tomato plant?,audio__female,0.867227,0.877311,14.48696517944336,46.659767150878906,10.083999999999982
97,8,How do I grow a tomato plant?,audio__female,0.968067,0.968067,12.1141939163208,12.1141939163208,0.0
97,9,How do I grow a tomato plant?,audio__female,0.988235,0.988235,0.035650938749313354,0.035650938749313354,0.0
97,10,How do I grow a tomato plant?,audio__female,1.048739,1.028571,3.7904601097106934,16.386337280273438,-20.168000000000184
97,11,How do I grow a tomato plant?,audio__female,1.472269,1.552941,61.02127456665039,0.0029878427740186453,80.67199999999985
97,12,How do I grow a tomato plant?,audio__female,1.633613,1.573109,3.6167752742767334,0.0060920738615095615,-60.50399999999989
97,13,How do I grow a tomato plant?,audio__female,1.996639,2.076625,0.5461892485618591,0.0004475677851587534,79.98599999999989
98,0,How do I grow as a performer?,audio__female,0.180692,0.100667,26.815746307373047,0.00977029837667942,-80.02499999999999
98,1,How do I grow as a performer?,audio__female,0.281077,0.301154,8.063000679016113,34.50035858154297,20.076999999999956
98,2,How do I grow as a performer?,audio__female,0.361385,0.347917,9.197650909423828,0.05426785722374916,-13.468000000000035
98,3,How do I grow as a performer?,audio__female,0.401538,0.401538,2.549492120742798,2.549492120742798,0.0
98,4,How do I grow as a performer?,audio__female,0.542077,0.522,11.385072708129883,13.690189361572266,-20.077000000000012
98,5,How do I grow as a performer?,audio__female,0.562154,0.622385,26.077613830566406,1.510521650314331,60.23099999999992
98,6,How do I grow as a performer?,audio__female,0.702692,0.662538,11.033956527709961,0.03419692814350128,-40.154000000000025
98,7,How do I grow as a performer?,audio__female,0.883385,0.903462,70.63006591796875,39.57606887817383,20.077000000000012
98,8,How do I grow as a performer?,audio__female,0.963692,0.963692,54.05057144165039,54.05057144165039,0.0
98,9,How do I grow as a performer?,audio__female,1.044,1.044,4.330962657928467,4.330962657928467,0.0
98,10,How do I grow as a performer?,audio__female,1.104231,1.104231,22.881643295288086,22.881643295288086,0.0
98,11,How do I grow as a performer?,audio__female,1.124308,1.124308,0.2171960473060608,0.2171960473060608,0.0
98,12,How do I grow as a performer?,audio__female,1.204615,1.169792,4.008477687835693,0.012450899928808212,-34.82300000000005
98,13,How do I grow as a performer?,audio__female,1.806923,1.886917,0.00010441784979775548,5.950409445176774e-07,79.9939999999999
99,0,How is Alzheimer's diagnosed?,audio__female,0.181593,0.101583,8.104532241821289,0.01845482550561428,-80.00999999999999
99,1,How is Alzheimer's diagnosed?,audio__female,0.302655,0.33292,9.616500854492188,6.463699817657471,30.264999999999986
99,2,How is Alzheimer's diagnosed?,audio__female,0.423717,0.413628,2.148115396499634,1.0163065195083618,-10.089000000000015
99,3,How is Alzheimer's diagnosed?,audio__female,0.524602,0.544779,17.931848526000977,17.437278747558594,20.177
99,4,How is Alzheimer's diagnosed?,audio__female,0.665841,0.60531,112.21682739257812,0.2790074944496155,-60.531
99,5,How is Alzheimer's diagnosed?,audio__female,1.210619,1.210619,0.8514179587364197,0.8514179587364197,0.0
99,6,How is Alzheimer's diagnosed?,audio__female,1.27115,1.250973,91.25057983398438,0.030432341620326042,-20.177000000000113
99,7,How is Alzheimer's diagnosed?,audio__female,2.138761,2.21875,7.84776420914568e-05,6.449528200391796e-07,79.98899999999986
