sample_id,dataset_config,transcript,audio_column,duration_sec,n_words,n_raw_boundaries,n_refined_boundaries,raw_mean_flux,refined_mean_flux,raw_median_flux,refined_median_flux,percent_reduction,refined_boundary_rate,runtime_sec
0,single_sentence_500,OH OH I I,audio__original,3.085,4,8,8,18.03486418351531,6.288331739837304,13.623122215270996,0.9646039307117462,65.1323587699367,0.25,1.1281981670035748
1,single_sentence_500,AND NOW I SAID,audio__original,1.89,4,8,8,30.139167809858918,18.1077222507447,16.166348457336426,8.300382852554321,39.91963426136329,0.25,0.22023908401024528
2,single_sentence_500,I AM VERY GLAD,audio__original,2.11,4,8,8,31.569773379414983,6.1253088660128014,16.73846197128296,1.2863491773605347,80.5975519925436,0.0,0.20675633299106266
3,single_sentence_500,MINSTREL A D J,audio__original,2.21,4,8,8,34.196462988853455,14.073364565032534,15.866693496704102,1.1964890956878662,58.84555496391591,1.0,0.22238083300180733
4,single_sentence_500,NOW TO BED BOY,audio__original,2.15,4,8,8,67.30533961951733,25.625392343848944,28.53471279144287,2.682426333427429,61.92665769356278,0.25,0.2000162499898579
5,single_sentence_500,O LOVE O TROTH,audio__original,2.51,4,8,8,75.36405862122774,16.137284578755498,67.9914379119873,2.64014595746994,78.5875590115709,0.5,0.2119496670056833
6,single_sentence_500,EVER YOUR'S W H,audio__original,3.135,4,8,8,17.60360222682357,1.4495475217700005,14.633503437042236,1.3410707116127014,91.76561988226906,0.5,0.21894462499767542
7,single_sentence_500,HE SAID WHY YOU,audio__original,2.235,4,8,8,11.64795482007321,5.184569868608378,1.321521520614624,0.22360584372654557,55.4894404322922,0.25,0.21957937499973923
8,single_sentence_500,I KNEW YOU ALSO,audio__original,1.835,4,8,8,47.55752232368104,38.67321760393679,52.84074020385742,41.39896488189697,18.68117657450029,0.0,0.23981854200246744
9,single_sentence_500,TIED TO A WOMAN,audio__original,2.49,4,8,8,4.679338840287528,3.5192329994820284,4.5325011014938354,2.1785876750946045,24.792088805738533,0.75,0.22492462499940302
10,single_sentence_500,TO A MAN REVIEW,audio__original,3.57,4,8,8,42.67016139626503,16.303613408410456,29.858891487121582,8.134872198104858,61.7915356424278,0.5,0.23010829200211447
11,single_sentence_500,AN AS FOR FEEDIN,audio__original,1.845,4,8,8,28.295622600475326,17.955769217805937,19.184030294418335,0.4923114478588104,36.54223668680008,0.5,0.20390804100316018
12,single_sentence_500,AND OH ANNE DEAR,audio__original,1.91,4,8,8,21.929787531495094,12.952613168396056,11.238391876220703,1.7586338222026825,40.93598421875365,0.25,0.21127862500725314
13,single_sentence_500,AND WOOD AND SEA,audio__original,2.325,4,8,8,42.25957417115569,49.17089093429968,34.41898059844971,24.13023042678833,-16.354440144504135,0.0,0.2987452499946812
14,single_sentence_500,ELEVEN P M MAJOR,audio__original,3.38,4,8,8,48.1934794485569,7.470896369733964,17.033437252044678,2.0411085337400436,84.49811788810847,0.5,0.2743279169953894
15,single_sentence_500,HOW WAS THAT HOW,audio__original,3.215,4,8,8,21.223029998596758,4.151918506322545,6.571415424346924,0.11848030891269445,80.43673072790706,0.0,0.25201270800607745
16,single_sentence_500,I SLEEP ON A BED,audio__original,1.845,5,10,10,52.888392583280805,12.76286658719182,30.969545364379883,0.43983039259910583,75.8683031118884,0.8,0.05093391699483618
17,single_sentence_500,IT IS THE DELUGE,audio__original,2.73,4,8,8,12.548565734359727,1.0827160780363556,4.155867978930473,0.009036600626131985,91.37179418782716,1.0,0.2703358750004554
18,single_sentence_500,LOOK AT THAT MAN,audio__original,2.25,4,8,8,61.76058312691748,6.739269534125924,12.811692953109741,0.8986646234989166,89.08807334238283,0.75,0.24124524999933783
19,single_sentence_500,NO SAID THE TREE,audio__original,2.675,4,8,8,48.58623480889946,11.452311848290265,15.286981105804443,1.0287236720323563,76.42889618153214,0.25,0.27593379199970514
20,single_sentence_500,ONCE UPON A TIME,audio__original,1.855,4,8,8,13.524421024369076,7.832411296782084,4.897988677024841,1.9171314239501953,42.08690129751805,0.5,0.2516048329998739
21,single_sentence_500,TO DAY I SHOUTED,audio__original,2.26,4,8,8,26.05934240343049,5.602902410784736,15.566754341125488,3.8771612644195557,78.49944820538848,0.5,0.23546541700488888
22,single_sentence_500,AND LOVE BE FALSE,audio__original,2.335,4,8,8,39.14336181432009,5.703372485470027,41.72376823425293,0.6695624589920044,85.42952822365011,0.5,0.22602958300558385
23,single_sentence_500,AND SO IN MY VIEW,audio__original,2.26,5,10,10,6.212466077506543,0.8632613644935191,1.2838889360427856,0.20527224987745285,86.10436896196299,0.8,0.07186145799641963
24,single_sentence_500,AND WHAT A SCREAM,audio__original,1.975,4,8,8,22.141672156751156,10.98312438314315,8.680071592330933,0.7692473530769348,50.396138532860014,0.25,0.2413589579955442
25,single_sentence_500,BY WHAT RIGHT SIR,audio__original,2.305,4,8,8,20.292198496870697,0.43800515960901976,10.611215353012085,0.35355542600154877,97.84150958469796,0.25,0.2297098749986617
26,single_sentence_500,DEATH OF A FRIEND,audio__original,2.195,4,8,8,15.080132492817938,5.685300360899419,3.8436014652252197,1.569407343864441,62.2994004621173,0.25,0.2776055419963086
27,single_sentence_500,FACE AND FIGURE I,audio__original,3.025,4,8,8,29.206902027130127,7.307910851202905,18.18930721282959,1.966794729232788,74.978822319414,0.5,0.21163854100450408
28,single_sentence_500,I GIVE MY CONSENT,audio__original,2.44,4,8,8,53.44537855646922,9.191325568157481,37.806732177734375,8.27882832288742,82.80239411449556,1.0,0.20048308299737982
29,single_sentence_500,IT IS REMARKED BY,audio__original,1.505,4,8,8,45.86677249148488,46.34568798728287,10.924487709999084,12.904139161109924,-1.0441447474572185,0.25,0.1995946250099223
30,single_sentence_500,MAGNIFICENT A D J,audio__original,2.96,4,8,8,15.306708063930273,3.323434002872091,2.8350303173065186,0.37017256394028664,78.28772856324576,0.5,0.10755158300162293
31,single_sentence_500,SO IT SEEMS TO ME,audio__original,2.28,5,10,10,42.56560747511685,38.19845215678215,17.379133224487305,17.379133224487305,10.25982143186295,0.2,0.09232483300729655
32,single_sentence_500,VERY WELL HE SAID,audio__original,2.015,4,8,8,5.402125048451126,1.0632566725835204,3.4476088285446167,0.7517362236976624,80.3178071028109,0.0,0.2067599170113681
33,single_sentence_500,BUT NOW IN A FLASH,audio__original,2.905,5,10,10,7.928758716583252,3.0786582604050636,4.134907007217407,1.214116096496582,61.170993210249264,0.2,0.2210445419914322
34,single_sentence_500,BUT YOU DON'T MEAN,audio__original,2.06,4,8,8,5.29422143924603,0.8407377933217504,2.6293675899505615,0.08232573233544827,84.11970857340106,0.75,0.20436266699107364
35,single_sentence_500,DONE THE LATIN YES,audio__original,3.045,4,8,8,16.095868438482285,4.7471484488633,8.87337350845337,3.741661310195923,70.50703746115535,0.25,0.2507454170117853
36,single_sentence_500,EMILY AT THIS TIME,audio__original,2.11,4,8,8,55.66073362529278,1.6389043366652913,61.337486267089844,0.6254575848579407,97.05554664856132,0.5,0.060506875001010485
37,single_sentence_500,HE KNOWS THEM BOTH,audio__original,1.915,4,8,8,25.884460561850574,10.45594276546035,9.71591854095459,7.302181959152222,59.6053286856181,0.5,0.18910304200835526
38,single_sentence_500,I DO THINK THIS IS,audio__original,1.93,5,10,10,21.221614865958692,2.0932559486012905,1.7315239906311035,0.3506214916706085,90.13620800385435,1.0,0.24878220800019335
39,single_sentence_500,I HAVE SAID ENOUGH,audio__original,1.96,4,8,8,23.607461548119318,13.410386436837143,23.10699462890625,14.005615234375,43.19428876542858,0.25,0.21031008299905807
40,single_sentence_500,I WILL PRACTICE IT,audio__original,1.98,4,8,8,56.1210302815507,23.00660832147696,5.636647582054138,1.4627678394317627,59.00537070318151,0.5,0.09034520899876952
41,single_sentence_500,IN SKY SEA FLOWERS,audio__original,3.035,4,8,8,13.940073339268565,1.2093996101175435,7.12677001953125,0.05429977737367153,91.3242952122015,0.25,0.21719170799769927
42,single_sentence_500,IT IS PERHAPS WELL,audio__original,1.845,4,8,8,30.777951955795288,9.758951134572271,8.433258533477783,4.35518679022789,68.29239597037345,0.5,0.05397820800135378
43,single_sentence_500,MARY JANE IS A MAN,audio__original,4.17,5,10,10,23.927219381090254,16.73598844758235,18.82416796684265,4.680482625961304,30.054603583361434,0.2,0.2513728329940932
44,single_sentence_500,MISSUS L H HORNSBY,audio__original,1.915,4,8,8,30.885234892368317,4.632544558029622,12.82277536392212,0.9456552565097809,85.00077925852422,0.75,0.05285179200291168
45,single_sentence_500,ONCE YOUNG NOW OLD,audio__original,2.425,4,8,8,7.255875800328795,8.82135195902083,6.613059043884277,0.6102396287024021,-21.575288797268243,0.0,0.20113025000318885
46,single_sentence_500,SATURDAY NIGHT W H,audio__original,3.93,4,8,8,24.921990428119898,6.3128717020154,28.3860502243042,0.6863345503807068,74.6694722469178,0.5,0.23659933300223202
47,single_sentence_500,SHE'S A HANDY MAID,audio__original,1.91,4,8,8,76.7284848690033,63.71370428800583,39.8399019241333,25.74146270751953,16.96212378390801,0.25,0.05226899999252055
48,single_sentence_500,SO HERE I AM AGAIN,audio__original,3.05,5,10,10,9.194282512180507,3.812013375014067,6.702587842941284,4.8912177085876465,58.5393055960164,0.2,0.2339395000017248
49,single_sentence_500,TAKE A CUP OF RICE,audio__original,1.9099375,5,10,10,3.8973245347882766,3.1131357362303076,1.5650963187217712,0.21558422408998013,20.12120857675945,1.0,0.2063585829891963
50,single_sentence_500,THE GK FORTY THREE,audio__original,1.985,4,8,8,25.6243532220833,5.141643782146275,9.856402933597565,2.131994843482971,79.93454220060018,0.5,0.2162244589999318
51,single_sentence_500,WHICH HE COULD NOT,audio__original,1.705,4,8,8,76.42998141050339,51.84818255901337,47.631134033203125,19.883389472961426,32.16250795543419,0.0,0.2163507500081323
52,single_sentence_500,AFTER A FEW SECONDS,audio__original,1.91,4,8,8,26.26806151866913,12.273129500448704,11.360236644744873,5.495769739151001,53.27736882401469,0.75,0.05474408400186803
53,single_sentence_500,AHEM A COMMON RUMOR,audio__original,2.51,4,8,8,9.797365128528327,5.444811309273064,9.69422960281372,0.028673305176198483,44.425758988825855,0.25,0.06518999999389052
54,single_sentence_500,ALL ARE MAN HUNTERS,audio__original,2.0350625,4,8,8,83.12427368760109,83.63655854482204,16.217588424682617,19.607412338256836,-0.6162879198755161,0.25,0.21629154199035838
55,single_sentence_500,AND DON'T YER SPEAK,audio__original,1.65,4,8,8,42.15117803742396,14.562947336067062,23.130676746368408,1.3179622292518616,65.45067536869945,0.75,0.21360087499488145
56,single_sentence_500,AND I BOUGHT THINGS,audio__original,2.56,4,8,8,8.227453157305717,7.337029637303203,7.03315281867981,0.469001442193985,10.822589967733165,0.5,0.16551624999556225
57,single_sentence_500,AT YOUR SERVICE SIR,audio__original,2.61,4,8,8,4.885846138349734,1.7172018144046888,1.894362211227417,1.6105179190635681,64.85354295285487,0.25,0.2465939589892514
58,single_sentence_500,BUT NO HAND SHAKING,audio__original,2.03,4,8,8,54.09594011306763,6.418363034725189,34.73005962371826,6.608043670654297,88.13522230816218,0.25,0.20519920799415559
59,single_sentence_500,DON CLAVIJO BEING A,audio__original,1.755,4,8,8,45.13554248679429,14.114262131392024,22.13191509246826,0.5214103683829308,68.72916253189699,0.25,0.2541278749995399
60,single_sentence_500,FOR ASKED THE INCAS,audio__original,1.775,4,8,8,54.25445048045367,14.503354717977345,37.342403411865234,8.141587734222412,73.26789859718053,0.75,0.21432741699391045
61,single_sentence_500,HE NODS HIS CONSENT,audio__original,2.385,4,8,8,21.460787176794838,9.097690683091429,8.652896642684937,3.617411971092224,57.607842582174264,0.75,0.22282241599168628
62,single_sentence_500,HER AUNT INDEED AND,audio__original,2.095,4,8,8,24.426543618974392,5.182832823953504,4.127690076828003,2.2867879569530487,78.7819639782048,0.5,0.21262804100115318
63,single_sentence_500,I'VE ONLY JUST COME,audio__original,2.12,4,8,8,31.163780553230026,11.562067727103567,8.157727241516113,0.9011062979698181,62.89902084455156,1.0,0.21009416600281838
64,single_sentence_500,IT IS A DUTY SAID I,audio__original,2.14,6,12,12,33.62704014165016,28.530395045643672,17.590155601501465,7.5517618060112,15.156389246681956,0.5,0.23798750000423752
65,single_sentence_500,NO ITS NOT TOO SOON,audio__original,2.23,5,10,10,20.540486208163202,12.167867278121411,8.988317012786865,3.8311721980571747,40.76154208420998,0.6,0.2013517919986043
66,single_sentence_500,OH YES THAT IS WELL,audio__original,3.425,5,10,10,39.56949074268341,8.423847731132991,21.470574378967285,2.8591692447662354,78.71125563401243,0.0,0.25117779200081713
67,single_sentence_500,RUN MASSA HARRY RUN,audio__original,3.435,4,8,8,12.755810134112835,1.5930285097565502,1.544301450252533,0.007159115979447961,87.51134978486142,0.5,0.23708670800260734
68,single_sentence_500,SO LET A SAGE DWELL,audio__original,2.01,5,10,10,45.00739107131958,11.354284270107746,20.522746086120605,6.372177004814148,74.77240071055101,0.4,0.21146583299560007
69,single_sentence_500,THE MAN IN THE MOON,audio__original,2.32,5,10,10,56.353814504295585,48.391478434018794,59.80767250061035,56.65639305114746,14.12918742114584,0.0,0.2325570420071017
70,single_sentence_500,THERE JUST IN FRONT,audio__original,1.795,4,8,8,31.243786484003067,3.4498680506367236,7.806398868560791,0.26295842230319977,88.9582267744562,0.75,0.21169687500514556
71,single_sentence_500,TOM THE PIPER'S SON,audio__original,2.04,4,8,8,14.58299742609961,2.4636278719990514,2.1807684898376465,0.12567020021378994,83.10616260831381,0.5,0.08817020800779574
72,single_sentence_500,WHEN IT IS POSSIBLE,audio__original,2.025,4,8,8,38.22018124163151,23.129923060536385,27.976746559143066,6.5386803150177,39.48243490969632,0.5,0.19599216600181535
73,single_sentence_500,WHY THIS WAS MACKAY,audio__original,2.52,4,8,8,6.754203804768622,3.510674803517759,4.482970237731934,2.1072780191898346,48.02237384309987,0.0,0.09915087500121444
74,single_sentence_500,YOUR FRIEND AS EVER,audio__original,1.885,4,8,8,13.355417072540149,8.606237273052102,6.529589653015137,1.6788681745529175,35.55995124444864,0.25,0.24776558298617601
75,single_sentence_500,A DANGEROUS AGE WELL,audio__original,1.88,4,8,8,15.661563329398632,5.297566240653396,7.561734914779663,0.6058297902345657,66.17472898947943,0.5,0.23091016699618194
76,single_sentence_500,ANDERS FACE GREW RED,audio__original,2.165,4,8,8,61.41814210101438,10.387718208830847,28.867839813232422,2.3616204783320427,83.0868895517123,0.0,0.21371050000016112
77,single_sentence_500,ARRIVES THE SNOW AND,audio__original,3.215,4,8,8,11.178723532706499,2.1953608140029246,7.321306228637695,0.6488453429192305,80.36125674295657,0.5,0.07819095900049433
78,single_sentence_500,BUT I AM QUAITE APPY,audio__original,1.87,5,10,10,19.35639049001038,7.625234349328093,8.227472305297852,2.517302270978689,60.60611427908839,0.4,0.21305137500166893
79,single_sentence_500,DID THEY LAUGH AT ME,audio__original,1.99,5,10,10,32.05102801640751,6.446289104409516,0.830795019865036,0.4297822415828705,79.88741858417289,0.2,0.20886379200965166
80,single_sentence_500,HE TECK DAT TIME TOO,audio__original,1.95,5,10,10,45.7815126542002,5.856863302174406,23.8747501373291,0.6793703098082915,87.2069248860062,0.6,0.2168444169947179
81,single_sentence_500,IT IS IN FACT STATED,audio__original,2.0,5,10,10,46.90805205702782,46.87486944440752,23.209588050842285,2.853610396385193,0.07073969428522163,0.4,0.20609358399815392
82,single_sentence_500,JUST SO MONSIEUR FIX,audio__original,2.735,4,8,8,97.79708051681519,27.978132682386786,44.33107948303223,12.326510667800903,71.39164836564191,0.5,0.2703453339927364
83,single_sentence_500,LADY DEAR OUR THANKS,audio__original,2.11,4,8,8,19.92597559094429,16.24314217083156,11.53097677230835,2.6509612798690796,18.482575185861702,0.25,0.06127958299475722
84,single_sentence_500,LEARNED AS THE MUSES,audio__original,2.0700625,4,7,7,20.97748658486775,15.112692266702652,12.304010391235352,1.2210726737976074,27.95756438426569,0.0,0.22524474999227095
85,single_sentence_500,LOOK CLOSELY AT LIFE,audio__original,2.19,4,8,8,0.2882398588117212,0.19975832710042596,0.2607278749346733,0.13614611327648163,30.69718812521746,0.5,0.2040546659991378
86,single_sentence_500,MARY CAREY CORY CALL,audio__original,2.7,4,8,8,8.067896693944931,2.113565241917968,6.975149631500244,1.8021974563598633,73.80277261725193,0.0,0.14261262500076555
87,single_sentence_500,MEANS NEWS PATTEN ME,audio__original,3.11,4,8,8,4.402678586309776,0.3389366496121511,0.7334635257720947,0.030000559985637665,92.30158089064048,0.5,0.2656446250039153
88,single_sentence_500,NO SIR CERTAINLY NOT,audio__original,3.36,4,8,8,58.10302158072591,26.13250537426211,33.924412965774536,0.7514264285564423,55.02384443474304,0.25,0.11103808399639092
89,single_sentence_500,NO WHERE SAID DROUET,audio__original,2.925,4,8,8,43.604076023213565,0.5679425267444458,4.500874876976013,0.5213329493999481,98.69750129221386,0.5,0.21753420800087042
90,single_sentence_500,NOW DURING THIS TIME,audio__original,2.315,4,8,8,29.13726942241192,20.29083143826574,13.346433162689209,6.656467914581299,30.361245784210787,0.0,0.19996091700159013
91,single_sentence_500,NOW THAT TOO IS OVER,audio__original,3.03,5,10,10,47.295848813652995,4.895875553041696,12.706667423248291,1.8237079977989197,89.64840324077576,0.0,0.21134762500878423
92,single_sentence_500,O THOR THE THUNDERER,audio__original,2.435,4,8,8,51.58059191261418,6.833520860353019,4.549864292144775,0.6794955879449844,86.75175951464438,0.5,0.20385079200787004
93,single_sentence_500,OH YES HE IS OLD MAN,audio__original,2.04,6,12,12,55.81574738398194,33.806854431755106,30.51968479156494,10.41268253326416,39.431332524883416,0.0,0.060588708001887426
94,single_sentence_500,ONE YOUNG PINE THREE,audio__original,4.025,4,8,8,50.989019450731575,0.2862971904978622,21.270928382873535,0.024073460139334202,99.43851206871217,0.25,0.24348541599465534
95,single_sentence_500,SO IT IS SAID ANDERS,audio__original,2.155,5,10,10,20.080681555904448,16.35909884161483,17.36084747314453,12.402714252471924,18.533149404958007,0.4,0.2111944170028437
96,single_sentence_500,THE COMMON HOUSE FLY,audio__original,2.095,4,8,8,8.261304592713714,0.424957437091507,3.991647243499756,0.2527836039662361,94.85604927984001,0.75,0.05937633299618028
97,single_sentence_500,THE HUNTER WENT AWAY,audio__original,1.77,4,8,8,29.646349416696467,21.89439679235511,21.236361980438232,17.392536163330078,26.148084930738726,0.25,0.19584362499881536
98,single_sentence_500,THE LOVE THE PASSION,audio__original,2.375,4,8,8,35.26858423260228,4.9513135517089495,3.56271942704916,0.018378963693976402,85.96112188951447,0.25,0.210394791996805
99,single_sentence_500,THERE WAS NO MAN SIR,audio__original,2.655,5,10,10,20.4550878405571,23.63843129873276,12.150189876556396,3.6679351925849915,-15.562599794188715,0.0,0.21470637500169687
100,single_sentence_500,TO THESE THREE SIRES,audio__original,2.36,4,8,8,103.67961487174034,5.35476048104465,38.382774353027344,2.3582476377487183,94.83528127716437,0.25,0.21334637500694953
101,single_sentence_500,WHAT I BUY EM OF HIM,audio__original,2.325,6,12,12,51.49001879215939,7.044568042775306,27.782431602478027,1.907698154449463,86.31857550642805,0.3333333333333333,0.06715674999577459
102,single_sentence_500,WITH THIS HE LEFT ME,audio__original,1.94,5,10,10,16.428260326385498,6.431390632782131,8.697721004486084,3.1478218734264374,60.85166350540082,0.6,0.23509504199319053
103,single_sentence_500,A FRENCHMAN YOUR NAME,audio__original,2.75,4,8,8,40.06849384307861,30.0304396180436,13.032745599746704,6.515400409698486,25.052237462050183,0.25,0.26952995800820645
104,single_sentence_500,AND ALL I'M SORRY FOR,audio__original,2.12,5,10,10,20.934131264686584,9.186485177278518,10.508608341217041,3.90606427192688,56.117189382608686,0.4,0.060209249990293756
105,single_sentence_500,AND JOY THAT IT BROKE,audio__original,2.18,5,10,10,105.55522965490817,58.240113490074876,85.30072784423828,4.028864800930023,44.82498528923736,0.2,0.19860383300692774
106,single_sentence_500,AND RUINED LONG SINCE,audio__original,2.35,4,8,8,49.10243788175285,3.006133216113085,7.133587598800659,2.9669342041015625,93.87783306533095,0.25,0.20733299999847077
107,single_sentence_500,AND THERE WAS MY AUNT,audio__original,1.49,5,10,10,23.131561189889908,14.0848556779325,6.418251276016235,5.761327743530273,39.109792191248395,0.4,0.21669754199683666
108,single_sentence_500,BUT WHERE YOU GO I GO,audio__original,2.365,6,12,12,67.16652118352552,42.991941546245165,36.12383842468262,14.555402755737305,35.992007939827396,0.3333333333333333,0.21087295800680295
109,single_sentence_500,CHAPTER TEN DON DIEGO,audio__original,3.205,4,8,8,7.007952006533742,1.0880331748485332,4.286799311637878,0.15673980116844177,84.47430613345918,0.75,0.21994100000301842
110,single_sentence_500,FORGIVE WHAT HE ASKED,audio__original,3.91,4,8,8,8.505896319169551,6.384397653397173,5.2634758949279785,0.45377044193446636,24.941506293595463,0.75,0.2474592499929713
111,single_sentence_500,FURTHER IT IS SAID DE,audio__original,2.035,5,10,10,66.75334493153932,22.3180572076948,46.845252990722656,9.47989821434021,66.56638370618928,0.4,0.06463525000435766
112,single_sentence_500,HAREM WHAT'S DE HAREM,audio__original,3.455,4,8,8,34.314361430704594,12.63830257114023,34.5374641418457,0.6888338029384613,63.16905795649912,0.25,0.23227591699105687
113,single_sentence_500,HE SAID THEY ARE NICE,audio__original,2.7,5,10,10,32.31443956680596,9.846154619962908,11.2863187789917,1.720871239900589,69.53017056165481,0.2,0.07685412499995437
114,single_sentence_500,I DON'T KNOW I RECKON,audio__original,2.42,5,10,10,10.541862243413926,4.640863008983433,5.415719270706177,0.702386811375618,55.97681982722898,0.2,0.21272500000486616
115,single_sentence_500,I MUST KNOW ABOUT YOU,audio__original,1.9,5,10,10,9.91175722241751,1.7842012665525544,2.1970046162605286,0.39584851264953613,81.99914277039383,0.2,0.19139716700010467
116,single_sentence_500,I RETURNED TO MY BOOK,audio__original,1.88,5,10,10,11.007242864370346,1.9957822732627393,1.7384697794914246,1.1750802993774414,81.8684633576775,0.6,0.0560446250019595
117,single_sentence_500,IF I CAN GET PATIENTS,audio__original,2.36,5,10,10,11.513333514984698,4.338398544075903,6.640345573425293,0.28810640424489975,62.318484577646934,1.0,0.0652885419985978
118,single_sentence_500,IT SEEMS REAL STRANGE,audio__original,2.005,4,8,8,6.277091555297375,5.347867084667087,2.7675514221191406,2.453162670135498,14.803423885797798,0.5,0.19810595799935982
119,single_sentence_500,IT WAS WHITE AND HARD,audio__original,2.19,5,10,10,7.997541981935501,3.4387074653059244,3.0343220829963684,1.3374102711677551,57.002945741665044,0.2,0.06034625000029337
120,single_sentence_500,LET THEM THE REALISTS,audio__original,2.42,4,8,8,27.691897278418764,13.826576871739235,20.16408920288086,0.06264942232519388,50.06995464151618,0.25,0.0646836250089109
121,single_sentence_500,LUNCH EIGHT POINT ONE,audio__original,2.47,4,8,8,16.66987143876031,3.596803944907151,8.460249722003937,0.025703084655106068,78.42332523006768,0.25,0.27971816700301133
122,single_sentence_500,NEVER SEEN AFTER LENT,audio__original,2.395,4,8,8,34.165370751172304,9.536940007237718,8.317779541015625,2.2827510833740234,72.08594609818341,0.5,0.23926562500128057
123,single_sentence_500,NO SAID BUTTON BRIGHT,audio__original,2.985,4,8,8,44.99839140700351,29.490442194808566,1.677370548248291,0.6240649074316025,34.46334130464339,0.25,0.3124417920043925
124,single_sentence_500,NOW CUT DOWN AND DEAD,audio__original,2.635,5,10,10,41.9035601605312,15.255528802669142,12.774429321289062,4.731862425804138,63.59371675288282,0.2,0.2531330829951912
125,single_sentence_500,O'ER CITY PASSION SEA,audio__original,3.265,4,8,8,46.74093505204655,15.465882265008986,39.990126609802246,2.024737671017647,66.91148294789663,0.0,0.28921933300443925
126,single_sentence_500,PERHAPS SO SAID POLLY,audio__original,2.195,4,8,8,6.127441121265292,2.997318832320161,3.5281522274017334,0.6116600632667542,51.08367794970788,0.5,0.07419266599754337
127,single_sentence_500,RETURNED THE WOOZY SO,audio__original,3.2400625,4,8,8,8.052456840639934,1.287700102888266,3.686505079269409,0.642332598567009,84.00860596495998,0.25,0.2004025409987662
128,single_sentence_500,SAID HE LET'S GO HOME,audio__original,2.04,5,10,10,18.382504396885633,3.9005634151399136,5.797053039073944,1.4557358622550964,78.7811098481187,0.2,0.0805337499914458
129,single_sentence_500,SO HE RUBBED THE RING,audio__original,2.175,5,10,10,32.313900562759954,4.696425010584062,9.454174041748047,3.9213610887527466,85.46623920729508,0.2,0.2889262079988839
130,single_sentence_500,SUPPOSE IT'S A FRIEND,audio__original,1.955,4,8,8,10.979662301167991,5.545998342742678,7.1592323780059814,0.8854601681232452,49.48844335446722,0.5,0.1946217090007849
131,single_sentence_500,SURE PHAT COULD OI DO,audio__original,2.15,5,10,10,55.98319168493617,23.535471780982334,53.50984191894531,3.8635972142219543,57.95975350345164,0.2,0.06184816600580234
132,single_sentence_500,THANK YOU DORCAS DEAR,audio__original,1.905,4,8,8,21.99959124624729,2.3680640272796154,12.189832925796509,1.0618273541331291,89.23587260884422,0.5,0.21945262500958052
133,single_sentence_500,THE CHILD TURNED BACK,audio__original,2.09,4,8,8,14.346846853848547,3.101673994504381,1.3424702286720276,0.7560328301042318,78.38079665796143,0.75,0.21946812499663793
134,single_sentence_500,THE MAN ANSWERED BACK,audio__original,1.885,4,8,8,9.13023216696456,2.0355149584356695,1.4070104360580444,0.7840141952037811,77.70577000439631,0.25,0.056166958005633205
135,single_sentence_500,THEY DID SO SHE CRIED,audio__original,2.445,5,10,10,7.511658386979252,5.9714692465378905,3.6366164684295654,0.7043810337781906,20.50398275713834,0.8,0.28017395800270606
136,single_sentence_500,THREE THE MASTER SAID,audio__original,3.12,4,8,8,32.956449724850245,21.639095486025326,8.089309215545654,1.4650405645370483,34.340331963279596,0.0,0.127168500010157
137,single_sentence_500,TO ADD TO OUR CONCERN,audio__original,2.28,5,10,10,29.828058310225607,15.486216943297768,26.0052490234375,2.3651241585612297,48.08171292199464,0.4,0.08212233299855143
138,single_sentence_500,TO RULE BY AGA'S SIDE,audio__original,2.41,5,10,10,28.890747594926506,10.553438174328766,18.781825065612793,7.072590589523315,63.4712181135041,0.6,0.23999016599555034
139,single_sentence_500,VAUNTING IN THE FIELD,audio__original,1.825,4,8,8,32.250271551311016,25.968349739909172,32.45557975769043,20.716013431549072,19.47866330801942,0.25,0.2204414579900913
140,single_sentence_500,VERY GOOD NOW OBSERVE,audio__original,3.165,4,8,8,39.20961403846741,5.751029919832945,10.380940437316895,1.3521510064601898,85.33260257499404,0.25,0.2954574169998523
141,single_sentence_500,YET ON BOTH OCCASIONS,audio__original,1.89,4,8,8,36.58697062730789,13.394827331590932,19.318047523498535,3.55144727230072,63.389077854963865,0.25,0.05486654199194163
142,single_sentence_500,YOU ARE POSITIVE THEN,audio__original,1.92,4,8,8,23.41143292747438,14.656451967763132,12.701663494110107,0.1488800346851349,37.39617727301467,0.25,0.09218116699776147
143,single_sentence_500,YOU KNOW CAPTAIN LAKE,audio__original,2.19,4,8,8,34.83289305213839,25.47528062388301,24.369020462036133,2.7627906799316406,26.864298679552018,0.0,0.062411999999312684
144,single_sentence_500,YOU SAW IT ASKED WEBB,audio__original,2.37,5,10,10,23.228816970437766,7.733172319503501,18.36356782913208,4.526899814605713,66.70871215979209,0.6,0.21080425000400282
145,single_sentence_500,YOU THINK YOU KNOW ME,audio__original,1.77,5,10,10,47.523633813858034,21.29134364540223,15.456851959228516,2.5986875891685486,55.198409850566584,0.2,0.05602204200113192
146,single_sentence_500,ALL HAIL SAID THE GIRL,audio__original,2.59,5,10,10,15.053323494642973,9.601872006356643,12.315715312957764,1.6496086120605469,36.214271819949516,0.4,0.2509859589918051
147,single_sentence_500,AND MUST I SAY FINALLY,audio__original,1.9,5,10,10,16.513384199887515,16.349874812737106,14.935251712799072,7.846073627471924,0.9901627986801321,0.2,0.05533529100648593
148,single_sentence_500,AY I'M ONE SURE ENOUGH,audio__original,2.435,5,10,10,8.604065650794656,5.965308172785444,1.9769808948040009,0.5354908108711243,30.668727844556848,0.4,0.06828125000174623
149,single_sentence_500,BROAD DAYLIGHT THAT IS,audio__original,1.75,4,8,8,33.209897466003895,10.036809948273003,27.676628351211548,1.1074497997760773,69.77765451234102,0.25,0.2124713340017479
150,single_sentence_500,BUT HE DID NOT TELL ME,audio__original,1.81,6,12,12,12.940883576249083,10.123818886311104,6.1104888916015625,5.06345272064209,21.768719835392456,0.16666666666666666,0.3230663750000531
151,single_sentence_500,BUT WHERE IS THAT PONY,audio__original,2.285,5,10,10,43.75010993010365,10.484866086807596,18.526833057403564,1.7270742058753967,76.03465201902692,0.8,0.3314324579987442
152,single_sentence_500,END IN I AND FIVE IN T,audio__original,4.02,7,14,14,146.12636778290783,49.74611339531839,146.98560333251953,2.775883913040161,65.95678510997855,0.14285714285714285,0.14521341599174775
153,single_sentence_500,GAVE HIM UP AS A SLAVE,audio__original,1.98,6,12,12,58.99124757448832,43.83009338875612,63.3476619720459,39.81730651855469,25.70068409993905,0.5,0.06854108300467487
154,single_sentence_500,HAM TO BE OR NOT TO BE,audio__original,2.16,7,14,14,28.206633819001063,18.398241407038377,10.796195268630981,10.291312217712402,34.77335322925127,0.7142857142857143,0.11388362500292715
155,single_sentence_500,HE ONLY SHOOK HIS HEAD,audio__original,2.295,5,10,10,45.838637011358514,6.43828533841297,21.258774757385254,0.6820483803749084,85.95445729152549,0.4,0.23519775000750087
156,single_sentence_500,HE WILL BE LIKE MINDED,audio__original,1.985,5,10,10,22.657824560720474,10.911496230581543,14.376617908477783,4.308172821998596,51.84226004866471,0.2,0.07435362500837073
157,single_sentence_500,HERE SOME OF YOU GIRLS,audio__original,2.055,5,10,10,31.763728687167166,18.36679332219064,9.83086109161377,2.6862168312072754,42.17683476936701,0.0,0.28704241701052524
158,single_sentence_500,HOW ABSURD IS IT GLASS,audio__original,3.255,5,10,10,10.049745399213862,6.690456032764632,6.6164480447769165,1.243285471573472,33.4266116504007,0.4,0.35707179199380334
159,single_sentence_500,I AM WICKED I SEE THAT,audio__original,2.765,6,12,12,61.92339385162146,26.326531253022647,63.27402877807617,5.73932147026062,57.48532240318529,0.3333333333333333,0.3256794170010835
160,single_sentence_500,I NEVER HAD ANY FAMILY,audio__original,2.755,5,10,10,26.7234246969223,7.146429213136434,17.56821918487549,2.9774585962295532,73.25780922847258,0.2,0.277192624998861
161,single_sentence_500,IN CONSEQUENCE OF THIS,audio__original,1.79,4,8,8,51.56918536871672,37.090394816710614,17.735739707946777,1.7628458440303802,28.076438377848284,0.25,0.32539399999950547
162,single_sentence_500,IN THE LINES FOLLOWING,audio__original,2.04,4,8,8,70.43167009577155,23.019685636274517,24.448537826538086,12.974354028701782,67.31628597621948,0.5,0.060838458011858165
163,single_sentence_500,IN VAIN IF NONE REGARD,audio__original,2.23,5,10,10,41.47777282595634,18.506497660279273,40.569993019104004,4.117388963699341,55.382132647445076,0.2,0.0635247499885736
164,single_sentence_500,IT MUST BE FASCINATING,audio__original,2.12,4,8,8,15.648513245396316,0.6926421696553007,10.755772113800049,0.046498239040374756,95.57375094493996,0.25,0.06311737500072923
165,single_sentence_500,IT WAS WILD YET SO LOW,audio__original,2.91,6,12,12,11.249208212985346,1.1045531891286373,2.556315779685974,0.2655467987060547,90.18105836236889,0.5,0.2656955830025254
166,single_sentence_500,KNOW THOU O MY BROTHER,audio__original,2.425,5,10,10,126.35087566375732,82.9878668481484,136.5256004333496,57.022390365600586,34.31951586232436,0.0,0.09176491700054612
167,single_sentence_500,LETTER FROM ADAM SMITH,audio__original,2.115,4,8,8,62.12389186397195,8.524616191862151,14.312263011932373,7.994139671325684,86.27803903443804,0.0,0.26966441700642463
168,single_sentence_500,LOOK AT IT PANTED DICK,audio__original,2.515,5,10,10,30.178441429603843,23.723548361484426,12.199991226196289,0.34636591374874115,21.389086918807628,0.4,0.2734901249932591
169,single_sentence_500,NIX ON DE GOIN' IN ACT,audio__original,2.07,6,12,12,19.820171667224106,13.150614984333515,13.973640322685242,1.8244445323944092,33.65034771076071,0.5,0.06834479099779855
170,single_sentence_500,NO GOOD MY DEAR WATSON,audio__original,2.0,5,10,10,30.083974755369127,6.562532484903931,11.768780708312988,0.24825535714626312,78.18595269319354,0.2,0.060645332996500656
171,single_sentence_500,NU AND HIS CONSORT NUT,audio__original,2.11,5,10,10,68.55639230012893,18.570267328619956,46.19584274291992,7.544679641723633,72.91242040957714,0.8,0.06846966600278392
172,single_sentence_500,O FRIEND I WILL OF YOU,audio__original,2.83,6,12,12,16.815420909319073,12.573407986977449,14.257093906402588,2.0531153082847595,25.226920843775662,0.5,0.31610599999839906
173,single_sentence_500,OF PROPERTY AND RICHES,audio__original,2.585,4,8,8,16.128734342753887,10.822960287798196,10.64159369468689,0.7409881055355072,32.89640676200611,0.75,0.23778687500453088
174,single_sentence_500,OF THE BIG ROUND WORLD,audio__original,2.07,5,10,10,23.80823231160175,3.684056619141484,17.833494186401367,1.4531943798065186,84.52612285143806,0.2,0.06172462498943787
175,single_sentence_500,OH HOW DOES THIS GO OH,audio__original,2.355,6,12,12,14.62803219181175,12.836733168379093,7.83693790435791,6.9231116771698,12.245659566126484,0.3333333333333333,0.22847074999299366
176,single_sentence_500,PETER STARED VERY HARD,audio__original,2.55,4,8,8,23.508313346770592,17.917854080376856,16.19902467727661,8.575477600097656,23.78077569381095,0.25,0.24237341700063553
177,single_sentence_500,SAID SIR RICHMOND WELL,audio__original,2.245,4,8,8,15.845685850828886,13.359278659726442,10.139947175979614,2.2836926877498627,15.691382591510738,0.25,0.2526729590026662
178,single_sentence_500,THANK YOU SAID TROT OH,audio__original,2.645,5,10,10,79.76707619111986,4.75333426152356,8.86275053024292,3.152702569961548,94.04098220908249,0.6,0.12174650000815745
179,single_sentence_500,THE MOAT AND THE TENTS,audio__original,2.185,5,10,10,47.113326001167295,21.810057500004767,26.67354965209961,2.130234718322754,53.70724304315855,0.6,0.23363645900099073
180,single_sentence_500,THE PALM AND THE COCOA,audio__original,2.7,5,10,10,34.35766951330006,13.200172822270542,31.23413372039795,0.10899358242750168,61.58012749624746,0.6,0.07246433300315402
181,single_sentence_500,THE PROBLEM WAS SOLVED,audio__original,2.385,4,8,8,29.925503830658272,5.788308422488626,12.699463844299316,0.11996642872691154,80.65760745335027,0.25,0.0699529999983497
182,single_sentence_500,THE RIFF COAST PIRATES,audio__original,2.355,4,8,8,21.459161829203367,3.503792025061557,3.937334179878235,0.15500757656991482,83.67227922064825,0.75,0.06810841700644232
183,single_sentence_500,THE SKY WAS CLEAR BLUE,audio__original,2.055,5,10,10,5.518865424394607,5.47537926248624,2.4782530069351196,0.8976574540138245,0.7879547436715675,0.4,0.060765791989979334
184,single_sentence_500,THE TIME FOR WINE CAME,audio__original,2.075,5,10,10,18.518639101833106,3.265655167773366,8.1845223903656,1.2907174080610275,82.36557692055185,0.6,0.2312982920120703
185,single_sentence_500,THEN CLEAR AND RINGING,audio__original,1.88,4,8,8,4.1097849532961845,6.837847728282213,4.325316071510315,5.951028823852539,-66.37969640718138,0.0,0.05418258399004117
186,single_sentence_500,TO HIS KIN THE KINDEST,audio__original,2.31,5,10,10,50.3966261010617,43.82044719760306,19.42841339111328,4.239525094628334,13.048847536482409,0.6,0.22912279100273736
187,single_sentence_500,TO REVIVE THE SICK MAN,audio__original,2.605,5,10,10,23.43482149615884,16.052994542918533,6.050503253936768,1.3126714378595352,31.499394840495153,0.6,0.2553303749882616
188,single_sentence_500,WHICH I WAS SO HE SAID,audio__original,2.975,6,12,12,44.23142439353978,31.16483823482916,13.836879253387451,2.18186354637146,29.541409389065624,0.3333333333333333,0.27259670800413005
189,single_sentence_500,WON'T YOU TELL DOUGLAS,audio__original,2.0,4,8,8,43.07673192024231,39.14336023549549,11.749743461608887,3.5875614881515503,9.131081930796322,0.5,0.10637049999786541
190,single_sentence_500,YES SAID GINGER SLOWLY,audio__original,3.115,4,8,8,20.06441325508058,16.205869400779193,12.69052505493164,9.635467290878296,19.230783403667946,0.5,0.2622951249941252
191,single_sentence_500,AGAIN CALM AND PLEASANT,audio__original,2.625,4,8,8,33.602037362754345,4.396226111366212,27.22315502166748,0.7423864156007767,86.91678702720824,0.75,0.2845044170098845
192,single_sentence_500,AM I A WHAT HE DEMANDED,audio__original,3.275,6,12,12,25.623103651218116,7.78856906791528,13.546746253967285,6.576249599456787,69.60333465479692,0.0,0.25961883399577346
193,single_sentence_500,AN'T YOU DRIV THE CROSS,audio__original,2.3,5,10,10,36.153839321434496,29.884896863251925,19.350289344787598,5.158658266067505,17.339631352695395,0.4,0.2287984170106938
194,single_sentence_500,AND THE PRINCE WILL DIE,audio__original,2.245,5,10,10,29.81174480021,9.366423280443996,5.3823219537734985,0.292891763150692,68.58143210598658,0.4,0.06641749999835156
195,single_sentence_500,AND THIS AND HERE AGAIN,audio__original,2.42,5,10,10,32.97033869670704,15.817749622301198,6.746666431427002,3.2178436517715454,52.024303517752394,0.2,0.06664941700000782
196,single_sentence_500,AS SUM AND CROWN OF ALL,audio__original,2.16,6,12,12,47.546467979749046,48.1498195885797,9.071402072906494,5.246846675872803,-1.2689725114547648,0.3333333333333333,0.06205537499045022
197,single_sentence_500,AT E'EN IN THE GLOAMING,audio__original,2.275,5,10,10,4.3647728958516385,1.1955166047642707,0.5178630575537682,0.07084580138325691,72.60987837647836,0.2,0.24480858400056604
198,single_sentence_500,BUT BEFORE HE COULD ACT,audio__original,1.94,5,10,10,65.07344401376322,4.404607328231213,16.056850910186768,1.8777998983860016,93.23132900834382,0.4,0.056429083007969894
199,single_sentence_500,BUT PERHAPS THE POYSERS,audio__original,1.99,4,8,8,25.919251706451178,1.0569722871296108,3.1768823862075806,0.7305293381214142,95.92205709061217,0.5,0.05952495799283497
200,single_sentence_500,BY NO MEANS SAID SANCHO,audio__original,2.015,5,10,10,64.85347982048988,23.393744124099612,25.749844551086426,5.350453853607178,63.92831319329057,0.8,0.07009587500942871
201,single_sentence_500,BY REASON AND AFFECTION,audio__original,2.69,4,8,8,79.951893449208,12.101264100537719,60.7126522064209,1.8430252075195312,84.86431830632574,0.5,0.2979930000001332
202,single_sentence_500,COSTUMIER THAN THE POET,audio__original,3.37,4,8,8,64.98752355575562,23.04756130487658,62.144174575805664,10.71656608581543,64.5354061151398,0.0,0.26205449999542907
203,single_sentence_500,DARK CLOUDS CAME NEARER,audio__original,2.57,4,8,8,10.693315163254738,1.9468195703811944,1.1775097846984863,0.8827479183673859,81.79405038887268,0.0,0.2630089999875054
204,single_sentence_500,EFFULGENCE OF MY GLORIE,audio__original,2.865,4,8,8,44.6228030504617,12.991034202545336,35.95965766906738,0.8907327353954315,70.88700548942562,0.25,0.27065849999780767
205,single_sentence_500,FOR IF WE DIED WITH HIM,audio__original,1.935,6,12,12,9.27269914249579,5.439089343883097,3.125472664833069,0.5306811630725861,41.34297618957213,0.5,0.23703587500494905
206,single_sentence_500,HE AWOKE AND WAS IN BED,audio__original,2.72,6,12,12,34.76200439738265,25.50304628617596,17.129480361938477,13.818444728851318,26.635282607305083,0.0,0.28077412499987986
207,single_sentence_500,HE COULD GET NO FURTHER,audio__original,2.18,5,10,10,38.81836043894291,3.6161656022071837,14.959588050842285,0.662316769361496,90.68439377316047,0.6,0.062271041999338195
208,single_sentence_500,HE COULD WAIT NO LONGER,audio__original,2.085,5,10,10,12.248007184825838,4.886149599868804,4.078778862953186,2.2926457971334457,60.10657467671723,0.6,0.19876829200075008
209,single_sentence_500,HE ENTERED THE TAP ROOM,audio__original,2.155,5,10,10,13.914708597958088,10.53516693096608,0.9998277723789215,0.8069075345993042,24.287548986027193,0.6,0.06138104198907968
210,single_sentence_500,HENS AT A DOLLAR APIECE,audio__original,2.785,5,10,10,10.952382226660848,5.099484672024846,1.9263235926628113,0.3853963315486908,53.43949319435347,0.4,0.26095454099413473
211,single_sentence_500,HER FATHER ONLY LAUGHED,audio__original,2.135,4,8,8,82.19891087326687,56.00862382771447,48.42489814758301,23.445343613624573,31.862085236058924,0.25,0.23573712499637622
212,single_sentence_500,HIS HOME WAS DISMANTLED,audio__original,2.22,4,8,8,8.832265454140725,4.084321954156621,6.413182735443115,2.6052296459674835,53.756802539921196,0.25,0.24944066700118128
213,single_sentence_500,I ALLUDE TO THE GODDESS,audio__original,2.145,5,10,10,42.908968889713286,8.591841663513332,14.902008533477783,0.7819840610027313,79.97658325093643,0.6,0.2640010000031907
214,single_sentence_500,I KNOW WE WILL AN KEITH,audio__original,2.11,6,12,12,69.60014637311299,12.732007114837566,22.603883743286133,6.261181473731995,81.70692480072711,0.3333333333333333,0.06110166700091213
215,single_sentence_500,I SHALL CALL YOU ESPRIT,audio__original,2.86,5,10,10,20.138613593229092,8.718886449583806,14.84402322769165,5.380932331085205,56.70562718123144,0.4,0.27168520900886506
216,single_sentence_500,I SPEAK OF THIS TO SHOW,audio__original,2.36,6,12,12,49.195917834838234,27.357789198557537,32.385053634643555,17.63366460800171,44.39012340332019,0.5,0.0665409590001218
217,single_sentence_500,I SUPPOSE HE CAN'T HEAR,audio__original,2.855,5,10,10,6.433533153819735,1.3574237774032212,2.144325613975525,0.31663272622972727,78.90080388258686,0.8,0.2354961670062039
218,single_sentence_500,I WILL RETURN TO MORROW,audio__original,2.085,5,10,10,27.064335966110228,22.490570604801178,10.317481994628906,15.21190071105957,16.899603105120654,0.2,0.06129724999482278
219,single_sentence_500,IT HAS JUST BEEN STATED,audio__original,1.735,5,10,10,25.45846808888018,11.247436751041096,10.429343700408936,0.3704160749912262,55.82044955818146,0.8,0.2902990000002319
220,single_sentence_500,IT WAS A GLAD DAY TO ME,audio__original,2.08,7,14,14,14.053255279149328,2.6865638786195114,4.6982197761535645,0.407233864068985,80.8829781765543,0.5714285714285714,0.3338420420041075
221,single_sentence_500,IT WAS THE BEAUTY OF IT,audio__original,2.355,6,12,12,14.820371484636174,4.791836333626027,7.8166913986206055,1.7879192233085632,67.66723196787896,0.3333333333333333,0.08985150000080466
222,single_sentence_500,LIKE A BEAUTIFUL FLOWER,audio__original,1.82,4,8,8,11.512720866128802,4.3917810909915715,2.6263847947120667,0.8501628935337067,61.85279620639039,0.5,0.3224627080053324
223,single_sentence_500,LITER ROUGHLY ONE QUART,audio__original,2.35,4,8,8,21.747246160870418,7.0566499072592705,4.449135065078735,0.38007632503286004,67.55152420191838,0.25,0.11236250000365544
224,single_sentence_500,MISTER BELL GROWLED OUT,audio__original,1.935,4,8,8,15.344936974346638,7.109393226914108,10.802456855773926,5.459150284528732,53.66945306585846,0.25,0.06519287500123028
225,single_sentence_500,NAME'S JENNIE STONE AND,audio__original,2.285,4,8,8,37.64263386465609,4.969428760930896,19.669925689697266,1.462033748626709,86.7984031648836,0.25,0.07467120799992699
226,single_sentence_500,OF MODES AND SUBSTANCES,audio__original,2.985,4,8,8,17.31583884358406,10.621639413759112,12.492394924163818,4.686499863862991,38.65940016128824,0.5,0.08635304099880159
227,single_sentence_500,OF RESPECT AND CONTEMPT,audio__original,2.795,4,8,8,14.583981429692358,5.708314286312088,3.6826049089431763,0.22748253867030144,60.85901292571447,0.5,0.3236346250050701
228,single_sentence_500,OH IT WILL BE ALL RIGHT,audio__original,1.825,6,12,12,7.320366092918751,10.459875559996968,2.6945641040802,2.309412956237793,-42.8873286831266,0.0,0.0672669589985162
229,single_sentence_500,ONLY FOR A MINUTE OR SO,audio__original,1.98,6,12,12,32.353568793584905,21.86690841242671,19.669259071350098,17.03366994857788,32.41268512930635,0.16666666666666666,0.06675949999771547
230,single_sentence_500,PUSHED IT ASIDE ENTERED,audio__original,2.425,4,8,8,19.284343524836004,11.2916049247724,14.253278732299805,0.7974214963614941,41.446775669443355,0.25,0.0794071249983972
231,single_sentence_500,REALLY FRANKLY HE ASKED,audio__original,3.905,4,8,8,6.683059968287125,6.106364510400454,1.1861537098884583,0.21046509593725204,8.629212675379886,0.0,0.3816962910059374
232,single_sentence_500,S'POSE HE CAN'T WRITEHE,audio__original,2.315,4,8,8,13.880431364290416,6.572259312495589,7.624822497367859,0.3521230071783066,52.650900105282346,0.0,0.08358654199400917
233,single_sentence_500,SLANG MAKES ONE SHUDDER,audio__original,2.63,4,8,8,8.853046044707298,1.8475305289030075,9.22882890701294,1.2987261712551117,79.13113159501148,0.0,0.3283437500067521
234,single_sentence_500,SUCH WOES SUCH JARRINGS,audio__original,2.395,4,8,8,28.01190087199211,4.3437558912846725,23.872520923614502,2.553045630455017,84.49317698525842,0.5,0.07567329199810047
235,single_sentence_500,THAT ALSO SEEMS NATURAL,audio__original,2.46,4,8,8,21.25104157626629,11.551930676067059,16.147910594940186,0.8695834279060364,45.64063773246506,0.25,0.33910254199872725
236,single_sentence_500,THE BEAU IMPATIENT SITS,audio__original,2.785,4,8,8,118.2045664191246,25.645693698897958,71.04627990722656,10.239745378494263,78.30397380083899,0.0,0.09403754200320691
237,single_sentence_500,THE FIFTH MAN WAS SAVED,audio__original,2.575,5,10,10,27.488618241064252,1.5987407839857042,13.844742774963379,0.8610039055347443,94.18399000646237,0.2,0.34998870799608994
238,single_sentence_500,THE MOTHER WAS A WRETCH,audio__original,1.77,5,10,10,50.800852817296985,22.272931584902107,53.70009422302246,12.562111139297485,56.15638252175467,0.2,0.06761050000204705
239,single_sentence_500,THE PORTER DID NOT STIR,audio__original,1.98,5,10,10,27.57827819660306,5.809921204904095,7.333324551582336,0.11977401003241539,78.9329806469944,0.8,0.07832441700156778
240,single_sentence_500,THE USE OF SUCH A TITLE,audio__original,2.045,6,12,12,14.30740975557516,6.23773876670748,6.121776819229126,2.5602880716323853,56.402040108784725,0.3333333333333333,0.2799418750073528
241,single_sentence_500,THEN THEY GO TO THE WAR,audio__original,2.485,6,12,12,20.715954209367435,5.517554231608908,15.72282361984253,3.8355709314346313,73.36567663818278,0.5,0.3335246670030756
242,single_sentence_500,WHAT IS MISTER HUXTABLE,audio__original,2.23,4,8,8,32.52243657410145,15.008215237408876,20.688199043273926,4.3529969453811646,53.85273424021265,0.5,0.07594083300500643
243,single_sentence_500,WILL YOU FORGIVE ME NOW,audio__original,1.82,5,10,10,32.02812309265137,16.170758080482482,8.960370063781738,9.4343581199646,49.510753303577914,0.4,0.05689508299110457
244,single_sentence_500,YOU KNOW HIM I THINK SO,audio__original,2.375,6,12,12,24.726263416193735,3.2716568740822063,5.473279714584351,1.020688533782959,86.76849462042239,0.5,0.073437750004814
245,single_sentence_500,YOU MUST ANSWER HE SAID,audio__original,2.205,5,10,10,60.48526892142909,35.356889540822884,14.217602968215942,2.587421178817749,41.54462702852194,0.2,0.24651337499381043
246,single_sentence_500,AMONG MEN WHO ARE GREEDY,audio__original,2.135,5,10,10,58.15918517112732,22.57202149629593,14.119951725006104,13.96654224395752,61.18924047873071,0.4,0.06213299999944866
247,single_sentence_500,AND AS RECORDED BY TYCHO,audio__original,2.335,5,10,10,24.742708010692148,12.458487162936944,9.878073692321777,1.841713786125183,49.64784308349265,0.4,0.06642462500894908
248,single_sentence_500,AND BEING OF A READY WIT,audio__original,1.935,6,12,12,42.11871778716644,31.997752129410703,43.5397891998291,9.953704595565796,24.029614835140094,0.5,0.056354624990490265
249,single_sentence_500,AND REFUSED TO APOLOGISE,audio__original,2.18,4,8,8,22.87473201751709,17.235646642686334,10.97264838218689,9.552671194076538,24.65202814403438,0.25,0.06405016699864063
250,single_sentence_500,AND WHAT O FOOLISH HELEN,audio__original,2.31,5,10,10,15.713672238588334,6.59330810457468,10.91877794265747,4.446294069290161,58.04094673437709,0.4,0.0909258749888977
251,single_sentence_500,AS FAST AS FAST MIGHT BE,audio__original,2.555,6,12,12,43.57898290579518,2.2776730029533305,10.015135765075684,1.4844883680343628,94.77345993164415,0.3333333333333333,0.27300783300597686
252,single_sentence_500,BILL GREGG SMILED SOURLY,audio__original,2.31,4,8,8,6.146032867953181,4.756767067941837,5.546976923942566,0.24917945265769958,22.604268962753086,0.5,0.07765920899691992
253,single_sentence_500,BLUSHED TO HER VERY HAIR,audio__original,2.415,5,10,10,4.845859773829579,3.4489595174789427,2.1647446155548096,0.10628671944141388,28.826675173200396,0.4,0.3099097910017008
254,single_sentence_500,BUT ALL THIS WAS IN VAIN,audio__original,1.995,6,12,12,7.315101240140696,3.8887932260210314,3.9668054580688477,2.7780256867408752,46.838832459600575,0.5,0.32506895798724145
255,single_sentence_500,BUT HAS A FORM IN MATTER,audio__original,2.975,6,12,12,19.37083316842715,14.5257632623252,15.278905391693115,1.8289766311645508,25.012191597411583,0.6666666666666666,0.0831426249933429
256,single_sentence_500,BUT THIS WAS AN ACCIDENT,audio__original,2.32,5,10,10,27.47643263498321,13.538325934874592,20.99000835418701,5.102308511734009,50.727497580462874,0.2,0.07415837500593625
257,single_sentence_500,CALLED SIMEON THE SYRIAN,audio__original,2.415,4,8,8,21.639227290594135,15.284300134640944,14.237333297729492,5.234017550945282,29.367625149514794,0.25,0.07869454199681059
258,single_sentence_500,CAME TO INQUIRE ABOUT IT,audio__original,2.02,5,10,10,23.75085393115878,15.013061875104905,17.197474241256714,7.585619211196899,36.78938063187174,0.4,0.2869569160102401
259,single_sentence_500,CHAPTER ONE MY EDUCATION,audio__original,3.125,4,8,8,18.772130069322884,10.305956710511964,10.163431167602539,3.2584323287010193,45.099694747194434,0.5,0.27932741699623875
260,single_sentence_500,CHERRY BLOSSOM IN A MIST,audio__original,1.93,5,10,10,25.834310978651047,12.426459248363972,10.36974287033081,7.003565311431885,51.89939743841844,0.2,0.0732236249896232
261,single_sentence_500,CLOTHO FROM TIME TO TIME,audio__original,1.87,5,10,10,10.779349565505981,3.091324703709688,7.150957345962524,1.9108712375164032,71.32178815684802,0.8,0.08432999999786261
262,single_sentence_500,COME ALONG NOW COME SLOW,audio__original,3.505,5,10,10,9.454211175441742,5.272773756168317,6.096553564071655,1.010992169380188,44.22830569022116,0.2,0.3982892079948215
263,single_sentence_500,DAGDA THE IRISH CORN GOD,audio__original,2.13,5,10,10,28.558938966691493,16.751242734119295,23.058839797973633,0.18601950258016586,41.345010213242176,0.8,0.276216458005365
264,single_sentence_500,EXTREME A BLISS IN PROOF,audio__original,3.17,5,10,10,8.001264399290084,7.675659570097923,4.464067459106445,2.841662645339966,4.069417193875643,0.0,0.2983816250052769
265,single_sentence_500,FURTHER THE APOSTLE SAYS,audio__original,2.2,4,8,8,42.124701583758,18.880367377307266,5.613765716552734,2.506276845932007,55.17981928069738,1.0,0.26392662500438746
266,single_sentence_500,HE LOOKED ROUND THE ROOM,audio__original,1.79,5,10,10,7.6478158086538315,8.393960901908576,3.704683303833008,5.62249231338501,-9.756316207438594,0.2,0.062322790996404365
267,single_sentence_500,HE TOLD ME IN CONFIDENCE,audio__original,2.28,5,10,10,18.061257576942445,8.938579512410797,10.862142562866211,1.238864153623581,50.509650425327735,0.4,0.07677037500252482
268,single_sentence_500,HE WAS THERE SHE KNEW IT,audio__original,3.0499375,6,12,12,21.235916386273555,1.2693538251308685,2.7251306772232056,0.3480396829545498,94.02260866900309,0.3333333333333333,0.28905399999348447
269,single_sentence_500,HER FAVORITE SON OH DEAR,audio__original,2.395,5,10,10,32.38686550557613,41.52759179720888,4.695250034332275,1.5311115980148315,-28.223559609555185,0.2,0.07874933400307782
270,single_sentence_500,I GRANT SAID THE SENATOR,audio__original,2.2,5,10,10,17.250005626678465,3.317859944701195,8.49743366241455,2.4905545115470886,80.76603557989647,0.4,0.0726613750011893
271,single_sentence_500,I HAVE NOT HAD IT ON YET,audio__original,2.15,7,14,14,16.594539296979615,15.36592421552632,4.167344331741333,0.9290589988231659,7.403731188107864,0.7142857142857143,0.07026204200519715
272,single_sentence_500,IN PURSUING THIS INQUIRY,audio__original,2.515,4,8,8,15.688883751630783,2.6707780808210373,11.262818336486816,0.1922547072172165,82.97662138937436,0.25,0.08017849999305326
273,single_sentence_500,IN SCOTLAND WHERE HE LAY,audio__original,2.285,5,10,10,10.712477540969848,10.896377292275428,9.484219074249268,2.920944094657898,-1.7166873918965577,0.0,0.07686708300025202
274,single_sentence_500,IT WAS NOT WITHOUT TEARS,audio__original,1.91,5,10,10,16.58754773437977,4.012759965844452,8.935942888259888,3.849900960922241,75.80860034224646,0.6,0.061562791001051664
275,single_sentence_500,MAN IS ALWAYS THE MASTER,audio__original,2.15,5,10,10,81.84535446166993,41.66502595897764,51.11143684387207,36.036338806152344,49.09298611628552,0.2,0.07798358399304561
276,single_sentence_500,MARTHA HE CALLED QUICKLY,audio__original,2.08,4,8,8,16.599575461819768,0.9958831919357181,18.486061096191406,0.5615415424108505,94.00055022957471,0.5,0.09449399998993613
277,single_sentence_500,NO HARM RETORTED DIAMOND,audio__original,3.185,4,8,8,26.912608683109283,2.5368007596116513,11.66746997833252,0.4110458008944988,90.57393213165626,0.0,0.2832198339892784
278,single_sentence_500,NO MORE THAN THE DANCING,audio__original,2.175,5,10,10,54.710246509313585,31.891083031892776,53.74136161804199,18.05540704727173,41.709122026229934,0.2,0.06272491700656246
279,single_sentence_500,O ENONE QUICKLY REPENTED,audio__original,3.24,4,8,8,39.622145970817655,5.778209163341671,45.114524841308594,0.9753295183181763,85.41671829789983,0.5,0.0944045000069309
280,single_sentence_500,OF BENEVOLENCE AND ANGER,audio__original,2.575,4,8,8,24.364783311262727,7.223817854654044,14.193068027496338,1.1273106336593628,70.35139708665169,0.25,0.08616545800759923
281,single_sentence_500,OF THE EFFECTS OF CUSTOM,audio__original,2.44,5,10,10,29.501502454280853,23.144202211126686,13.277286529541016,5.496686935424805,21.549072807414536,0.4,0.07928941700083669
282,single_sentence_500,OH YOU ARE THERE ARE YOU,audio__original,2.1450625,6,12,12,9.736368656497993,14.19136295155234,7.500215291976929,3.49946665763855,-45.75622033458144,0.0,0.0799552499956917
283,single_sentence_500,OLD WINDBAG HE SPUTTERED,audio__original,2.845,4,8,8,23.39916601870209,18.614533969172044,5.451750993728638,1.2196361720561981,20.44787427768095,0.25,0.3273822080082027
284,single_sentence_500,PLEASE DON'T TEASE ME SO,audio__original,2.4,5,10,10,19.93815143024549,0.4775098311190959,0.42886343598365784,0.06374058546498418,97.60504461614866,0.4,0.12023204100842122
285,single_sentence_500,QUITE SATISFIED SAID EVA,audio__original,2.67,4,8,8,1.8448288277140819,0.9255343029508367,1.0016825199127197,0.5288679897785187,49.83088463022005,0.25,0.28921795800852124
286,single_sentence_500,SAY I SAID WHERE'S BILLY,audio__original,3.795,5,10,10,49.213874007575214,2.189523345811176,6.632775783538818,0.18022464215755463,95.55100387855231,0.4,0.3239002500049537
287,single_sentence_500,SHE WAS ALONE THAT NIGHT,audio__original,2.435,5,10,10,15.563489318486244,5.1487213103333485,7.804479360580444,2.8877731561660767,66.91795004981486,0.2,0.07693866699992213
288,single_sentence_500,TANGALIA THE RETURN LARI,audio__original,4.365,4,8,8,7.008891365956515,3.947053158772178,4.306054651737213,0.47992531955242157,43.68505726963116,0.25,0.34388412500265986
289,single_sentence_500,THE CHARACTER OF PANURGE,audio__original,2.35,4,8,8,9.341217745211907,3.13425585362711,3.685651049017906,0.17956970632076263,66.44703143512892,0.5,0.07365716699860059
290,single_sentence_500,THE COUNT SHOOK HIS HEAD,audio__original,2.3,5,10,10,6.006031783297658,1.1195932485163211,1.6640263795852661,0.16225268691778183,81.35885241849986,0.8,0.06665754200366791
291,single_sentence_500,THE PRINCESS INQUIRED NO,audio__original,3.31,4,8,8,27.854333889728878,1.4067560020484962,4.733203291893005,0.24604582041502,94.94959740334258,0.75,0.30408529200940393
292,single_sentence_500,THE ROMANCE OF ORTHODOXY,audio__original,2.495,4,8,8,19.861192954238504,13.251997946528718,14.73710560798645,2.1539988815784454,33.27692864642022,0.75,0.2352625000057742
293,single_sentence_500,THERE SEEMS TO BE DANGER,audio__original,2.5,5,10,10,26.671674178214744,12.535206606803694,3.7907379865646362,1.6313892602920532,53.00180062546515,0.4,0.25836124998750165
294,single_sentence_500,THUS IN SLEEP IN A FEVER,audio__original,2.66,6,12,12,27.29151078220457,7.284491684763149,15.803969860076904,4.88700795173645,73.30858030214654,0.3333333333333333,0.24446958300541155
295,single_sentence_500,VERY BADLY CAN'T YOU SEE,audio__original,2.175,5,10,10,75.52304239273072,15.626772169955075,33.79539489746094,6.832315921783447,79.30860347403166,0.4,0.06264979200204834
296,single_sentence_500,WE SUFFER STIFLING PAINS,audio__original,2.61,4,8,8,33.073323130607605,12.583262920379639,23.707969665527344,7.864631175994873,61.95343639740121,0.5,0.07360595800855663
297,single_sentence_500,WHAT CAN YOU DO SHE SAID,audio__original,2.62,6,12,12,23.330532334953507,9.394052863237903,15.446329593658447,2.042724311351776,59.73493991320613,0.6666666666666666,0.2477657910058042
298,single_sentence_500,WHY ARE WE TO BE DIVIDED,audio__original,2.11,6,12,12,6.952772703332205,2.968208270225053,2.2328498363494873,1.0388260185718536,57.308998914886125,0.3333333333333333,0.06315504100348335
299,single_sentence_500,WHY THUS SAID THE SECOND,audio__original,2.375,5,10,10,14.509932749718427,7.812535571679473,2.0132492184638977,0.8921296894550323,46.157327491189925,0.2,0.06708554200304206
300,single_sentence_500,WILL YOU COME BACK TO ME,audio__original,2.95,6,12,12,9.867847928757934,1.2889955106462974,7.0248565673828125,0.07647213712334633,86.9374201958487,0.5,0.3135764579928946
301,single_sentence_500,WINDSOR AND CASTILE SOAP,audio__original,2.07,4,8,8,10.861126125149895,9.312394738667422,2.3059412240982056,1.1408265731297433,14.259399703463979,0.25,0.06214150000596419
302,single_sentence_500,WITHOUT SAIL ALL PULLING,audio__original,2.53,4,8,8,3.0589859092142433,0.40150864236056805,1.694970965385437,0.008920949883759022,86.87445270175492,0.0,0.26699791599821765
303,single_sentence_500,WOMAN SIREN THAT YOU ARE,audio__original,2.975,5,10,10,5.536362250847742,12.442217583954335,2.457555651664734,8.557642936706543,-124.73633444143128,0.2,0.07906454100157134
304,single_sentence_500,YES RACHEL I DO LOVE YOU,audio__original,2.37,6,12,12,12.72815648217996,5.793146970060964,4.861418604850769,0.7737376391887665,54.48557708909651,0.16666666666666666,0.06723454099847004
305,single_sentence_500,YOU DO ME A GREAT HONOUR,audio__original,3.3,6,12,12,2.345722840167582,1.3656529580863814,1.9915388226509094,1.149893045425415,41.78114589237588,0.16666666666666666,0.11091675001080148
306,single_sentence_500,YOU KNOW WHAT IS IT THEN,audio__original,3.11,6,12,12,95.6966517996043,11.117557707494901,8.449300527572632,0.48490554839372635,88.38250085198815,0.5,0.08051154199347366
307,single_sentence_500,ACCORDING TO OUR DOCTRINE,audio__original,2.08,4,8,8,31.754590094089508,8.713209910318255,28.14963722229004,6.875582218170166,72.56078606431123,0.5,0.0653365420002956
308,single_sentence_500,ALTERED WORDS AND FIGURES,audio__original,2.84,4,8,8,51.18947442620993,2.187985554086481,39.69620966911316,2.1573978662490845,95.7257120167536,0.75,0.24184179199801292
309,single_sentence_500,AND JOHANN SEBASTIAN BACH,audio__original,2.305,4,8,8,80.0517870655749,30.46665523084812,82.87102508544922,27.461719512939453,61.94131780482155,0.0,0.06782695800939109
310,single_sentence_500,AND KNOWN BY YOU TO BE SO,audio__original,2.425,7,14,14,78.92545049105372,27.90394660349193,44.477142333984375,9.762801766395569,64.64518551382248,0.14285714285714285,0.06966833300248254
311,single_sentence_500,AND ONE MORE THIS MORNING,audio__original,2.06,5,10,10,13.562496483325958,7.321340446220711,2.360906720161438,3.502046823501587,46.017752297877216,0.2,0.0629824159987038
312,single_sentence_500,CHAPTER SEVEN OUR VIRTUES,audio__original,4.03,4,8,8,94.2558569163084,25.25281471107155,58.63300704956055,5.225630164146423,73.20822754442304,0.25,0.24723791600263212
313,single_sentence_500,CONSEIL WAS MY MANSERVANT,audio__original,2.44,4,7,7,7.4151988710675925,2.5629261430086836,5.66438627243042,0.966657280921936,65.43685223320665,0.5,0.06844425000599585
314,single_sentence_500,FOR JUST THAT CLASS O MEN,audio__original,2.285,6,12,12,15.829806960498294,4.621657015290111,5.858304738998413,1.1022718846797943,70.8040848077112,0.16666666666666666,0.06752941700688098
315,single_sentence_500,FOR LOVE I HAVE HEARD SAY,audio__original,1.985,6,12,12,4.599506226678689,1.5414572469890118,3.0207334756851196,0.5054433047771454,66.48646243703206,0.16666666666666666,0.06129074998898432
316,single_sentence_500,GRAND REIGN GRAND CENTURY,audio__original,3.135,4,8,8,10.3761505484581,6.411408452317119,4.157023787498474,2.639072060585022,38.21014428833767,0.25,0.0813352919940371
317,single_sentence_500,HAS THE HAPPINESS TO JOIN,audio__original,1.965,5,10,10,35.341107262670995,14.91839647218585,22.709914207458496,1.5924913883209229,57.78741067362258,0.6,0.2312562919978518
318,single_sentence_500,HE MIGHT GO BACK TO ARABY,audio__original,3.24,6,12,12,10.175098160902659,20.34421302968015,4.247804880142212,0.642563670873642,-99.9411967134808,0.5,0.10752574999060016
319,single_sentence_500,HOW KIND MAN IS AFTER ALL,audio__original,3.325,6,12,12,14.75405043317005,6.185935800118993,7.851390361785889,0.6278549134731293,58.07296560264038,0.16666666666666666,0.3079342499986524
320,single_sentence_500,I DELIGHT IN YOUR KITCHEN,audio__original,1.905,5,10,10,13.413751149177552,11.6131192445755,12.373673915863037,9.967342853546143,13.42377597867137,0.4,0.061245625009178184
321,single_sentence_500,I SAIL FOR HOME TO MORROW,audio__original,1.875,6,12,12,40.761204625169434,47.58978411617378,30.900626182556152,20.553897857666016,-16.75264397556053,0.3333333333333333,0.23956320800061803
322,single_sentence_500,I WONDER IF YOU EVER MEET,audio__original,2.22,6,12,12,26.3274847989281,28.65894498823521,6.312270164489746,1.7176458239555359,-8.855613086906166,0.5,0.06554999999934807
323,single_sentence_500,IF HE LET GO NOW AND THEN,audio__original,2.08,7,14,14,23.794765089239394,9.797907071454185,15.2068452835083,6.8241095542907715,58.82326623226446,0.0,0.06279562499548774
324,single_sentence_500,IT IS A VERY STUPID STORY,audio__original,3.35,6,12,12,13.078931897568205,5.331519974628463,8.63559603691101,1.0324806869029999,59.23581515383711,1.0,0.33465004099707585
325,single_sentence_500,LOW UNDERNEATH THE GROUND,audio__original,2.22,4,8,8,22.332837513647974,1.1597560411319137,12.666451930999756,0.7491005063056946,94.80694721204519,0.25,0.07049616699805483
326,single_sentence_500,MEN THAT MADE A MAN OF ME,audio__original,2.89,7,14,14,42.810266230255365,26.74523205083928,27.15288543701172,15.538656234741211,37.52612537611929,0.42857142857142855,0.33823875000234693
327,single_sentence_500,NOTE TO THE THIRD EDITION,audio__original,2.335,5,10,10,14.49907695800066,9.511134907975793,5.255091190338135,5.232079744338989,34.40179029653676,0.8,0.06971495901234448
328,single_sentence_500,SHE GATHERED UP HER REINS,audio__original,2.305,5,10,10,16.363964903727172,8.585868958290666,12.44722604751587,2.2627062797546387,47.531854237018756,0.2,0.07658850000007078
329,single_sentence_500,THE HOUND GOT ON HIS BACK,audio__original,2.565,6,12,12,18.66539032043268,6.328129255368064,5.533189535140991,2.33254337310791,66.09698941874915,0.5,0.2478516670089448
330,single_sentence_500,THIS WAS A NEW PERPLEXITY,audio__original,2.59,5,10,10,25.892619585990907,10.600515402550808,15.742088317871094,6.814463376998901,59.05970283406098,0.6,0.07600291600101627
331,single_sentence_500,TO SUBDUE TO ATTRACT THEM,audio__original,2.22,5,10,10,17.99421556442976,13.28560137450695,6.137555360794067,2.8923729807138443,26.167376805414115,0.4,0.06301204199553467
332,single_sentence_500,WE OWN IT ALL AND SEVERAL,audio__original,2.05,6,12,12,38.10438350836436,11.356998257339,18.119316577911377,7.057375192642212,70.19503476589247,0.3333333333333333,0.23136150000209454
333,single_sentence_500,WHAT HAD HE SEEN OR HEARD,audio__original,2.31,6,12,12,7.415708737797104,7.5075137852776,1.2325460314750671,2.0926098823547363,-1.2379807611991962,0.5,0.07123404199955985
334,single_sentence_500,WITH A SMACK AND A RELISH,audio__original,1.86,6,12,12,27.331153612855513,12.792597804684192,17.973092079162598,9.344388246536255,53.19408033085347,0.16666666666666666,0.10146862499823328
335,single_sentence_500,ALL IS SAID WITHOUT A WORD,audio__original,2.125,6,12,12,31.821251538271706,18.54207174984428,16.80109167098999,14.243369102478027,41.73053901558975,0.16666666666666666,0.2733050000097137
336,single_sentence_500,ALSO THERE WERE BLUE MOONS,audio__original,2.51,5,10,10,30.49828839302063,8.565590112877544,7.635950565338135,6.717320203781128,71.91452188235674,0.0,0.07081704199663363
337,single_sentence_500,AND EACH SO LIKE THE OTHER,audio__original,2.18,6,12,12,48.39350461959839,10.919055446982384,21.62623691558838,3.977096438407898,77.43694007530013,0.5,0.07826845900854096
338,single_sentence_500,AND HE WILL FREE THE WORLD,audio__original,2.775,6,12,12,28.278490198155243,2.160298690199852,4.676189184188843,1.0096262991428375,92.36062931556091,0.5,0.24847737500385847
339,single_sentence_500,AND HER SOFT UNTANNED NECK,audio__original,2.32,5,10,10,10.13007768690586,12.380187978595496,3.210179567337036,4.095658257603645,-22.212172119845917,0.0,0.06939979099843185
340,single_sentence_500,AND THE SHOCK THE SURPRISE,audio__original,2.21,5,10,10,30.57853967919946,23.55855623553507,36.11116409301758,0.7261165827512741,22.957222670903455,0.0,0.06525208399398252
341,single_sentence_500,AND THEN WHAT HAPPENS THEN,audio__original,2.54,5,10,10,12.949330538883805,2.1917180196382104,5.393166542053223,0.4196929708123207,83.07466155831767,0.2,0.24077545799082145
342,single_sentence_500,AND WE PASSED ON NOW SEARS,audio__original,3.645,6,12,12,40.35794953412066,6.044784212795396,6.021193027496338,1.3350535035133362,85.02207301764717,0.5,0.27091825001116376
343,single_sentence_500,AT ONE OF THE OPEN WINDOWS,audio__original,2.135,6,12,12,83.32167398929596,35.84954707945386,13.03642988204956,5.919344902038574,56.974523718691344,0.6666666666666666,0.06328312499681488
344,single_sentence_500,BY WE'LL GO TO WAR WITH EM,audio__original,2.46,7,14,14,20.26489013288353,18.149119396022538,21.342984199523926,5.891155242919922,10.440573440009736,0.2857142857142857,0.06967866700142622
345,single_sentence_500,CHOP IT COMMANDED A RANGER,audio__original,2.665,5,10,10,31.051434703543784,25.10319068773824,18.86751365661621,5.87623792886734,19.156100426904562,0.2,0.2704627080092905
346,single_sentence_500,COME ALONG SO THEY GOT OUT,audio__original,2.675,6,11,11,42.67078469016335,23.09034664522518,26.234670639038086,7.6840105056762695,45.8872228085647,0.16666666666666666,0.08925112499855459
347,single_sentence_500,DRESS THE RIGHT FOOT FIRST,audio__original,2.115,5,10,10,7.90167533941567,0.5590531962225214,0.42390861362218857,0.03566704876720905,92.92487767203222,1.0,0.07413604199246038
348,single_sentence_500,EXTRACTS FROM ADAM'S DIARY,audio__original,2.58,4,8,8,29.941212946549058,0.9021482639946043,6.607677459716797,0.05086168460547924,96.98693481254378,0.25,0.24530595798569266
349,single_sentence_500,HATRED CEASES BY LOVE THIS,audio__original,3.31,5,10,10,34.06151727735996,11.719382775831036,23.838277339935303,0.6240817308425903,65.59347993690027,0.4,0.08613874998991378
350,single_sentence_500,HE HAD REVERENCE FOR HELEN,audio__original,2.26,5,10,10,8.676078075170517,8.410367114841938,5.295267581939697,5.046505928039551,3.0625699541478304,0.6,0.06673425000917632
351,single_sentence_500,HERE IS A NARROW CORNER AS,audio__original,2.24,6,12,12,52.66232657432556,37.740978141625725,42.77131462097168,32.04152297973633,28.334009154799546,0.0,0.25214266699913424
352,single_sentence_500,I AM WRITE WELL AND HEARTY,audio__original,2.49,6,12,12,25.068229029575985,11.302886664867401,12.252008438110352,10.194859027862549,54.91150710514079,0.16666666666666666,0.07349679099570494
353,single_sentence_500,I REJECT RICHES AND REALMS,audio__original,2.45,5,10,10,19.476573699712752,4.349370708037168,4.85170841217041,1.5334882736206055,77.66870716022648,0.2,0.23258875000465196
354,single_sentence_500,INDEED JUST AT THIS MOMENT,audio__original,2.09,5,10,10,18.02544938325882,6.231439887732267,10.734192848205566,1.53549462556839,65.42976679671725,0.4,0.06464058300480247
355,single_sentence_500,LIMITATIONS OF THIS SYSTEM,audio__original,2.635,4,8,8,35.17820069938898,12.877508860896342,15.897314548492432,2.1940122842788696,63.393497663682346,0.25,0.07539920900308061
356,single_sentence_500,LO BODY AND SOUL THIS LAND,audio__original,2.635,6,12,12,6.874693252146244,2.7360207845146456,3.045732259750366,1.278293490409851,60.20155832174078,0.16666666666666666,0.07634295799653046
357,single_sentence_500,MANUFACTURERS AND THE LIKE,audio__original,2.39,4,8,8,20.546749023720622,18.78563112881966,22.42313003540039,1.7701179385185242,8.571272724788741,0.75,0.2625386250001611
358,single_sentence_500,NEXT AN ENGLISHMAN OF RANK,audio__original,2.3,5,10,10,17.322117801196875,54.53926479467191,15.299881935119629,27.360112190246582,-214.85333041034687,0.0,0.06966108300548512
359,single_sentence_500,NO MAN WILL PLEASE ME MORE,audio__original,2.18,6,12,12,5.733998816460371,8.317189794654647,4.580950021743774,2.1869089007377625,-45.05042747443213,0.0,0.06576587499876041
360,single_sentence_500,OF LIBERTY OR INDIFFERENCE,audio__original,2.065,4,8,8,51.80380292981863,14.749959372449666,19.60268497467041,1.5634159594774246,71.52726530051815,0.25,0.22891079100372735
361,single_sentence_500,ONE NIGHT AS HE LAY IN BED,audio__original,2.41,7,14,14,53.12683084181377,21.032012368951523,16.462327480316162,9.959140539169312,60.411693986462744,0.0,0.06888270800118335
362,single_sentence_500,OR HER SUFFERINGS TO NIGHT,audio__original,2.6,5,10,10,31.22407183665782,24.753602429141758,7.649531066417694,0.47812433540821075,20.722695750141003,0.4,0.1260082090011565
363,single_sentence_500,SAID COULSON HE'S SENT FOR,audio__original,2.395,5,10,10,4.569208396039903,2.0374428918759806,0.8719162046909332,0.1151314526796341,55.40928066135446,0.8,0.06773208300000988
364,single_sentence_500,SO NO MORE AT PRESENT DICK,audio__original,2.96,6,12,12,15.936547138223736,2.846750973224213,4.952113628387451,1.2522097826004028,82.13696512467061,0.6666666666666666,0.08524975000182167
365,single_sentence_500,TELL ME WHAT YOU HAVE SEEN,audio__original,1.865,6,12,12,23.109016900261242,12.88874833782514,11.743409156799316,10.626160621643066,44.226323458703966,0.16666666666666666,0.2434221670118859
366,single_sentence_500,THE OLD SERVANT WAS SAYING,audio__original,2.0,5,10,10,12.634390872716903,7.212743541225791,8.955721616744995,2.88175231218338,42.911822074452246,0.4,0.06287974999577273
367,single_sentence_500,THE PEOPLE SHALL BE SLAVES,audio__original,2.195,5,10,10,80.62073080539703,23.237901072204114,18.679054260253906,3.8019659519195557,71.17627086723395,0.4,0.06434124999213964
368,single_sentence_500,THE SAME SUBJECT CONTINUED,audio__original,2.84,4,8,8,10.388224635040388,13.120428077876568,4.2978105545043945,2.1711852997541428,-26.300966130634293,0.5,0.0806308339961106
369,single_sentence_500,THE WORST OF THE WILD CATS,audio__original,1.985,6,12,12,23.652997662623722,15.869654289446771,9.833823442459106,3.1255602836608887,32.90637188653736,0.5,0.06453575000341516
370,single_sentence_500,THEY ARE IN SHORT PEASANTS,audio__original,2.205,5,10,10,87.51904507502914,2.260293057654053,5.750752210617065,0.8829854279756546,97.41737006417708,0.2,0.0638617500080727
371,single_sentence_500,THIS EVENING THEY ALL SAID,audio__original,2.61,5,10,10,44.7127395875752,30.107934438064696,15.020639419555664,3.4284867644309998,32.663632969537154,0.2,0.0749493750045076
372,single_sentence_500,THOSE OF PAREGORIC ARE NIT,audio__original,2.495,5,10,10,9.681741707166656,7.460661899435218,6.2064220905303955,1.6375182792544365,22.940911613943825,0.2,0.06951704200764652
373,single_sentence_500,TO GET ON WITH AS HE SPOKE,audio__original,3.54,7,14,14,11.926542270928621,4.38858898818892,4.5263166427612305,1.6334378719329834,63.20317415982112,0.2857142857142857,0.125446040998213
374,single_sentence_500,WE HAVE MUCH TO SAY TO YOU,audio__original,2.46,7,14,14,39.14553823854242,15.031560893569674,25.244833946228027,9.24015474319458,61.60083225329188,0.42857142857142855,0.06837249999807682
375,single_sentence_500,WITH COMPASSION AND MALICE,audio__original,2.455,4,8,8,55.85689660906792,15.980128183262423,28.568098068237305,6.255695581436157,71.39094873976909,0.25,0.21494408400030807
376,single_sentence_500,YES HE ADDED AFTER A PAUSE,audio__original,2.345,6,12,12,27.39091521501541,7.154064749677976,21.58956813812256,5.24902606010437,73.88161478534244,0.3333333333333333,0.21803533300408162
377,single_sentence_500,AND SHALL BE CONTENT TO ADD,audio__original,1.86,6,12,12,31.355678502392646,10.627920041481653,8.186363220214844,4.665098667144775,66.1052780577825,0.6666666666666666,0.058623459000955336
378,single_sentence_500,ARE YOUR KINGS ELECTED THEN,audio__original,1.76,5,10,10,20.710129590332507,8.158766491524876,10.024440288543701,1.7229680716991425,60.60494717844069,0.6,0.21789191701100208
379,single_sentence_500,CHAPTER NINE COUNT FERRALTI,audio__original,3.205,4,8,8,7.598685098695569,3.1825154532998567,3.021993637084961,0.4146611839532852,58.11755044506076,0.5,0.08350574999349192
380,single_sentence_500,HE STILL PAUSED AT THE GATE,audio__original,2.065,6,12,12,27.874855484178017,14.468995798453156,2.9744315147399902,0.7906360626220703,48.0930195076137,0.8333333333333334,0.061687207999057136
381,single_sentence_500,I DO NOT RECOLLECT HIS NAME,audio__original,2.295,6,12,12,19.831532508551998,9.627928577087005,7.892371654510498,2.3078643083572388,51.45141419133831,0.6666666666666666,0.07002775000000838
382,single_sentence_500,IMAGE OF THEE IN ALL THINGS,audio__original,2.9,6,12,12,79.78138856093089,19.378832327822845,84.50605773925781,8.160885572433472,75.7100839213612,0.16666666666666666,0.232336375003797
383,single_sentence_500,IS IT NOT PAINTING THE LILY,audio__original,2.4,6,12,12,8.19244994418841,5.985277348164421,3.6643409729003906,0.6728547066450119,26.94154509408656,0.3333333333333333,0.06915716700314078
384,single_sentence_500,LET IT BE SOLD SO HERE I AM,audio__original,3.245,8,15,15,3.253957251474882,0.7678362095982568,1.6943919658660889,0.5963276028633118,76.40300255173207,0.75,0.2391116249928018
385,single_sentence_500,NOTHING CAN KILL ME WHY NOT,audio__original,2.87,6,12,12,13.220954729864994,2.4531380342086777,4.327791333198547,1.3087270855903625,81.44507651427584,0.16666666666666666,0.2385790420084959
386,single_sentence_500,OF SUCH A MAN AS YOU ARAMIS,audio__original,2.25,7,14,14,34.20016930358751,18.28738192256008,15.311243534088135,7.3479249477386475,46.52838773917478,0.2857142857142857,0.07042074999480974
387,single_sentence_500,OR AT ALL EVENTS SO NEAR IT,audio__original,2.395,7,14,14,38.32614623489125,17.603424565467453,34.24227714538574,0.9488072097301483,54.06941136846758,0.42857142857142855,0.0702808750065742
388,single_sentence_500,POYSER IS NOT AT HOME IS HE,audio__original,2.21,7,14,14,6.520936548044639,8.435959496668406,3.868719458580017,2.9762232303619385,-29.36729922940293,0.2857142857142857,0.06537199999729637
389,single_sentence_500,SAW A SHARK WITHOUT A TOOTH,audio__original,2.85,6,12,12,31.99101175616185,24.28349934394161,26.17954921722412,14.211902618408203,24.092743521110055,0.16666666666666666,0.2454684590047691
390,single_sentence_500,STAY AS YOU ARE BUT TELL ME,audio__original,2.115,7,14,14,8.555070000833698,9.096085138951562,5.685188293457031,3.8447951078414917,-6.323912464364889,0.2857142857142857,0.06826787500176579
391,single_sentence_500,THAT INVITATION DECIDED HER,audio__original,2.225,4,8,8,10.741543762153015,1.42661475087516,1.5694384574890137,0.20569955557584763,86.71871769585182,0.25,0.22380945799523033
392,single_sentence_500,THE HEART WITH THE TREASURE,audio__original,2.34,5,10,10,24.024890553951263,4.185655998624862,9.984945178031921,1.4590056091547012,82.57783531115206,0.6,0.1203056250087684
393,single_sentence_500,THE HOLY ROMAN CLEMENT SAYS,audio__original,2.08,5,10,10,10.401528437435626,3.4850192783400415,8.298845529556274,1.895853877067566,66.49512329556028,0.6,0.07016920800379012
394,single_sentence_500,THE WHOLE OF THIS ITINERARY,audio__original,2.245,5,10,10,9.90467883022502,16.317165562300943,2.5085597038269043,1.6587481498718262,-64.74199559613828,0.6,0.07768116699298844
395,single_sentence_500,THEN SAID THE FIRST SOLDIER,audio__original,2.21,5,10,10,113.61296436488628,104.96052030175925,4.698639869689941,5.270862460136414,7.615718955574755,0.4,0.06680395899456926
396,single_sentence_500,THERE IS ONE I MUST CONSULT,audio__original,2.145,6,12,12,71.2328195705389,62.896380252864525,73.08537673950195,70.63071823120117,11.703087660904874,0.0,0.06354941599420272
397,single_sentence_500,AH THE SWAMP THE CRUEL SWAMP,audio__original,2.79,6,12,12,14.803305623432001,14.783426636209091,7.028577089309692,3.9243953824043274,0.13428748773141372,0.16666666666666666,0.23316745800548233
398,single_sentence_500,AND UPON THE SEAT HE SAT HIM,audio__original,2.255,7,14,14,5.910722278707128,3.5615242925497506,4.142446994781494,0.6997335851192474,39.74468559654989,0.8571428571428571,0.22865408399957232
399,single_sentence_500,AND WITH HER BRINGS HER DOWR,audio__original,2.275,6,12,12,26.758853410681088,6.142232042737305,15.620387077331543,3.087615489959717,77.04598194672434,0.16666666666666666,0.07008958399819676
400,single_sentence_500,CHAPTER FIVE AS AIDE DE CAMP,audio__original,3.21,6,12,12,54.70605834790816,4.651356065122248,41.22808837890625,0.3802233636379242,91.49754852462313,0.6666666666666666,0.26003433400182985
401,single_sentence_500,CHAPTER FIVE FIRST VICTORIES,audio__original,3.36,4,8,8,48.69810128444806,0.9719800671937264,7.820167541503906,0.31348590180277824,98.0040698886465,1.0,0.08711500000208616
402,single_sentence_500,ENTRUSTED THIS DELICATE TASK,audio__original,2.93,4,8,8,27.07603281675256,0.42034712800523266,13.56005048751831,0.04118433711118996,98.44753058599798,0.5,0.23636637500021607
403,single_sentence_500,GOOD IS RESTRAINT IN THE EAR,audio__original,2.3,6,12,12,52.64308444658915,35.147481090699635,42.987064361572266,18.296136379241943,33.234381191398995,0.0,0.07277675000659656
404,single_sentence_500,HE EXCLAIMED NOW IS THE TIME,audio__original,2.81,6,12,12,13.705942040619751,3.8263900904372954,1.8640774488449097,0.24204319342970848,72.08225396622008,0.6666666666666666,0.2602964580000844
405,single_sentence_500,HE WAS PROUD OF HIS STRENGTH,audio__original,2.565,6,12,12,10.40502373687923,6.2764129266142845,8.73881196975708,3.415686249732971,39.67901385588993,0.3333333333333333,0.07279774999187794
406,single_sentence_500,IF NOT A CHASTENED PERFORMER,audio__original,2.01,5,10,10,34.13705551661551,17.948878958914428,4.486713171005249,1.2321121096611023,47.42112731375388,0.8,0.06440266700519715
407,single_sentence_500,IS THE CHILD OF YOUR THOUGHT,audio__original,3.7,6,12,12,27.52852986326131,1.5996821350806083,8.29616904258728,1.3052412867546082,94.18900267095086,0.3333333333333333,0.26233545801369473
408,single_sentence_500,MY VESSEL IS AT YOUR SERVICE,audio__original,2.69,6,12,12,59.46417139470577,41.99832663560907,44.11459732055664,13.925029277801514,29.372047653978957,0.0,0.07776245901186485
409,single_sentence_500,REFUSED AND FOR WHOSE SISTER,audio__original,3.485,5,10,10,3.116912240535021,2.4510491306195035,1.4359145760536194,0.9773704558610916,21.36290849822648,0.2,0.298030292004114
410,single_sentence_500,SO IT IS WITH THAT CHINA DOG,audio__original,2.505,7,14,14,20.395703632517584,5.722831678543506,2.3404242992401123,0.978376716375351,71.94099413457157,0.5714285714285714,0.2610212080035126
411,single_sentence_500,TAKE ONE QUITE EXTERNAL CASE,audio__original,2.255,5,10,10,5.315695200208575,1.9069817008450627,1.8450695276260376,0.755656361579895,64.12545059449161,0.4,0.07213012500142213
412,single_sentence_500,TO MORROW IS THE EXAMINATION,audio__original,2.02,5,10,10,60.05653424561024,3.679280288051814,6.280242919921875,1.1538462042808533,93.87363867351246,0.0,0.06352875000447966
413,single_sentence_500,WITH IT RAINEST AND THE HAIL,audio__original,3.0,6,12,12,32.27084279153496,35.943811917328276,17.899252891540527,11.494685649871826,-11.381695698250498,0.5,0.14573041700350586
414,single_sentence_500,ARE CARRIED EVEN INTO ICELAND,audio__original,2.235,5,10,10,13.415722646191716,17.269126799423248,10.229961395263672,1.24936312623322,-28.72304574905167,0.8,0.07067000000097323
415,single_sentence_500,CHAPTER EIGHT TWO APPARITIONS,audio__original,3.82,4,8,8,17.509238372556865,2.084841510572005,12.612981796264648,0.12683745101094246,88.09290577801667,0.5,0.293882375000976
416,single_sentence_500,CHAPTER FOUR HE MAY BE OF USE,audio__original,3.48,7,14,14,16.215694061347417,4.9649050278323035,6.867664575576782,2.9506787061691284,69.38209977908431,0.2857142857142857,0.19945674999326002
417,single_sentence_500,DOUBTLESS IT IS CHANCE CHANCE,audio__original,3.605,5,10,10,30.434852838516235,13.635071677714587,21.65573501586914,6.358020305633545,55.19915358204399,0.4,0.31028383399825543
418,single_sentence_500,HAVING COME TO THIS AGREEMENT,audio__original,1.815,5,10,10,80.45644826889038,87.98414737582206,29.88872718811035,19.198819637298584,-9.356240884228006,0.2,0.25748433399712667
419,single_sentence_500,I SHALL LIKE IT OF ALL THINGS,audio__original,1.92,7,14,14,18.06507817442928,23.09861874048199,12.924447536468506,12.371187448501587,-27.863375499684096,0.5714285714285714,0.07775408300221898
420,single_sentence_500,I WILL GO AND LEARN WHO HE IS,audio__original,2.24,8,16,16,38.22190695814788,30.84191884752363,21.70668125152588,18.315678596496582,19.308267687180475,0.0,0.08073141699424013
421,single_sentence_500,IS FOUND IN NO PART OF NATURE,audio__original,2.13,7,14,14,14.417663733874049,2.808980588734682,5.43178129196167,1.042612373828888,80.51708903339845,0.42857142857142855,0.06795158301247284
422,single_sentence_500,IT WAS A LONG TIME AFTER THIS,audio__original,2.515,7,14,14,22.973497118268693,16.66993613275034,16.003434658050537,11.505399227142334,27.438404144860097,0.0,0.07090237499505747
423,single_sentence_500,OF THE PROBABILITY OF CHANCES,audio__original,3.095,5,10,10,22.94180116057396,15.194749580696225,9.394665241241455,1.521775096654892,33.76827968150657,0.6,0.3431945830088807
424,single_sentence_500,PART THREE MY SHORE ADVENTURE,audio__original,3.52,5,10,10,52.61477909088135,6.456865020410623,21.719324827194214,0.7811603397130966,87.72803928482205,0.8,0.155511667006067
425,single_sentence_500,STRAIGHT FROM THE HEART HARRY,audio__original,3.585,5,10,10,22.92197312861681,2.2042873439844697,5.966646194458008,1.444613754749298,90.3835183314453,0.2,0.3048879999987548
426,single_sentence_500,THE PLACE PRAGUE AND THE TIME,audio__original,3.1,6,12,12,11.484315012892088,8.342652442942684,3.3457428216934204,0.6129005253314972,27.356116289239967,0.3333333333333333,0.27005120800458826
427,single_sentence_500,THE STORY OF THE GRECIAN KING,audio__original,2.02,6,12,12,40.220604330301285,29.336687152584393,19.616225719451904,6.617845773696899,27.060551075601808,0.3333333333333333,0.07096291599737015
428,single_sentence_500,THE THREE MODES OF MANAGEMENT,audio__original,2.44,5,10,10,45.85224025249481,24.222695973847294,14.847918510437012,3.0308191180229187,47.17227371997523,0.4,0.10164829100540373
429,single_sentence_500,WE ARE IMPELLED TO THINK LONG,audio__original,2.365,6,12,12,46.85882047812144,29.335705781976383,23.638699531555176,13.394073009490967,37.39555225110001,0.16666666666666666,0.07728095899801701
430,single_sentence_500,WHERE THE INTERFERENCE PROVED,audio__original,2.18,4,8,8,9.866111040115356,6.027976602199487,7.710425853729248,0.4317426234483719,38.90220191431165,0.5,0.06626137500279583
431,single_sentence_500,AND CAROUSE WITH ME THIS NIGHT,audio__original,2.32,6,12,12,61.85190207953565,30.393973751711503,30.308310508728027,7.36793327331543,50.860082342127896,0.3333333333333333,0.07016254200425465
432,single_sentence_500,AND HERE IS THE PLAIN OF DOEAS,audio__original,2.15,7,14,14,37.41871434024402,22.381194063495577,30.621707916259766,0.8185570538043976,40.18716447608013,0.5714285714285714,0.06512608299090061
433,single_sentence_500,AND THEN HE MADE OFF WITH THIS,audio__original,2.76,7,14,14,14.364055728273732,11.921967702520694,6.103491306304932,1.4402080178260803,17.001382283320662,0.0,0.14428083300299477
434,single_sentence_500,AS QUICK AS YOU CAN POOR THING,audio__original,2.24,7,14,14,3.818245923944882,1.2644898683398165,2.760357618331909,0.4347594454884529,66.88296423208412,0.7142857142857143,0.06619270800729282
435,single_sentence_500,HE SET THE PART CALLED BEZETHA,audio__original,2.45,6,12,12,14.60541677599152,12.770782560730973,2.6705541610717773,1.3360545635223389,12.561327371885275,0.6666666666666666,0.07275116701202933
436,single_sentence_500,IN ADDITION TO THIS EXPERIENCE,audio__original,2.065,5,10,10,48.312603664398196,10.154297697823495,8.674511432647705,2.0148155093193054,78.98209384789119,0.4,0.0789170420030132
437,single_sentence_500,LED BACK TO THE STARTING POINT,audio__original,2.42,6,12,12,20.437575737635296,8.08425661692551,13.598432540893555,1.373315453529358,60.44415090759249,0.5,0.07919208299426828
438,single_sentence_500,STRANGERS REPEATED THE OLD MAN,audio__original,2.825,5,10,10,3.543538253328555,2.963658443595402,0.2681143283843994,0.016758193727582693,16.3644292308247,0.2,0.27650812501087785
439,single_sentence_500,THE CONTENTS OF WHICH RAN THUS,audio__original,2.815,6,12,12,110.99309959014256,70.47972448326375,96.7947883605957,20.397981643676758,36.500805236073305,0.16666666666666666,0.27450387499993667
440,single_sentence_500,WHAT'S THE NAME OF THE HOUSE T,audio__original,2.175,7,14,14,18.136941584414412,18.0391577069157,13.568923950195312,12.95198369026184,0.5391420435667162,0.42857142857142855,0.06687129200145137
441,single_sentence_500,AND HE SET ALL THE CORN ON FIRE,audio__original,2.51,8,16,16,34.37673504091799,10.227993085689377,12.5617995262146,2.1873204708099365,70.24734002948452,0.375,0.07156700000632554
442,single_sentence_500,SO IT IS WITH THE LOWER ANIMALS,audio__original,2.215,7,14,14,20.152918006692612,20.780517680836574,15.028135776519775,19.133953094482422,-3.114187602686328,0.42857142857142855,0.2670897500065621
443,single_sentence_500,DANGEROUS PROSTRATION OF STRENGTH,audio__original,2.285,4,8,8,38.86197598092258,19.394494906258995,9.423376560211182,7.038659930229187,50.09390434552327,0.0,0.07283433299744502
444,single_sentence_500,THE DEATH OF THE SECOND MAN EATER,audio__original,2.73,7,14,14,76.63476014988763,48.32614208545004,59.837202072143555,18.714499473571777,36.93965768153983,0.14285714285714285,0.0796764590049861
445,single_sentence_500,OUR LEADER IN YOUR NAME IN MY NAME,audio__original,4.565,8,16,16,29.932653333671624,12.917758322095324,15.563275814056396,6.557589530944824,56.84392500024723,0.25,0.21149883398902602
446,single_sentence_500,BUT WHERE THE SITTER WHERE OH WHERE,audio__original,2.93,7,14,14,39.43970870958375,29.71541675647521,24.33213233947754,11.161255836486816,24.656094761535496,0.42857142857142855,0.08224499999778345
447,single_sentence_500,PROMONTORY AND STARTING FROM THENCE,audio__original,2.865,5,10,10,8.519184195995331,3.630491429567337,2.9962862730026245,2.853991150856018,57.384517742039826,0.2,0.08160383299400564
