sample_id,row_index,audio_column,transcript,n_segments,segment_idx,segment_rank_abs_sv,segment_token,segment_sv,segment_abs_sv,segment_abs_sv_share,top_abs_sv,top1_top2_gap,top1_top2_ratio,top1_share,abs_sv_entropy_norm,abs_sv_gini,original_similarity,deleted_similarity,deletion_drop,cumulative_similarity,cumulative_drop,cumulative_n_deleted,tfidf_original_sim,tfidf_deleted_sim,tfidf_deletion_drop,tfidf_cumulative_sim,tfidf_cumulative_drop,seqmatch_deleted_sim,seqmatch_deletion_drop,seqmatch_cumulative_sim,seqmatch_cumulative_drop,segment_start_sec,segment_end_sec,mask_duration_sec,runtime_sec
21,21,audio__male,Can you tell us where the Emerald City is?,9,0,1,Can,1.0,1.0,0.11111111109876542,1.0,0.0,0.9999999989999999,0.11111111109876542,0.9999999999394577,0.0,1.0,0.765625,0.234375,0.251953125,0.748046875,1,1.0,1.0,0.0,0.34426518632954817,0.6557348136704518,1.0,0.0,0.5858585858585859,0.41414141414141414,0.06041666666666667,0.23070833333333332,0.17029166666666667,1.650474043888001
21,21,audio__male,Can you tell us where the Emerald City is?,9,1,2,you,1.0,1.0,0.11111111109876542,1.0,0.0,0.9999999989999999,0.11111111109876542,0.9999999999394577,0.0,1.0,0.31640625,0.68359375,0.1728515625,0.8271484375,2,1.0,1.0,0.0,0.34426518632954817,0.6557348136704518,1.0,0.0,0.5858585858585859,0.41414141414141414,0.280875,0.38116666666666665,0.10029166666666667,1.650474043888001
21,21,audio__male,Can you tell us where the Emerald City is?,9,2,3,tell,1.0,1.0,0.11111111109876542,1.0,0.0,0.9999999989999999,0.11111111109876542,0.9999999999394577,0.0,1.0,0.9765625,0.0234375,0.244140625,0.755859375,3,1.0,1.0,0.0,0.5477225575051662,0.4522774424948338,1.0,0.0,0.7238095238095238,0.2761904761904762,0.40125,0.601875,0.200625,1.650474043888001
21,21,audio__male,Can you tell us where the Emerald City is?,9,3,4,us,1.0,1.0,0.11111111109876542,1.0,0.0,0.9999999989999999,0.11111111109876542,0.9999999999394577,0.0,1.0,0.9765625,0.0234375,0.1611328125,0.8388671875,4,1.0,1.0,0.0,0.5477225575051662,0.4522774424948338,1.0,0.0,0.7238095238095238,0.2761904761904762,0.6620416666666666,0.762375,0.10033333333333333,1.650474043888001
21,21,audio__male,Can you tell us where the Emerald City is?,9,4,5,where,1.0,1.0,0.11111111109876542,1.0,0.0,0.9999999989999999,0.11111111109876542,0.9999999999394577,0.0,1.0,0.1962890625,0.8037109375,0.390625,0.609375,5,1.0,0.8666666666666667,0.1333333333333333,0.1825741858350554,0.8174258141649446,0.8547008547008547,0.14529914529914534,0.16,0.84,0.8105,0.963,0.1525,1.650474043888001
21,21,audio__male,Can you tell us where the Emerald City is?,9,5,6,the,1.0,1.0,0.11111111109876542,1.0,0.0,0.9999999989999999,0.11111111109876542,0.9999999999394577,0.0,1.0,0.96875,0.03125,0.41015625,0.58984375,6,1.0,1.0,0.0,0.09759000729485334,0.9024099927051467,1.0,0.0,0.18181818181818182,0.8181818181818181,1.0231666666666666,1.093375,0.07020833333333333,1.650474043888001
21,21,audio__male,Can you tell us where the Emerald City is?,9,6,7,Emerald,1.0,1.0,0.11111111109876542,1.0,0.0,0.9999999989999999,0.11111111109876542,0.9999999999394577,0.0,1.0,0.26953125,0.73046875,0.6875,0.3125,7,1.0,0.9333333333333333,0.06666666666666665,0.21483446221182995,0.7851655377881701,0.9056603773584906,0.09433962264150941,0.3177570093457944,0.6822429906542056,1.1535833333333334,1.5127083333333333,0.359125,1.650474043888001
21,21,audio__male,Can you tell us where the Emerald City is?,9,7,8,City,1.0,1.0,0.11111111109876542,1.0,0.0,0.9999999989999999,0.11111111109876542,0.9999999999394577,0.0,1.0,0.58203125,0.41796875,0.66796875,0.33203125,8,1.0,0.38924947208076155,0.6107505279192385,0.0,1.0,0.5625,0.4375,0.18867924528301888,0.8113207547169812,1.6250416666666667,2.1466666666666665,0.521625,1.650474043888001
21,21,audio__male,Can you tell us where the Emerald City is?,9,8,9,is?,1.0,1.0,0.11111111109876542,1.0,0.0,0.9999999989999999,0.11111111109876542,0.9999999999394577,0.0,1.0,0.3125,0.6875,0.130859375,0.869140625,9,1.0,1.0,0.0,0.074535599249993,0.925464400750007,1.0,0.0,0.26785714285714285,0.7321428571428572,2.226916666666667,2.3470416666666667,0.120125,1.650474043888001
107,107,audio__male,"Hi, can you create a funny short story?",8,0,1,"Hi,",1.0,1.0,0.124999999984375,1.0,0.0,0.9999999989999999,0.124999999984375,0.9999999999351122,0.0,1.0,0.41015625,0.58984375,0.64453125,0.35546875,1,1.0,0.8000000000000002,0.19999999999999984,0.8000000000000002,0.19999999999999984,0.9285714285714286,0.0714285714285714,0.9285714285714286,0.0714285714285714,0.1015,0.44366666666666665,0.3421666666666667,1.3626750568746502
107,107,audio__male,"Hi, can you create a funny short story?",8,1,2,can,1.0,1.0,0.124999999984375,1.0,0.0,0.9999999989999999,0.124999999984375,0.9999999999351122,0.0,1.0,0.49609375,0.50390625,0.353515625,0.646484375,2,1.0,0.7071067811865477,0.2928932188134523,0.2828427124746191,0.7171572875253809,0.5806451612903226,0.4193548387096774,0.16393442622950818,0.8360655737704918,0.5041666666666667,0.87725,0.3730833333333333,1.3626750568746502
107,107,audio__male,"Hi, can you create a funny short story?",8,2,3,you,1.0,1.0,0.124999999984375,1.0,0.0,0.9999999989999999,0.124999999984375,0.9999999999351122,0.0,1.0,0.63671875,0.36328125,0.1552734375,0.8447265625,3,1.0,1.0000000000000002,-2.220446049250313e-16,0.2581988897471612,0.7418011102528388,1.0,0.0,0.2153846153846154,0.7846153846153846,0.9075,1.0083333333333333,0.10083333333333333,1.3626750568746502
107,107,audio__male,"Hi, can you create a funny short story?",8,3,4,create,1.0,1.0,0.124999999984375,1.0,0.0,0.9999999989999999,0.124999999984375,0.9999999999351122,0.0,1.0,0.4296875,0.5703125,0.279296875,0.720703125,4,1.0,1.0000000000000002,-2.220446049250313e-16,0.26967994498529685,0.7303200550147031,1.0,0.0,0.37142857142857144,0.6285714285714286,1.0486666666666666,1.331,0.2823333333333333,1.3626750568746502
107,107,audio__male,"Hi, can you create a funny short story?",8,4,5,a,1.0,1.0,0.124999999984375,1.0,0.0,0.9999999989999999,0.124999999984375,0.9999999999351122,0.0,1.0,1.0,0.0,0.62890625,0.37109375,5,1.0,1.0000000000000002,-2.220446049250313e-16,0.26967994498529685,0.7303200550147031,1.0,0.0,0.19718309859154928,0.8028169014084507,1.3915,1.4415,0.05,1.3626750568746502
107,107,audio__male,"Hi, can you create a funny short story?",8,5,6,funny,1.0,1.0,0.124999999984375,1.0,0.0,0.9999999989999999,0.124999999984375,0.9999999999351122,0.0,1.0,0.205078125,0.794921875,0.349609375,0.650390625,6,1.0,0.7071067811865477,0.2928932188134523,0.14142135623730956,0.8585786437626904,0.5161290322580645,0.4838709677419355,0.2,0.8,1.468,1.7248333333333334,0.25683333333333336,1.3626750568746502
107,107,audio__male,"Hi, can you create a funny short story?",8,6,7,short,1.0,1.0,0.124999999984375,1.0,0.0,0.9999999989999999,0.124999999984375,0.9999999999351122,0.0,1.0,0.62109375,0.37890625,0.208984375,0.791015625,7,1.0,0.7071067811865477,0.2928932188134523,0.1290994448735806,0.8709005551264194,0.5806451612903226,0.4193548387096774,0.175,0.825,1.7948333333333333,2.057,0.26216666666666666,1.3626750568746502
107,107,audio__male,"Hi, can you create a funny short story?",8,7,8,story?,1.0,1.0,0.124999999984375,1.0,0.0,0.9999999989999999,0.124999999984375,0.9999999999351122,0.0,1.0,0.251953125,0.748046875,0.01458740234375,0.98541259765625,8,1.0,0.8000000000000002,0.19999999999999984,0.1290994448735806,0.8709005551264194,0.9285714285714286,0.0714285714285714,0.11764705882352941,0.8823529411764706,2.1175,2.5403333333333333,0.42283333333333334,1.3626750568746502
206,206,audio__male,How many wings does a mosquito have?,7,0,1,How,1.0,1.0,0.1428571428367347,1.0,0.0,0.9999999989999999,0.1428571428367347,0.9999999999305568,0.0,1.0,0.4453125,0.5546875,0.404296875,0.595703125,1,1.0,1.0000000000000002,-2.220446049250313e-16,0.3872983346207418,0.6127016653792582,1.0,0.0,0.5915492957746479,0.4084507042253521,0.10058333333333333,0.29091666666666666,0.19033333333333333,1.2118067894293094
206,206,audio__male,How many wings does a mosquito have?,7,1,2,many,1.0,1.0,0.1428571428367347,1.0,0.0,0.9999999989999999,0.1428571428367347,0.9999999999305568,0.0,1.0,0.490234375,0.509765625,0.54296875,0.45703125,2,1.0,0.316227766016838,0.683772233983162,0.158113883008419,0.841886116991581,0.6086956521739131,0.3913043478260869,0.47761194029850745,0.5223880597014925,0.351125,0.5216666666666666,0.17054166666666667,1.2118067894293094
206,206,audio__male,How many wings does a mosquito have?,7,2,3,wings,1.0,1.0,0.1428571428367347,1.0,0.0,0.9999999989999999,0.1428571428367347,0.9999999999305568,0.0,1.0,0.6328125,0.3671875,0.6796875,0.3203125,3,1.0,0.5773502691896258,0.42264973081037416,0.0,1.0,0.5128205128205128,0.4871794871794872,0.358974358974359,0.641025641025641,0.581875,0.8627916666666666,0.28091666666666665,1.2118067894293094
206,206,audio__male,How many wings does a mosquito have?,7,3,4,does,1.0,1.0,0.1428571428367347,1.0,0.0,0.9999999989999999,0.1428571428367347,0.9999999999305568,0.0,1.0,0.271484375,0.728515625,0.40625,0.59375,4,1.0,0.447213595499958,0.552786404500042,0.0,1.0,0.8235294117647058,0.17647058823529416,0.36363636363636365,0.6363636363636364,0.9029166666666667,1.0233333333333334,0.12041666666666667,1.2118067894293094
206,206,audio__male,How many wings does a mosquito have?,7,4,5,a,1.0,1.0,0.1428571428367347,1.0,0.0,0.9999999989999999,0.1428571428367347,0.9999999999305568,0.0,1.0,1.0,0.0,0.421875,0.578125,5,1.0,1.0000000000000002,-2.220446049250313e-16,0.0,1.0,1.0,0.0,0.3291139240506329,0.6708860759493671,1.0835,1.1335,0.05,1.2118067894293094
206,206,audio__male,How many wings does a mosquito have?,7,5,6,mosquito,1.0,1.0,0.1428571428367347,1.0,0.0,0.9999999989999999,0.1428571428367347,0.9999999999305568,0.0,1.0,0.515625,0.484375,0.412109375,0.587890625,6,1.0,0.447213595499958,0.552786404500042,0.0,1.0,0.5882352941176471,0.4117647058823529,0.29333333333333333,0.7066666666666667,1.1637916666666666,1.7456666666666667,0.581875,1.2118067894293094
206,206,audio__male,How many wings does a mosquito have?,7,6,7,have?,1.0,1.0,0.1428571428367347,1.0,0.0,0.9999999989999999,0.1428571428367347,0.9999999999305568,0.0,1.0,0.87109375,0.12890625,0.52734375,0.47265625,7,1.0,1.0000000000000002,-2.220446049250313e-16,0.1290994448735806,0.8709005551264194,1.0,0.0,0.37037037037037035,0.6296296296296297,1.7958333333333334,2.126625,0.33079166666666665,1.2118067894293094
263,263,audio__male,Make a list of the most popular podcasts.,8,0,1,Make,1.0,1.0,0.124999999984375,1.0,0.0,0.9999999989999999,0.124999999984375,0.9999999999351122,0.0,1.0078125,0.423828125,0.583984375,0.349609375,0.658203125,1,1.0,1.0000000000000002,-2.220446049250313e-16,0.6735753140545635,0.3264246859454365,1.0,0.0,0.6111111111111112,0.38888888888888884,0.06125,0.2825416666666667,0.22129166666666666,1.319905340375044
263,263,audio__male,Make a list of the most popular podcasts.,8,1,2,a,1.0,1.0,0.124999999984375,1.0,0.0,0.9999999989999999,0.124999999984375,0.9999999999351122,0.0,1.0078125,0.31640625,0.69140625,0.35546875,0.65234375,2,1.0,0.8249579113843055,0.17504208861569448,0.6735753140545635,0.3264246859454365,0.7708333333333334,0.22916666666666663,0.6111111111111112,0.38888888888888884,0.34308333333333335,0.39308333333333334,0.05,1.319905340375044
263,263,audio__male,Make a list of the most popular podcasts.,8,2,3,list,1.0,1.0,0.124999999984375,1.0,0.0,0.9999999989999999,0.124999999984375,0.9999999999351122,0.0,1.0078125,0.2578125,0.75,0.1953125,0.8125,3,1.0,0.8249579113843055,0.17504208861569448,0.4622501635210244,0.5377498364789757,0.8041237113402062,0.19587628865979378,0.42857142857142855,0.5714285714285714,0.41370833333333334,0.6054166666666667,0.19170833333333334,1.319905340375044
263,263,audio__male,Make a list of the most popular podcasts.,8,3,4,of,1.0,1.0,0.124999999984375,1.0,0.0,0.9999999989999999,0.124999999984375,0.9999999999351122,0.0,1.0078125,0.357421875,0.650390625,0.173828125,0.833984375,4,1.0,1.0000000000000002,-2.220446049250313e-16,0.4622501635210244,0.5377498364789757,1.0,0.0,0.42857142857142855,0.5714285714285714,0.666,0.716,0.05,1.319905340375044
263,263,audio__male,Make a list of the most popular podcasts.,8,4,5,the,1.0,1.0,0.124999999984375,1.0,0.0,0.9999999989999999,0.124999999984375,0.9999999999351122,0.0,1.0078125,0.96875,0.0390625,0.306640625,0.701171875,5,1.0,1.0000000000000002,-2.220446049250313e-16,0.6666666666666667,0.33333333333333326,1.0,0.0,0.6534653465346535,0.3465346534653465,0.7467083333333333,0.8274166666666667,0.08070833333333334,1.319905340375044
263,263,audio__male,Make a list of the most popular podcasts.,8,5,6,most,1.0,1.0,0.124999999984375,1.0,0.0,0.9999999989999999,0.124999999984375,0.9999999999351122,0.0,1.0078125,0.392578125,0.615234375,0.5390625,0.46875,6,1.0,1.0000000000000002,-2.220446049250313e-16,0.6666666666666667,0.33333333333333326,1.0,0.0,0.6415094339622641,0.3584905660377359,0.877875,1.0494166666666667,0.17154166666666668,1.319905340375044
263,263,audio__male,Make a list of the most popular podcasts.,8,6,7,popular,1.0,1.0,0.124999999984375,1.0,0.0,0.9999999989999999,0.124999999984375,0.9999999999351122,0.0,1.0078125,0.318359375,0.689453125,0.50390625,0.50390625,7,1.0,0.8888888888888891,0.11111111111111094,0.2222222222222222,0.7777777777777778,0.8723404255319149,0.12765957446808507,0.1414141414141414,0.8585858585858586,1.085625,1.513625,0.428,1.319905340375044
263,263,audio__male,Make a list of the most popular podcasts.,8,7,8,podcasts.,1.0,1.0,0.124999999984375,1.0,0.0,0.9999999989999999,0.124999999984375,0.9999999999351122,0.0,1.0078125,0.4296875,0.578125,0.2265625,0.78125,8,1.0,0.8888888888888891,0.11111111111111094,0.0,1.0,0.8631578947368421,0.13684210526315788,0.28846153846153844,0.7115384615384616,1.554,2.340291666666667,0.7862916666666667,1.319905340375044
363,363,audio__male,What do you call the leader of Australia?,8,0,1,What,1.0,1.0,0.124999999984375,1.0,0.0,0.9999999989999999,0.124999999984375,0.9999999999351122,0.0,0.99609375,0.66796875,0.328125,0.2001953125,0.7958984375,1,1.0,0.6622661785325221,0.3377338214674779,0.3458572319330374,0.6541427680669626,0.43859649122807015,0.5614035087719298,0.3333333333333333,0.6666666666666667,0.060458333333333336,0.260875,0.20041666666666666,1.222163948625166
363,363,audio__male,What do you call the leader of Australia?,8,1,2,do,1.0,1.0,0.124999999984375,1.0,0.0,0.9999999989999999,0.124999999984375,0.9999999999351122,0.0,0.99609375,0.169921875,0.826171875,0.10205078125,0.89404296875,2,1.0,0.7980238751210131,0.20197612487898686,0.6936879756192962,0.3063120243807038,0.591304347826087,0.408695652173913,0.6194690265486725,0.38053097345132747,0.301,0.351,0.05,1.222163948625166
363,363,audio__male,What do you call the leader of Australia?,8,2,3,you,1.0,1.0,0.124999999984375,1.0,0.0,0.9999999989999999,0.124999999984375,0.9999999999351122,0.0,0.99609375,0.8359375,0.16015625,0.3046875,0.69140625,3,1.0,1.0000000000000004,-4.440892098500626e-16,0.7980238751210131,0.20197612487898686,1.0,0.0,0.591304347826087,0.408695652173913,0.411375,0.5017083333333333,0.09033333333333333,1.222163948625166
363,363,audio__male,What do you call the leader of Australia?,8,3,4,call,1.0,1.0,0.124999999984375,1.0,0.0,0.9999999989999999,0.124999999984375,0.9999999999351122,0.0,0.99609375,0.21875,0.77734375,0.2099609375,0.7861328125,4,1.0,0.0,1.0,0.0,1.0,0.2644628099173554,0.7355371900826446,0.23655913978494625,0.7634408602150538,0.5418333333333333,0.80275,0.2609166666666667,1.222163948625166
363,363,audio__male,What do you call the leader of Australia?,8,4,5,the,1.0,1.0,0.124999999984375,1.0,0.0,0.9999999989999999,0.124999999984375,0.9999999999351122,0.0,0.99609375,0.859375,0.13671875,0.09765625,0.8984375,5,1.0,1.0000000000000004,-4.440892098500626e-16,0.2901905000440048,0.7098094999559952,1.0,0.0,0.3418803418803419,0.6581196581196581,0.842875,0.9030833333333333,0.060208333333333336,1.222163948625166
363,363,audio__male,What do you call the leader of Australia?,8,5,6,leader,1.0,1.0,0.124999999984375,1.0,0.0,0.9999999989999999,0.124999999984375,0.9999999999351122,0.0,0.99609375,0.7578125,0.23828125,0.255859375,0.740234375,6,1.0,0.6515837655350017,0.34841623446499825,0.362738125055006,0.637261874944994,0.6923076923076923,0.3076923076923077,0.46153846153846156,0.5384615384615384,0.95325,1.2141666666666666,0.2609166666666667,1.222163948625166
363,363,audio__male,What do you call the leader of Australia?,8,6,7,of,1.0,1.0,0.124999999984375,1.0,0.0,0.9999999989999999,0.124999999984375,0.9999999999351122,0.0,0.99609375,0.6953125,0.30078125,0.1728515625,0.8232421875,7,1.0,1.0000000000000004,-4.440892098500626e-16,0.4842001247062524,0.5157998752937476,1.0,0.0,0.4852941176470588,0.5147058823529411,1.2643333333333333,1.3143333333333334,0.05,1.222163948625166
363,363,audio__male,What do you call the leader of Australia?,8,7,8,Australia?,1.0,1.0,0.124999999984375,1.0,0.0,0.9999999989999999,0.124999999984375,0.9999999999351122,0.0,0.99609375,0.2353515625,0.7607421875,0.1875,0.80859375,8,1.0,0.6847623832623261,0.3152376167376739,0.0,1.0,0.5076923076923077,0.49230769230769234,0.176,0.8240000000000001,1.3646666666666667,2.0065833333333334,0.6419166666666667,1.222163948625166
448,448,audio__male,What is the deadliest hurricane to hit North Carolina?,9,0,1,What,1.0,1.0,0.11111111109876542,1.0,0.0,0.9999999989999999,0.11111111109876542,0.9999999999394577,0.0,1.0,0.56640625,0.43359375,0.486328125,0.513671875,1,1.0,0.7833494518006402,0.2166505481993598,0.6030226891555273,0.39697731084447274,0.7480916030534351,0.25190839694656486,0.5362318840579711,0.46376811594202894,0.061,0.2820416666666667,0.22104166666666666,1.266882907555555
448,448,audio__male,What is the deadliest hurricane to hit North Carolina?,9,1,2,is,1.0,1.0,0.11111111109876542,1.0,0.0,0.9999999989999999,0.11111111109876542,0.9999999999394577,0.0,1.0,0.54296875,0.45703125,0.5703125,0.4296875,2,1.0,0.7833494518006402,0.2166505481993598,0.6030226891555273,0.39697731084447274,0.7480916030534351,0.25190839694656486,0.5362318840579711,0.46376811594202894,0.3425,0.44325,0.10075,1.266882907555555
448,448,audio__male,What is the deadliest hurricane to hit North Carolina?,9,2,3,the,1.0,1.0,0.11111111109876542,1.0,0.0,0.9999999989999999,0.11111111109876542,0.9999999999394577,0.0,1.0,0.703125,0.296875,0.2412109375,0.7587890625,3,1.0,0.7833494518006402,0.2166505481993598,0.6030226891555273,0.39697731084447274,0.8,0.19999999999999996,0.6446280991735537,0.3553719008264463,0.48354166666666665,0.544,0.060458333333333336,1.266882907555555
448,448,audio__male,What is the deadliest hurricane to hit North Carolina?,9,3,4,deadliest,1.0,1.0,0.11111111109876542,1.0,0.0,0.9999999989999999,0.11111111109876542,0.9999999999394577,0.0,1.0,0.236328125,0.763671875,0.29296875,0.70703125,4,1.0,0.0,1.0,0.40201512610368484,0.5979848738963152,0.23214285714285715,0.7678571428571428,0.5669291338582677,0.4330708661417323,0.6044166666666667,1.0678333333333334,0.46341666666666664,1.266882907555555
448,448,audio__male,What is the deadliest hurricane to hit North Carolina?,9,4,5,hurricane,1.0,1.0,0.11111111109876542,1.0,0.0,0.9999999989999999,0.11111111109876542,0.9999999999394577,0.0,1.0,0.33203125,0.66796875,0.48828125,0.51171875,5,1.0,0.6689936080056728,0.33100639199432724,0.0,1.0,0.6451612903225806,0.3548387096774194,0.20833333333333334,0.7916666666666666,1.1282916666666667,1.6118333333333332,0.48354166666666665,1.266882907555555
448,448,audio__male,What is the deadliest hurricane to hit North Carolina?,9,5,6,to,1.0,1.0,0.11111111109876542,1.0,0.0,0.9999999989999999,0.11111111109876542,0.9999999999394577,0.0,1.0,0.34375,0.65625,0.359375,0.640625,6,1.0,0.7833494518006402,0.2166505481993598,0.0,1.0,0.7368421052631579,0.26315789473684215,0.20618556701030927,0.7938144329896908,1.6722916666666667,1.7222916666666668,0.05,1.266882907555555
448,448,audio__male,What is the deadliest hurricane to hit North Carolina?,9,6,7,hit,1.0,1.0,0.11111111109876542,1.0,0.0,0.9999999989999999,0.11111111109876542,0.9999999999394577,0.0,1.0,0.546875,0.453125,0.14453125,0.85546875,7,1.0,0.7833494518006402,0.2166505481993598,0.1611645928050761,0.8388354071949239,0.7480916030534351,0.25190839694656486,0.26666666666666666,0.7333333333333334,1.7931666666666666,1.9745,0.18133333333333335,1.266882907555555
448,448,audio__male,What is the deadliest hurricane to hit North Carolina?,9,7,8,North,1.0,1.0,0.11111111109876542,1.0,0.0,0.9999999989999999,0.11111111109876542,0.9999999999394577,0.0,1.0,0.48828125,0.51171875,0.41796875,0.58203125,8,1.0,0.7833494518006402,0.2166505481993598,0.0,1.0,0.7480916030534351,0.25190839694656486,0.20833333333333334,0.7916666666666666,2.0349583333333334,2.276708333333333,0.24175,1.266882907555555
448,448,audio__male,What is the deadliest hurricane to hit North Carolina?,9,8,9,Carolina?,1.0,1.0,0.11111111109876542,1.0,0.0,0.9999999989999999,0.11111111109876542,0.9999999999394577,0.0,1.0,0.1328125,0.8671875,0.23046875,0.76953125,9,1.0,0.7833494518006402,0.2166505481993598,0.08703882797784893,0.9129611720221511,0.7480916030534351,0.25190839694656486,0.3387096774193548,0.6612903225806452,2.317,3.1022083333333335,0.7852083333333333,1.266882907555555
490,490,audio__male,"What is the population of Rio, Brazil?",7,0,1,What,1.0,1.0,0.1428571428367347,1.0,0.0,0.9999999989999999,0.1428571428367347,0.9999999999305568,0.0,1.0,0.328125,0.671875,0.248046875,0.751953125,1,1.0,0.5163977794943222,0.4836022205056778,0.5270462766947299,0.4729537233052701,0.1188118811881188,0.8811881188118812,0.3917525773195876,0.6082474226804124,0.06079166666666667,0.281625,0.22083333333333333,1.3340931035719612
490,490,audio__male,"What is the population of Rio, Brazil?",7,1,2,is,1.0,1.0,0.1428571428367347,1.0,0.0,0.9999999989999999,0.1428571428367347,0.9999999999305568,0.0,1.0,0.216796875,0.783203125,0.251953125,0.748046875,2,1.0,0.6324555320336759,0.3675444679663241,0.6666666666666667,0.33333333333333326,0.4444444444444444,0.5555555555555556,0.5242718446601942,0.47572815533980584,0.342,0.44258333333333333,0.10058333333333333,1.3340931035719612
490,490,audio__male,"What is the population of Rio, Brazil?",7,2,3,the,1.0,1.0,0.1428571428367347,1.0,0.0,0.9999999989999999,0.1428571428367347,0.9999999999305568,0.0,1.0,0.1826171875,0.8173828125,0.5703125,0.4296875,3,1.0,0.6324555320336759,0.3675444679663241,1.0000000000000002,-2.220446049250313e-16,0.4444444444444444,0.5555555555555556,1.0,0.0,0.4827916666666667,0.5431666666666667,0.060375,1.3340931035719612
490,490,audio__male,"What is the population of Rio, Brazil?",7,3,4,population,1.0,1.0,0.1428571428367347,1.0,0.0,0.9999999989999999,0.1428571428367347,0.9999999999305568,0.0,1.0,0.3828125,0.6171875,0.421875,0.578125,4,1.0,0.6030226891555273,0.39697731084447274,0.5270462766947299,0.4729537233052701,0.5806451612903226,0.4193548387096774,0.631578947368421,0.368421052631579,0.6035,1.1869166666666666,0.5834166666666667,1.3340931035719612
490,490,audio__male,"What is the population of Rio, Brazil?",7,4,5,of,1.0,1.0,0.1428571428367347,1.0,0.0,0.9999999989999999,0.1428571428367347,0.9999999999305568,0.0,1.0,0.482421875,0.517578125,0.53125,0.46875,5,1.0,1.0000000000000002,-2.220446049250313e-16,0.5270462766947299,0.4729537233052701,1.0,0.0,0.6451612903225806,0.3548387096774194,1.2271666666666667,1.2875,0.060333333333333336,1.3340931035719612
490,490,audio__male,"What is the population of Rio, Brazil?",7,5,6,"Rio,",1.0,1.0,0.1428571428367347,1.0,0.0,0.9999999989999999,0.1428571428367347,0.9999999999305568,0.0,1.0,0.3828125,0.6171875,0.1767578125,0.8232421875,6,1.0,0.12598815766974242,0.8740118423302576,0.20100756305184242,0.7989924369481576,0.2391304347826087,0.7608695652173914,0.1941747572815534,0.8058252427184466,1.347875,1.71,0.362125,1.3340931035719612
490,490,audio__male,"What is the population of Rio, Brazil?",7,6,7,Brazil?,1.0,1.0,0.1428571428367347,1.0,0.0,0.9999999989999999,0.1428571428367347,0.9999999999305568,0.0,1.0,0.2890625,0.7109375,0.11474609375,0.88525390625,7,1.0,0.6324555320336759,0.3675444679663241,0.09622504486493763,0.9037749551350623,0.4444444444444444,0.5555555555555556,0.3,0.7,1.90925,2.3733333333333335,0.46408333333333335,1.3340931035719612
546,546,audio__male,What year was Vietnam colonized by the French?,8,0,1,What,1.0,1.0,0.124999999984375,1.0,0.0,0.9999999989999999,0.124999999984375,0.9999999999351122,0.0,0.99609375,0.6015625,0.39453125,0.494140625,0.501953125,1,1.0,0.645497224367903,0.354502775632097,0.5892556509887897,0.41074434901121026,0.5617977528089888,0.4382022471910112,0.6185567010309279,0.38144329896907214,0.06108333333333334,0.302375,0.24129166666666665,1.2412638724999852
546,546,audio__male,What year was Vietnam colonized by the French?,8,1,2,year,1.0,1.0,0.124999999984375,1.0,0.0,0.9999999989999999,0.124999999984375,0.9999999999351122,0.0,0.99609375,0.51953125,0.4765625,0.5625,0.43359375,2,1.0,0.7216878364870323,0.2783121635129677,0.5604485383178051,0.43955146168219494,0.5714285714285714,0.4285714285714286,0.6306306306306306,0.36936936936936937,0.383,0.554375,0.171375,1.2412638724999852
546,546,audio__male,What year was Vietnam colonized by the French?,8,2,3,was,1.0,1.0,0.124999999984375,1.0,0.0,0.9999999989999999,0.124999999984375,0.9999999999351122,0.0,0.99609375,0.5625,0.43359375,0.29296875,0.703125,3,1.0,0.6123724356957946,0.3876275643042054,0.5773502691896258,0.42264973081037416,0.7058823529411765,0.2941176470588235,0.6554621848739496,0.3445378151260504,0.6047916666666666,0.72575,0.12095833333333333,1.2412638724999852
546,546,audio__male,What year was Vietnam colonized by the French?,8,3,4,Vietnam,1.0,1.0,0.124999999984375,1.0,0.0,0.9999999989999999,0.124999999984375,0.9999999999351122,0.0,0.99609375,0.30078125,0.6953125,0.71875,0.27734375,4,1.0,0.1666666666666667,0.8333333333333333,0.17407765595569785,0.8259223440443022,0.3779527559055118,0.6220472440944882,0.27350427350427353,0.7264957264957265,0.77675,1.2902083333333334,0.5134583333333333,1.2412638724999852
546,546,audio__male,What year was Vietnam colonized by the French?,8,4,5,colonized,1.0,1.0,0.124999999984375,1.0,0.0,0.9999999989999999,0.124999999984375,0.9999999999351122,0.0,0.99609375,0.4765625,0.51953125,0.462890625,0.533203125,5,1.0,0.6123724356957946,0.3876275643042054,0.0,1.0,0.7058823529411765,0.2941176470588235,0.2905982905982906,0.7094017094017093,1.3305416666666667,1.895,0.5644583333333333,1.2412638724999852
546,546,audio__male,What year was Vietnam colonized by the French?,8,5,6,by,1.0,1.0,0.124999999984375,1.0,0.0,0.9999999989999999,0.124999999984375,0.9999999999351122,0.0,0.99609375,0.609375,0.38671875,0.51953125,0.4765625,6,1.0,0.7071067811865477,0.2928932188134523,0.0,1.0,0.6391752577319587,0.3608247422680413,0.3103448275862069,0.6896551724137931,1.9353333333333333,2.0764583333333335,0.141125,1.2412638724999852
546,546,audio__male,What year was Vietnam colonized by the French?,8,6,7,the,1.0,1.0,0.124999999984375,1.0,0.0,0.9999999989999999,0.124999999984375,0.9999999999351122,0.0,0.99609375,0.76953125,0.2265625,0.361328125,0.634765625,7,1.0,0.5773502691896258,0.42264973081037416,0.10910894511799622,0.8908910548820038,0.7037037037037037,0.2962962962962963,0.2553191489361702,0.7446808510638299,2.116791666666667,2.197416666666667,0.080625,1.2412638724999852
546,546,audio__male,What year was Vietnam colonized by the French?,8,7,8,French?,1.0,1.0,0.124999999984375,1.0,0.0,0.9999999989999999,0.124999999984375,0.9999999999351122,0.0,0.99609375,0.51171875,0.484375,0.53125,0.46484375,8,1.0,0.5773502691896258,0.42264973081037416,0.08333333333333336,0.9166666666666666,0.6229508196721312,0.3770491803278688,0.2608695652173913,0.7391304347826086,2.2670833333333333,2.680625,0.41354166666666664,1.2412638724999852
582,582,audio__male,When did JFK make his famous speech?,7,0,1,When,1.0,1.0,0.1428571428367347,1.0,0.0,0.9999999989999999,0.1428571428367347,0.9999999999305568,0.0,1.0,0.67578125,0.32421875,0.71875,0.28125,1,1.0,0.6666666666666667,0.33333333333333326,0.4714045207910317,0.5285954792089683,0.6226415094339622,0.37735849056603776,0.5684210526315789,0.43157894736842106,0.041,0.3025833333333333,0.26158333333333333,1.328945165429364
582,582,audio__male,When did JFK make his famous speech?,7,1,2,did,1.0,1.0,0.1428571428367347,1.0,0.0,0.9999999989999999,0.1428571428367347,0.9999999999305568,0.0,1.0,0.984375,0.015625,0.46484375,0.53515625,2,1.0,1.0000000000000002,-2.220446049250313e-16,0.316227766016838,0.683772233983162,1.0,0.0,0.47058823529411764,0.5294117647058824,0.32808333333333334,0.4841666666666667,0.15608333333333332,1.328945165429364
582,582,audio__male,When did JFK make his famous speech?,7,2,3,JFK,1.0,1.0,0.1428571428367347,1.0,0.0,0.9999999989999999,0.1428571428367347,0.9999999999305568,0.0,1.0,0.546875,0.453125,0.46484375,0.53515625,3,1.0,0.2222222222222222,0.7777777777777778,0.10050378152592121,0.8994962184740788,0.3584905660377358,0.6415094339622642,0.41739130434782606,0.5826086956521739,0.5245,1.0288333333333333,0.5043333333333333,1.328945165429364
582,582,audio__male,When did JFK make his famous speech?,7,3,4,make,1.0,1.0,0.1428571428367347,1.0,0.0,0.9999999989999999,0.1428571428367347,0.9999999999305568,0.0,1.0,0.70703125,0.29296875,0.671875,0.328125,4,1.0,0.4714045207910317,0.5285954792089683,0.10050378152592121,0.8994962184740788,0.6,0.4,0.4230769230769231,0.5769230769230769,1.2608333333333333,1.392,0.13116666666666665,1.328945165429364
582,582,audio__male,When did JFK make his famous speech?,7,4,5,his,1.0,1.0,0.1428571428367347,1.0,0.0,0.9999999989999999,0.1428571428367347,0.9999999999305568,0.0,1.0,0.76171875,0.23828125,0.439453125,0.560546875,5,1.0,0.4714045207910317,0.5285954792089683,0.10050378152592121,0.8994962184740788,0.41237113402061853,0.5876288659793815,0.41739130434782606,0.5826086956521739,1.4525,1.5735416666666666,0.12104166666666667,1.328945165429364
582,582,audio__male,When did JFK make his famous speech?,7,5,6,famous,1.0,1.0,0.1428571428367347,1.0,0.0,0.9999999989999999,0.1428571428367347,0.9999999999305568,0.0,1.0,0.54296875,0.45703125,0.45703125,0.54296875,6,1.0,0.629940788348712,0.37005921165128797,0.0,1.0,0.5656565656565656,0.43434343434343436,0.22916666666666666,0.7708333333333334,1.613875,1.9568333333333334,0.3429583333333333,1.328945165429364
582,582,audio__male,When did JFK make his famous speech?,7,6,7,speech?,1.0,1.0,0.1428571428367347,1.0,0.0,0.9999999989999999,0.1428571428367347,0.9999999999305568,0.0,1.0,0.6484375,0.3515625,0.6328125,0.3671875,7,1.0,0.6324555320336759,0.3675444679663241,0.0,1.0,0.6111111111111112,0.38888888888888884,0.3008849557522124,0.6991150442477876,2.037541666666667,2.4605,0.4229583333333333,1.328945165429364
641,641,audio__male,When was Rubén Darío born?,5,0,1,When,1.0,1.0,0.19999999996,1.0,0.0,0.9999999989999999,0.19999999996,0.999999999924267,0.0,1.0,0.43359375,0.56640625,0.1923828125,0.8076171875,1,1.0,1.0000000000000002,-2.220446049250313e-16,0.40089186286863665,0.5991081371313633,1.0,0.0,0.5714285714285714,0.4285714285714286,0.04045833333333333,0.27108333333333334,0.230625,1.3177500239980873
641,641,audio__male,When was Rubén Darío born?,5,1,2,was,1.0,1.0,0.19999999996,1.0,0.0,0.9999999989999999,0.19999999996,0.999999999924267,0.0,1.0,0.86328125,0.13671875,0.34375,0.65625,2,1.0,0.8750000000000001,0.12499999999999989,0.0,1.0,0.975,0.025000000000000022,0.1794871794871795,0.8205128205128205,0.32129166666666664,0.4518333333333333,0.13054166666666667,1.3177500239980873
641,641,audio__male,When was Rubén Darío born?,5,2,3,Rubén,1.0,1.0,0.19999999996,1.0,0.0,0.9999999989999999,0.19999999996,0.999999999924267,0.0,1.0,0.384765625,0.615234375,0.37109375,0.62890625,3,1.0,0.0,1.0,0.0,1.0,0.136986301369863,0.863013698630137,0.20930232558139536,0.7906976744186046,0.502,0.8233333333333334,0.32133333333333336,1.3177500239980873
641,641,audio__male,When was Rubén Darío born?,5,3,4,Darío,1.0,1.0,0.19999999996,1.0,0.0,0.9999999989999999,0.19999999996,0.999999999924267,0.0,1.0,0.3203125,0.6796875,0.146484375,0.853515625,4,1.0,0.5345224838248489,0.4654775161751511,0.0,1.0,0.6933333333333334,0.30666666666666664,0.0625,0.9375,0.8434166666666667,1.2249583333333334,0.38154166666666667,1.3177500239980873
641,641,audio__male,When was Rubén Darío born?,5,4,5,born?,1.0,1.0,0.19999999996,1.0,0.0,0.9999999989999999,0.19999999996,0.999999999924267,0.0,1.0,0.68359375,0.31640625,0.0252685546875,0.9747314453125,5,1.0,0.5303300858899107,0.4696699141100893,0.0,1.0,0.4927536231884058,0.5072463768115942,0.25,0.75,1.2785,1.62625,0.34775,1.3177500239980873
702,702,audio__male,When were the Gallic Wars?,5,0,1,When,1.0,1.0,0.19999999996,1.0,0.0,0.9999999989999999,0.19999999996,0.999999999924267,0.0,1.0,0.58984375,0.41015625,0.4609375,0.5390625,1,1.0,0.8981462390204987,0.10185376097950127,0.930949336251263,0.06905066374873703,0.8828828828828829,0.11711711711711714,0.9310344827586207,0.06896551724137934,0.04075,0.2718333333333333,0.23108333333333334,1.3594566081999802
702,702,audio__male,When were the Gallic Wars?,5,1,2,were,1.0,1.0,0.19999999996,1.0,0.0,0.9999999989999999,0.19999999996,0.999999999924267,0.0,1.0,0.640625,0.359375,0.12255859375,0.87744140625,2,1.0,0.930949336251263,0.06905066374873703,0.2581988897471611,0.7418011102528389,0.9310344827586207,0.06896551724137934,0.4854368932038835,0.5145631067961165,0.32216666666666666,0.443,0.12083333333333333,1.3594566081999802
702,702,audio__male,When were the Gallic Wars?,5,2,3,the,1.0,1.0,0.19999999996,1.0,0.0,0.9999999989999999,0.19999999996,0.999999999924267,0.0,1.0,0.86328125,0.13671875,0.12060546875,0.87939453125,3,1.0,1.0,0.0,0.2581988897471611,0.7418011102528389,1.0,0.0,0.2857142857142857,0.7142857142857143,0.5034166666666666,0.5638333333333333,0.06041666666666667,1.3594566081999802
702,702,audio__male,When were the Gallic Wars?,5,3,4,Gallic,1.0,1.0,0.19999999996,1.0,0.0,0.9999999989999999,0.19999999996,0.999999999924267,0.0,1.0,0.302734375,0.697265625,0.02978515625,0.97021484375,4,1.0,0.451848057057532,0.5481519429424679,0.0,1.0,0.4423076923076923,0.5576923076923077,0.2127659574468085,0.7872340425531915,0.604125,0.8860416666666666,0.28191666666666665,1.3594566081999802
702,702,audio__male,When were the Gallic Wars?,5,4,5,Wars?,1.0,1.0,0.19999999996,1.0,0.0,0.9999999989999999,0.19999999996,0.999999999924267,0.0,1.0,0.63671875,0.36328125,0.2734375,0.7265625,5,1.0,0.930949336251263,0.06905066374873703,0.149071198499986,0.850928801500014,0.9310344827586207,0.06896551724137934,0.19642857142857142,0.8035714285714286,0.9665833333333333,1.3687916666666666,0.40220833333333333,1.3594566081999802
737,737,audio__male,Which countries border the Persian Gulf?,6,0,1,Which,1.0,1.0,0.16666666663888888,1.0,0.0,0.9999999989999999,0.16666666663888888,0.9999999999263517,0.0,0.99609375,0.64453125,0.3515625,0.5234375,0.47265625,1,1.0,0.9486832980505138,0.05131670194948623,0.44543540318737396,0.554564596812626,0.9523809523809523,0.04761904761904767,0.42201834862385323,0.5779816513761468,0.060625,0.3415416666666667,0.28091666666666665,1.3411157163330547
737,737,audio__male,Which countries border the Persian Gulf?,6,1,2,countries,1.0,1.0,0.16666666663888888,1.0,0.0,0.9999999989999999,0.16666666663888888,0.9999999999263517,0.0,0.99609375,0.61328125,0.3828125,0.451171875,0.544921875,2,1.0,0.9486832980505138,0.05131670194948623,0.40201512610368484,0.5979848738963152,0.9523809523809523,0.04761904761904767,0.4576271186440678,0.5423728813559322,0.38175,0.843875,0.462125,1.3411157163330547
737,737,audio__male,Which countries border the Persian Gulf?,6,2,3,border,1.0,1.0,0.16666666663888888,1.0,0.0,0.9999999989999999,0.16666666663888888,0.9999999999263517,0.0,0.99609375,0.447265625,0.548828125,0.455078125,0.541015625,3,1.0,0.4622501635210244,0.5377498364789757,0.44543540318737396,0.554564596812626,0.42105263157894735,0.5789473684210527,0.42201834862385323,0.5779816513761468,0.8840833333333333,1.2256666666666667,0.34158333333333335,1.3411157163330547
737,737,audio__male,Which countries border the Persian Gulf?,6,3,4,the,1.0,1.0,0.16666666663888888,1.0,0.0,0.9999999989999999,0.16666666663888888,0.9999999999263517,0.0,0.99609375,0.71875,0.27734375,0.443359375,0.552734375,4,1.0,1.0000000000000002,-2.220446049250313e-16,0.44543540318737396,0.554564596812626,1.0,0.0,0.42201834862385323,0.5779816513761468,1.2658333333333334,1.326125,0.06029166666666667,1.3411157163330547
737,737,audio__male,Which countries border the Persian Gulf?,6,4,5,Persian,1.0,1.0,0.16666666663888888,1.0,0.0,0.9999999989999999,0.16666666663888888,0.9999999999263517,0.0,0.99609375,0.484375,0.51171875,0.5859375,0.41015625,5,1.0,0.41666666666666663,0.5833333333333334,0.14547859349066158,0.8545214065093384,0.3076923076923077,0.6923076923076923,0.2962962962962963,0.7037037037037037,1.3864166666666666,1.78825,0.4018333333333333,1.3411157163330547
737,737,audio__male,Which countries border the Persian Gulf?,6,5,6,Gulf?,1.0,1.0,0.16666666663888888,1.0,0.0,0.9999999989999999,0.16666666663888888,0.9999999999263517,0.0,0.99609375,0.6484375,0.34765625,0.4453125,0.55078125,6,1.0,0.44543540318737396,0.554564596812626,0.0,1.0,0.42201834862385323,0.5779816513761468,0.2564102564102564,0.7435897435897436,1.8284583333333333,2.2299166666666665,0.4014583333333333,1.3411157163330547
783,783,audio__male,Who is the main character of Fate/Zero?,7,0,1,Who,1.0,1.0,0.1428571428367347,1.0,0.0,0.9999999989999999,0.1428571428367347,0.9999999999305568,0.0,0.99609375,0.90234375,0.09375,0.35546875,0.640625,1,1.0,0.7144345083117604,0.28556549168823964,0.6250000000000001,0.3749999999999999,0.6521739130434783,0.34782608695652173,0.8055555555555556,0.19444444444444442,0.08066666666666666,0.26108333333333333,0.18041666666666667,1.2214507668561834
783,783,audio__male,Who is the main character of Fate/Zero?,7,1,2,is,1.0,1.0,0.1428571428367347,1.0,0.0,0.9999999989999999,0.1428571428367347,0.9999999999305568,0.0,0.99609375,0.10302734375,0.89306640625,0.2890625,0.70703125,2,1.0,0.6123724356957946,0.3876275643042054,0.6681531047810612,0.33184689521893884,0.7,0.30000000000000004,0.7297297297297297,0.2702702702702703,0.32133333333333336,0.42175,0.10041666666666667,1.2214507668561834
783,783,audio__male,Who is the main character of Fate/Zero?,7,2,3,the,1.0,1.0,0.1428571428367347,1.0,0.0,0.9999999989999999,0.1428571428367347,0.9999999999305568,0.0,0.99609375,0.90234375,0.09375,0.310546875,0.685546875,3,1.0,0.7500000000000001,0.2499999999999999,0.6250000000000001,0.3749999999999999,0.8051948051948052,0.19480519480519476,0.7894736842105263,0.21052631578947367,0.48204166666666665,0.5422916666666666,0.06025,1.2214507668561834
783,783,audio__male,Who is the main character of Fate/Zero?,7,3,4,main,1.0,1.0,0.1428571428367347,1.0,0.0,0.9999999989999999,0.1428571428367347,0.9999999999305568,0.0,0.99609375,0.8828125,0.11328125,0.0224609375,0.9736328125,4,1.0,0.5892556509887896,0.4107443490112104,0.0,1.0,0.6511627906976745,0.34883720930232553,0.13793103448275862,0.8620689655172413,0.6025416666666666,0.8234583333333333,0.22091666666666668,1.2214507668561834
783,783,audio__male,Who is the main character of Fate/Zero?,7,4,5,character,1.0,1.0,0.1428571428367347,1.0,0.0,0.9999999989999999,0.1428571428367347,0.9999999999305568,0.0,0.99609375,0.10400390625,0.89208984375,0.08154296875,0.91455078125,5,1.0,0.5303300858899107,0.4696699141100893,0.0,1.0,0.5393258426966292,0.4606741573033708,0.18181818181818182,0.8181818181818181,0.863625,1.2653333333333334,0.40170833333333333,1.2214507668561834
783,783,audio__male,Who is the main character of Fate/Zero?,7,5,6,of,1.0,1.0,0.1428571428367347,1.0,0.0,0.9999999989999999,0.1428571428367347,0.9999999999305568,0.0,0.99609375,0.890625,0.10546875,0.1533203125,0.8427734375,6,1.0,0.7500000000000001,0.2499999999999999,0.0,1.0,0.8051948051948052,0.19480519480519476,0.18181818181818182,0.8181818181818181,1.3456666666666666,1.4059166666666667,0.06025,1.2214507668561834
783,783,audio__male,Who is the main character of Fate/Zero?,7,6,7,Fate/Zero?,1.0,1.0,0.1428571428367347,1.0,0.0,0.9999999989999999,0.1428571428367347,0.9999999999305568,0.0,0.99609375,-0.000957489013671875,0.9970512390136719,0.75,0.24609375,7,1.0,0.7826237921249265,0.2173762078750735,0.0,1.0,0.75,0.25,0.1276595744680851,0.8723404255319149,1.5302083333333334,2.470125,0.9399166666666666,1.2214507668561834
