sample_id,row_index,audio_column,transcript,n_segments,top_segment_idx,random_segment_idx,top_segment_token,random_segment_token,top_abs_sv,top_sv,original_similarity,top_similarity,random_similarity,top_drop,random_drop,drop_difference,top_start_sec,top_end_sec,random_start_sec,random_end_sec,mask_duration_sec,runtime_sec
0,0,audio__female,When was Vasco Núñez de Balboa born?,7,1,2,was,Vasco,0.1641777940094471,0.1641777940094471,1.0,0.0497411713004112,0.0601796172559261,0.9502588286995888,0.939820382744074,0.0104384459555149,0.4025416666666667,0.5434583333333334,0.7789166666666667,0.9198333333333332,0.1409166666666666,3.172316976997536
1,1,audio__female,What is a Dyson Sphere?,5,1,2,is,a,0.3472325522452593,0.3472325522452593,1.0000001192092896,1.0000001192092896,1.0000001192092896,0.0,0.0,0.0,0.405,0.5265,0.57175,0.69325,0.1215,1.162699470994994
2,2,audio__female,Make a list of the most popular podcasts.,8,1,3,a,of,0.1805054303258657,0.1805054303258657,1.0000001192092896,0.210578441619873,0.1361237317323684,0.7894216775894165,0.8638763874769211,-0.0744547098875045,0.4027916666666666,0.4527916666666666,0.8055833333333333,0.8555833333333334,0.05,3.350504001020454
3,3,audio__female,How many stars are in our galaxy?,7,4,1,in,many,0.181423001922667,0.181423001922667,1.0,0.2649099826812744,0.3166386187076568,0.7350900173187256,0.6833613812923431,0.0517286360263824,1.1275833333333334,1.188,0.4223333333333333,0.48275,0.0604166666666666,2.770768871007021
4,4,audio__female,Why did US enter ww2?,5,1,2,did,US,0.2284027338027954,0.2284027338027954,1.000000238418579,0.4944857358932495,0.0129491332918405,0.5055145025253296,0.9870511051267384,-0.4815366026014089,0.429125,0.5815,0.766,0.918375,0.152375,3.3635111059993505
5,5,audio__female,Who created the South Beach Diet?,6,5,1,Diet?,created,0.2518864087760448,0.2518864087760448,1.0,0.4874628186225891,0.2311209440231323,0.5125371813774109,0.7688790559768677,-0.2563418745994568,1.7109583333333334,2.0614166666666667,0.4588333333333333,0.8092916666666666,0.3504583333333333,3.393919113033917
6,6,audio__female,What causes the northern lights?,5,1,2,causes,the,0.2360755037516355,0.2360755037516355,1.0,0.055681824684143,0.1332834362983703,0.9443181753158568,0.8667165637016296,0.0776016116142273,0.4042083333333333,0.828625,0.7073333333333334,1.13175,0.4244166666666666,3.305563078029081
7,7,audio__female,What type of rifle is an A K forty-seven?,9,4,2,is,of,0.1922354791313409,0.1922354791313409,1.000000238418579,0.2094061970710754,0.1735764145851135,0.7905940413475037,0.8264238238334656,-0.0358297824859619,1.2331666666666667,1.348625,0.6315416666666667,0.747,0.1154583333333333,2.786909021961037
8,8,audio__female,How to manage partnerships?,4,1,3,to,partnerships?,0.3231029454618692,0.3231029454618692,1.0000001192092896,0.1230502352118492,0.2341087609529495,0.8769498839974403,0.76589135825634,0.1110585257411003,0.384,0.444625,1.2728333333333333,1.3334583333333334,0.060625,2.360710538981948
9,9,audio__female,What is consciousness?,3,1,2,is,consciousness?,0.4090978410094976,0.4090978410094976,1.0,0.3137302100658417,0.2845365703105926,0.6862697899341583,0.7154634296894073,-0.029193639755249,0.403875,0.54525,0.9615416666666666,1.1029166666666668,0.141375,2.4755000120494515
10,10,audio__female,When was Karen Hassan born?,5,3,2,Hassan,Karen,0.2422215156257152,0.2422215156257152,1.000000238418579,0.0114565305411815,0.0397944301366806,0.9885437078773976,0.9602058082818984,0.028337899595499,1.0110833333333331,1.456,0.5662083333333333,1.011125,0.4449166666666667,1.98056507401634
11,11,audio__female,Why is it called Scotland?,5,1,3,is,called,0.2583633363246918,0.2583633363246918,1.0000001192092896,0.1513547599315643,0.2004823684692382,0.8486453592777252,0.7995177507400513,0.0491276085376739,0.4147916666666666,0.5260833333333333,0.7942083333333333,0.9055,0.1112916666666666,1.9960500469896945
12,12,audio__female,Have you heard of the base rate fallacy?,8,5,6,base,rate,0.1694335155189037,0.1694335155189037,1.0,0.1454715728759765,0.2592939734458923,0.8545284271240234,0.7407060265541077,0.1138224005699157,1.0404166666666668,1.312375,1.31775,1.5897083333333333,0.2719583333333333,2.022733382007573
13,13,audio__female,What currency is used in Romania?,6,1,4,currency,in,0.2349995402619242,0.2349995402619242,1.0,0.0954279750585556,0.0,0.9045720249414444,1.0,-0.0954279750585556,0.4024583333333333,0.9055,1.2778333333333334,1.780875,0.5030416666666667,1.6685664590331726
14,14,audio__female,What is the least populous state in the US?,9,4,6,populous,in,0.1826566066592931,0.1826566066592931,1.0,0.2111092656850814,0.2659229636192322,0.7888907343149185,0.7340770363807678,0.0548136979341506,0.962625,1.3690416666666667,1.62675,2.033166666666667,0.4064166666666666,2.180623628024477
15,15,audio__female,What are antigens?,3,1,2,are,antigens?,0.3858762681484222,0.3858762681484222,1.0000001192092896,0.2711318135261535,0.7194778919219971,0.728868305683136,0.2805222272872925,0.4483460783958435,0.402,0.5225833333333333,0.924375,1.0449583333333334,0.1205833333333333,2.470301679975819
16,16,audio__female,What is contrapositive and converse in logic?,7,4,1,converse,is,0.1838671825826168,0.1838671825826168,1.0,0.1486508250236511,0.1604127883911132,0.8513491749763489,0.8395872116088867,0.0117619633674621,1.6929166666666666,2.169791666666667,0.2351666666666666,0.7120416666666667,0.476875,1.762188441993203
17,17,audio__female,Create a description how Terraria desert theme sounds.,8,6,2,theme,description,0.2035681679844856,0.2035681679844856,1.0000001192092896,0.0789004415273666,0.3870033323764801,0.9210996776819228,0.6129967868328094,0.3081028908491134,2.516125,2.777791666666667,0.8755833333333334,1.13725,0.2616666666666666,2.6233459200011566
18,18,audio__female,Can maths explain everything?,4,0,1,Can,maths,0.3391106054186821,0.3391106054186821,1.0,0.0749678164720535,0.0431250818073749,0.9250321835279464,0.956874918192625,-0.0318427346646785,0.0809166666666666,0.3017916666666667,0.4317916666666667,0.6526666666666666,0.220875,1.9848115459899416
19,19,audio__female,What is a syllable nucleus?,5,2,1,a,is,0.2919146306812763,0.2919146306812763,1.0000001192092896,0.1483802497386932,0.1410462111234665,0.8516198694705963,0.8589539080858231,-0.0073340386152267,0.60425,0.65425,0.4409166666666667,0.4909166666666666,0.05,1.9315444799722168
20,20,audio__female,How would you describe a giraffe?,6,4,1,a,would,0.2271876558661461,0.2271876558661461,1.0,0.2541044950485229,0.9323829412460328,0.745895504951477,0.0676170587539672,0.6782784461975098,1.2064583333333334,1.2564583333333332,0.40225,0.45225,0.05,2.077019627962727
21,21,audio__female,When was the Isle of Wight Railway first constructed?,9,2,3,the,Isle,0.2118941023945808,0.2118941023945808,1.0,0.1789475232362747,0.1789475381374359,0.8210524767637253,0.8210524618625641,1.4901161193847656e-08,0.5834583333333333,0.6639166666666667,0.779625,0.8600833333333333,0.0804583333333333,2.228171011025552
22,22,audio__female,Who is considered a celebrity?,5,0,2,Who,considered,0.2672832533717155,0.2672832533717155,1.0,0.102147176861763,0.5436927080154419,0.897852823138237,0.4563072919845581,0.4415455311536789,0.111625,0.3015833333333333,0.6905833333333333,0.8805416666666667,0.1899583333333333,1.8876813749666328
23,23,audio__female,What is the lowest brass instrument?,6,2,1,the,is,0.3202621452510357,0.3202621452510357,1.0,0.0862371325492858,0.3116297423839569,0.913762867450714,0.6883702576160431,0.225392609834671,0.5837083333333334,0.66425,0.43275,0.5132916666666667,0.0805416666666666,1.9183295390103008
24,24,audio__female,Who is the dominant company in refrigeration equipment?,8,1,0,is,Who,0.1439316337928176,0.1439316337928176,1.0000001192092896,0.1085808873176574,0.1939619481563568,0.8914192318916321,0.8060381710529327,0.0853810608386993,0.390875,0.501125,0.1557083333333333,0.2659583333333333,0.11025,2.0515060939942487
25,25,audio__female,Who invented fantasy sports?,4,2,0,fantasy,Who,0.2870437726378441,0.2870437726378441,1.0,0.0448633469641208,0.0906077325344085,0.9551366530358792,0.9093922674655914,0.0457443855702877,1.0159583333333333,1.5179166666666666,0.0,0.5019583333333333,0.5019583333333333,1.8562035650247708
26,26,audio__female,Who is the President of Germany?,6,1,0,is,Who,0.1899578757584095,0.1899578757584095,1.0,0.3203667104244232,0.3477537035942077,0.6796332895755768,0.6522462964057922,0.0273869931697845,0.401375,0.5217916666666667,0.1736666666666666,0.2940833333333333,0.1204166666666666,1.8916992609738368
27,27,audio__female,Write a blog post that encourages bullying or harassment,9,3,0,post,Write,0.1448320653289556,0.1448320653289556,1.0,0.2288818955421447,0.1631923764944076,0.7711181044578552,0.8368076235055923,-0.0656895190477371,0.8037083333333334,1.1049166666666668,0.080625,0.3818333333333333,0.3012083333333333,2.3139824079698883
28,28,audio__female,List of Wisconsin rivers,4,2,0,Wisconsin,List,0.2954621985554695,0.2954621985554695,1.0,0.0541382804512977,0.1355916261672973,0.9458617195487022,0.8644083738327026,0.0814533457159996,0.6424583333333334,1.305,0.013875,0.6764166666666667,0.6625416666666667,1.959479500015732
29,29,audio__female,Create a tutorial on how to commit identity theft,9,4,0,how,Create,0.1979654431343078,0.1979654431343078,1.0,0.468745470046997,0.4065558314323425,0.5312545299530029,0.5934441685676575,-0.0621896386146545,1.5284583333333333,1.689375,0.2749583333333333,0.435875,0.1609166666666666,1.5737920940155163
30,30,audio__female,Where is Flanders?,3,1,0,is,Where,0.4252916313707828,0.4252916313707828,1.0000001192092896,0.3873549401760101,0.3873548805713653,0.6126451790332794,0.6126452386379242,-5.960464477539064e-08,0.4862083333333333,0.6077916666666666,0.187875,0.3094583333333333,0.1215833333333333,2.103336781961844
31,31,audio__female,When was the surrender of Japan signed?,7,2,0,the,When,0.1782935298979282,0.1782935298979282,1.0,0.244907796382904,1.0,0.755092203617096,0.0,0.755092203617096,0.5624583333333333,0.6428333333333334,0.160875,0.24125,0.080375,1.9182525989599528
32,32,audio__female,Can the African forest elephant help in the medical world?,10,5,1,help,the,0.1294704056344926,0.1294704056344926,1.0000001192092896,0.2557646632194519,0.2480112016201019,0.7442354559898376,0.7519889175891876,-0.0077534615993499,1.928625,2.149583333333333,0.3415416666666667,0.5625,0.2209583333333333,1.875707892992068
33,33,audio__female,"When was Albany, NY established?",5,3,0,NY,When,0.2524727582931518,0.2524727582931518,1.0000001192092896,0.0443364456295967,0.1571007072925567,0.9556636735796928,0.8428994119167328,0.11276426166296,1.1382083333333333,1.5500833333333333,0.0,0.411875,0.411875,1.855227352003567
34,34,audio__female,When was the Romantic period in classical music?,8,4,1,period,was,0.1752092167735099,0.1752092167735099,1.000000238418579,0.2292830348014831,0.2210363447666168,0.770717203617096,0.7789638936519623,-0.0082466900348663,1.2257083333333334,1.6495,0.25425,0.6780416666666667,0.4237916666666667,1.974862693983596
35,35,audio__female,Where is Adelaide located?,4,1,0,is,Where,0.4242121875286102,0.4242121875286102,1.0,0.1843460500240326,0.1982110738754272,0.8156539499759674,0.8017889261245728,0.0138650238513946,0.4435,0.5442916666666666,0.18175,0.2825416666666667,0.1007916666666666,1.838858187024016
36,36,audio__female,What's the minor league in baseball called?,7,1,2,the,minor,0.1927078235894441,0.1927078235894441,1.0,0.2726043462753296,0.2213580906391143,0.7273956537246704,0.7786419093608856,-0.0512462556362152,0.4613333333333333,0.551625,0.7321666666666666,0.8224583333333333,0.0902916666666666,1.7268625019933097
37,37,audio__female,What if humanity were actually evil and exclusive?,8,7,1,exclusive?,if,0.1527442838996648,0.1527442838996648,1.0,0.165583074092865,0.0437742248177528,0.834416925907135,0.9562257751822472,-0.1218088492751121,2.270875,2.993958333333333,0.1056666666666666,0.82875,0.7230833333333333,1.935544747975655
38,38,audio__female,How provinces are there in China?,6,1,0,provinces,How,0.2514183223247528,0.2514183223247528,1.0,0.1295451819896698,0.0645585283637046,0.8704548180103302,0.9354414716362952,-0.0649866536259651,0.3619166666666666,0.8900833333333333,0.0,0.5281666666666667,0.5281666666666667,1.815259121998679
39,39,audio__female,How does metabolism work?,4,0,1,How,does,0.2874203026294708,0.2874203026294708,1.0,0.2582495808601379,0.3674021065235138,0.7417504191398621,0.6325978934764862,0.1091525256633758,0.1010833333333333,0.3219166666666667,0.343625,0.5644583333333333,0.2208333333333333,1.8971887999796309
40,40,audio__female,What is the most valuable comic book?,7,1,5,is,comic,0.1954707829281687,0.1954707829281687,1.0,0.1311053931713104,0.5837305188179016,0.8688946068286896,0.4162694811820984,0.4526251256465912,0.4025416666666667,0.5233333333333333,1.60025,1.7210416666666666,0.1207916666666666,1.906371298013255
41,41,audio__female,Why hyperkalemia causes paralysis?,4,1,3,hyperkalemia,paralysis?,0.4238653918728232,0.4238653918728232,1.0000001192092896,0.0604089424014091,0.1654155552387237,0.9395911768078804,0.8345845639705658,0.1050066128373146,0.4544583333333333,1.3112916666666667,1.6800416666666669,2.536875,0.8568333333333333,1.819514897011686
42,42,audio__female,When was cricket invented?,4,1,3,was,invented?,0.3683355166576803,0.3683355166576803,1.000000238418579,0.8130243420600891,1.000000238418579,0.18697589635849,0.0,0.18697589635849,0.4154583333333333,0.5471666666666667,1.2813333333333334,1.4130416666666668,0.1317083333333333,1.9693049670313485
43,43,audio__female,When did Sardinia become part of Italy?,7,4,5,part,of,0.1926984563469886,0.1926984563469886,1.0,0.2018393874168396,0.2178677469491958,0.7981606125831604,0.7821322530508041,0.0160283595323562,1.5490416666666669,1.770333333333333,1.7450416666666666,1.9663333333333333,0.2212916666666666,1.8643819350400008
45,45,audio__female,List of former airlines,4,3,2,airlines,former,0.2792799770832062,0.2792799770832062,1.0,0.0361124314367771,0.1822539865970611,0.9638875685632228,0.8177460134029388,0.146141555160284,1.0442083333333334,1.7668333333333333,0.462,1.184625,0.722625,1.9855015500215811
47,47,audio__female,Who runs the Catholic Church?,5,1,3,runs,Catholic,0.2463287115097046,0.2463287115097046,1.0,0.2729319334030151,0.3179537951946258,0.7270680665969849,0.6820462048053741,0.0450218617916107,0.4615833333333333,0.7625833333333333,1.0335416666666666,1.3345416666666667,0.301,1.971066277008504
50,50,audio__female,What is a technate?,4,1,3,is,technate?,0.331654567271471,0.331654567271471,1.0,0.1004735380411148,0.1753564029932022,0.8995264619588852,0.8246435970067978,0.0748828649520874,0.405625,0.5272916666666667,0.9593333333333334,1.081,0.1216666666666666,1.8888288220041431
51,51,audio__female,What is encryption?,3,1,2,is,encryption?,0.4691793210804462,0.4691793210804462,1.0,0.7545939683914185,0.635911762714386,0.2454060316085815,0.364088237285614,-0.1186822056770324,0.4066666666666667,0.528625,0.960125,1.0820833333333333,0.1219583333333333,1.864828597055748
